[2026-01-28T11:03:41+0000] [PACMAN] Running 'pacman -b /mnt//var/lib/pacman/ -r /mnt -Sy --noconfirm --needed --config=/tmp/pacman.conf.Eo6H --disable-sandbox --noconfirm --cachedir=/mnt//var/cache/pacman/pkg/ base sudo linux-firmware linux amd-ucode'
[2026-01-28T11:03:41+0000] [PACMAN] synchronizing package lists
[2026-01-28T11:22:23+0000] [PACMAN] Running 'pacman -b /mnt//var/lib/pacman/ -r /mnt -Sy --noconfirm --needed --config=/tmp/pacman.conf.4Z2p --disable-sandbox --noconfirm --cachedir=/mnt//var/cache/pacman/pkg/ base sudo linux-firmware linux amd-ucode'
[2026-01-28T11:22:23+0000] [PACMAN] synchronizing package lists
[2026-01-28T11:26:42+0000] [ALPM] transaction started
[2026-01-28T11:26:42+0000] [ALPM] installed iana-etc (20251215-1)
[2026-01-28T11:26:42+0000] [ALPM] installed filesystem (2025.10.12-1)
[2026-01-28T11:26:42+0000] [ALPM] installed linux-api-headers (6.18-1)
[2026-01-28T11:26:42+0000] [ALPM] installed tzdata (2025c-1)
[2026-01-28T11:26:42+0000] [ALPM] installed glibc (2.42+r51+gcbf39c26b258-2)
[2026-01-28T11:26:42+0000] [ALPM] installed gcc-libs (15.2.1+r447+g6a64f6c3ebb8-1)
[2026-01-28T11:26:42+0000] [ALPM] installed ncurses (6.5-4)
[2026-01-28T11:26:42+0000] [ALPM] installed readline (8.3.003-1)
[2026-01-28T11:26:42+0000] [ALPM] installed bash (5.3.9-1)
[2026-01-28T11:26:42+0000] [ALPM] installed acl (2.3.2-1)
[2026-01-28T11:26:42+0000] [ALPM] installed attr (2.5.2-1)
[2026-01-28T11:26:42+0000] [ALPM] installed gmp (6.3.0-2)
[2026-01-28T11:26:42+0000] [ALPM] installed zlib (1:1.3.1-2)
[2026-01-28T11:26:43+0000] [ALPM] installed sqlite (3.51.2-1)
[2026-01-28T11:26:43+0000] [ALPM] installed util-linux-libs (2.41.3-2)
[2026-01-28T11:26:43+0000] [ALPM] installed e2fsprogs (1.47.3-2)
[2026-01-28T11:26:43+0000] [ALPM] installed keyutils (1.6.3-3)
[2026-01-28T11:26:43+0000] [ALPM] installed gdbm (1.26-2)
[2026-01-28T11:26:43+0000] [ALPM] installed openssl (3.6.1-1)
[2026-01-28T11:26:43+0000] [ALPM] installed libsasl (2.1.28-5)
[2026-01-28T11:26:43+0000] [ALPM] installed libldap (2.6.10-2)
[2026-01-28T11:26:43+0000] [ALPM] installed libevent (2.1.12-5)
[2026-01-28T11:26:43+0000] [ALPM] installed libverto (0.3.2-5)
[2026-01-28T11:26:43+0000] [ALPM] installed lmdb (0.9.33-1)
[2026-01-28T11:26:43+0000] [ALPM] installed krb5 (1.21.3-2)
[2026-01-28T11:26:43+0000] [ALPM] installed libcap-ng (0.9-1)
[2026-01-28T11:26:43+0000] [ALPM] installed audit (4.1.2-2)
[2026-01-28T11:26:43+0000] [ALPM] installed libxcrypt (4.5.2-1)
[2026-01-28T11:26:43+0000] [ALPM] installed libtirpc (1.3.7-1)
[2026-01-28T11:26:43+0000] [ALPM] installed libnsl (2.0.1-1)
[2026-01-28T11:26:43+0000] [ALPM] installed pambase (20250719-1)
[2026-01-28T11:26:43+0000] [ALPM] installed libgpg-error (1.58-1)
[2026-01-28T11:26:43+0000] [ALPM] installed libgcrypt (1.11.2-1)
[2026-01-28T11:26:43+0000] [ALPM] installed lz4 (1:1.10.0-2)
[2026-01-28T11:26:43+0000] [ALPM] installed xz (5.8.2-1)
[2026-01-28T11:26:43+0000] [ALPM] installed zstd (1.5.7-2)
[2026-01-28T11:26:43+0000] [ALPM] installed systemd-libs (259-2)
[2026-01-28T11:26:43+0000] [ALPM] installed pam (1.7.2-2)
[2026-01-28T11:26:43+0000] [ALPM] installed libcap (2.77-1)
[2026-01-28T11:26:43+0000] [ALPM] installed coreutils (9.9-1)
[2026-01-28T11:26:43+0000] [ALPM] installed bzip2 (1.0.8-6)
[2026-01-28T11:26:43+0000] [ALPM] installed libseccomp (2.6.0-1)
[2026-01-28T11:26:43+0000] [ALPM] installed file (5.46-5)
[2026-01-28T11:26:43+0000] [ALPM] installed findutils (4.10.0-3)
[2026-01-28T11:26:43+0000] [ALPM] installed mpfr (4.2.2-1)
[2026-01-28T11:26:43+0000] [ALPM] installed gawk (5.3.2-1)
[2026-01-28T11:26:43+0000] [ALPM] installed pcre2 (10.47-1)
[2026-01-28T11:26:43+0000] [ALPM] installed grep (3.12-2)
[2026-01-28T11:26:43+0000] [ALPM] installed procps-ng (4.0.5-3)
[2026-01-28T11:26:43+0000] [ALPM] installed sed (4.9-3)
[2026-01-28T11:26:43+0000] [ALPM] installed tar (1.35-2)
[2026-01-28T11:26:43+0000] [ALPM] installed gnulib-l10n (20241231-1)
[2026-01-28T11:26:43+0000] [ALPM] installed libunistring (1.3-1)
[2026-01-28T11:26:43+0000] [ALPM] installed icu (78.2-1)
[2026-01-28T11:26:43+0000] [ALPM] installed libxml2 (2.15.1-5)
[2026-01-28T11:26:43+0000] [ALPM] installed gettext (0.26-1)
[2026-01-28T11:26:43+0000] [ALPM] installed hwdata (0.403-1)
[2026-01-28T11:26:43+0000] [ALPM] installed kmod (34.2-1)
[2026-01-28T11:26:43+0000] [ALPM] installed pciutils (3.14.0-1)
[2026-01-28T11:26:43+0000] [ALPM] installed psmisc (23.7-1)
[2026-01-28T11:26:43+0000] [ALPM] installed shadow (4.18.0-1)
[2026-01-28T11:26:43+0000] [ALPM] installed util-linux (2.41.3-2)
[2026-01-28T11:26:43+0000] [ALPM] installed gzip (1.14-2)
[2026-01-28T11:26:43+0000] [ALPM] installed licenses (20240728-1)
[2026-01-28T11:26:43+0000] [ALPM] installed libtasn1 (4.21.0-1)
[2026-01-28T11:26:43+0000] [ALPM] installed libffi (3.5.2-1)
[2026-01-28T11:26:43+0000] [ALPM] installed libp11-kit (0.26.1-1)
[2026-01-28T11:26:43+0000] [ALPM] installed p11-kit (0.26.1-1)
[2026-01-28T11:26:43+0000] [ALPM] installed ca-certificates-utils (20240618-1)
[2026-01-28T11:26:43+0000] [ALPM] installed ca-certificates-mozilla (3.120-1)
[2026-01-28T11:26:43+0000] [ALPM] installed ca-certificates (20240618-1)
[2026-01-28T11:26:43+0000] [ALPM] installed brotli (1.2.0-1)
[2026-01-28T11:26:43+0000] [ALPM] installed libidn2 (2.3.8-1)
[2026-01-28T11:26:43+0000] [ALPM] installed libnghttp2 (1.68.0-1)
[2026-01-28T11:26:43+0000] [ALPM] installed libnghttp3 (1.15.0-1)
[2026-01-28T11:26:43+0000] [ALPM] installed nettle (3.10.2-1)
[2026-01-28T11:26:43+0000] [ALPM] installed leancrypto (1.6.0-1)
[2026-01-28T11:26:44+0000] [ALPM] installed gnutls (3.8.11-2)
[2026-01-28T11:26:44+0000] [ALPM] installed libngtcp2 (1.20.0-1)
[2026-01-28T11:26:44+0000] [ALPM] installed libpsl (0.21.5-2)
[2026-01-28T11:26:44+0000] [ALPM] installed libssh2 (1.11.1-1)
[2026-01-28T11:26:44+0000] [ALPM] installed curl (8.18.0-2)
[2026-01-28T11:26:44+0000] [ALPM] installed libksba (1.6.7-2)
[2026-01-28T11:26:44+0000] [ALPM] installed libusb (1.0.29-1)
[2026-01-28T11:26:44+0000] [ALPM] installed libassuan (3.0.0-1)
[2026-01-28T11:26:44+0000] [ALPM] installed libsysprof-capture (49.0-1)
[2026-01-28T11:26:44+0000] [ALPM] installed glib2 (2.86.3-2)
[2026-01-28T11:26:44+0000] [ALPM] installed json-c (0.18-2)
[2026-01-28T11:26:44+0000] [ALPM] installed tpm2-tss (4.1.3-1)
[2026-01-28T11:26:44+0000] [ALPM] installed libsecret (0.21.7-1)
[2026-01-28T11:26:44+0000] [ALPM] installed pinentry (1.3.2-2)
[2026-01-28T11:26:44+0000] [ALPM] installed npth (1.8-1)
[2026-01-28T11:26:44+0000] [ALPM] installed gnupg (2.4.9-1)
[2026-01-28T11:26:44+0000] [ALPM] installed gpgme (2.0.1-1)
[2026-01-28T11:26:44+0000] [ALPM] installed libarchive (3.8.5-1)
[2026-01-28T11:26:44+0000] [ALPM] installed pacman-mirrorlist (20260105-1)
[2026-01-28T11:26:44+0000] [ALPM] installed device-mapper (2.03.38-1)
[2026-01-28T11:26:44+0000] [ALPM] installed popt (1.19-2)
[2026-01-28T11:26:44+0000] [ALPM] installed cryptsetup (2.8.4-1)
[2026-01-28T11:26:44+0000] [ALPM] installed expat (2.7.3-1)
[2026-01-28T11:26:44+0000] [ALPM] installed dbus (1.16.2-1)
[2026-01-28T11:26:44+0000] [ALPM] installed dbus-broker (37-2)
[2026-01-28T11:26:44+0000] [ALPM] installed dbus-broker-units (37-2)
[2026-01-28T11:26:44+0000] [ALPM] installed dbus-units (37-2)
[2026-01-28T11:26:44+0000] [ALPM] installed kbd (2.9.0-1)
[2026-01-28T11:26:44+0000] [ALPM] installed libelf (0.194-1)
[2026-01-28T11:26:44+0000] [ALPM] installed systemd (259-2)
[2026-01-28T11:26:44+0000] [ALPM-SCRIPTLET] Initializing machine ID from random generator.
[2026-01-28T11:26:44+0000] [ALPM-SCRIPTLET] Creating group 'sys' with GID 3.
[2026-01-28T11:26:44+0000] [ALPM-SCRIPTLET] Creating group 'mem' with GID 8.
[2026-01-28T11:26:44+0000] [ALPM-SCRIPTLET] Creating group 'ftp' with GID 11.
[2026-01-28T11:26:44+0000] [ALPM-SCRIPTLET] Creating group 'mail' with GID 12.
[2026-01-28T11:26:44+0000] [ALPM-SCRIPTLET] Creating group 'log' with GID 19.
[2026-01-28T11:26:44+0000] [ALPM-SCRIPTLET] Creating group 'smmsp' with GID 25.
[2026-01-28T11:26:44+0000] [ALPM-SCRIPTLET] Creating group 'proc' with GID 26.
[2026-01-28T11:26:44+0000] [ALPM-SCRIPTLET] Creating group 'games' with GID 50.
[2026-01-28T11:26:44+0000] [ALPM-SCRIPTLET] Creating group 'lock' with GID 54.
[2026-01-28T11:26:44+0000] [ALPM-SCRIPTLET] Creating group 'network' with GID 90.
[2026-01-28T11:26:44+0000] [ALPM-SCRIPTLET] Creating group 'floppy' with GID 94.
[2026-01-28T11:26:44+0000] [ALPM-SCRIPTLET] Creating group 'scanner' with GID 96.
[2026-01-28T11:26:44+0000] [ALPM-SCRIPTLET] Creating group 'power' with GID 98.
[2026-01-28T11:26:44+0000] [ALPM-SCRIPTLET] Creating group 'nobody' with GID 65534.
[2026-01-28T11:26:44+0000] [ALPM-SCRIPTLET] Creating group 'adm' with GID 999.
[2026-01-28T11:26:44+0000] [ALPM-SCRIPTLET] Creating group 'wheel' with GID 998.
[2026-01-28T11:26:44+0000] [ALPM-SCRIPTLET] Creating group 'empower' with GID 997.
[2026-01-28T11:26:44+0000] [ALPM-SCRIPTLET] Creating group 'utmp' with GID 996.
[2026-01-28T11:26:44+0000] [ALPM-SCRIPTLET] Creating group 'audio' with GID 995.
[2026-01-28T11:26:44+0000] [ALPM-SCRIPTLET] Creating group 'clock' with GID 994.
[2026-01-28T11:26:44+0000] [ALPM-SCRIPTLET] Creating group 'disk' with GID 993.
[2026-01-28T11:26:44+0000] [ALPM-SCRIPTLET] Creating group 'input' with GID 992.
[2026-01-28T11:26:44+0000] [ALPM-SCRIPTLET] Creating group 'kmem' with GID 991.
[2026-01-28T11:26:44+0000] [ALPM-SCRIPTLET] Creating group 'kvm' with GID 990.
[2026-01-28T11:26:44+0000] [ALPM-SCRIPTLET] Creating group 'lp' with GID 989.
[2026-01-28T11:26:44+0000] [ALPM-SCRIPTLET] Creating group 'optical' with GID 988.
[2026-01-28T11:26:44+0000] [ALPM-SCRIPTLET] Creating group 'render' with GID 987.
[2026-01-28T11:26:44+0000] [ALPM-SCRIPTLET] Creating group 'sgx' with GID 986.
[2026-01-28T11:26:44+0000] [ALPM-SCRIPTLET] Creating group 'storage' with GID 985.
[2026-01-28T11:26:44+0000] [ALPM-SCRIPTLET] Creating group 'tty' with GID 5.
[2026-01-28T11:26:44+0000] [ALPM-SCRIPTLET] Creating group 'uucp' with GID 984.
[2026-01-28T11:26:44+0000] [ALPM-SCRIPTLET] Creating group 'video' with GID 983.
[2026-01-28T11:26:44+0000] [ALPM-SCRIPTLET] Creating group 'users' with GID 982.
[2026-01-28T11:26:44+0000] [ALPM-SCRIPTLET] Creating group 'groups' with GID 981.
[2026-01-28T11:26:44+0000] [ALPM-SCRIPTLET] Creating group 'systemd-journal' with GID 980.
[2026-01-28T11:26:44+0000] [ALPM-SCRIPTLET] Creating group 'rfkill' with GID 979.
[2026-01-28T11:26:44+0000] [ALPM-SCRIPTLET] Creating group 'bin' with GID 1.
[2026-01-28T11:26:44+0000] [ALPM-SCRIPTLET] Creating user 'bin' (n/a) with UID 1 and GID 1.
[2026-01-28T11:26:44+0000] [ALPM-SCRIPTLET] Creating group 'daemon' with GID 2.
[2026-01-28T11:26:44+0000] [ALPM-SCRIPTLET] Creating user 'daemon' (n/a) with UID 2 and GID 2.
[2026-01-28T11:26:44+0000] [ALPM-SCRIPTLET] Creating user 'mail' (n/a) with UID 8 and GID 12.
[2026-01-28T11:26:44+0000] [ALPM-SCRIPTLET] Creating user 'ftp' (n/a) with UID 14 and GID 11.
[2026-01-28T11:26:44+0000] [ALPM-SCRIPTLET] Creating group 'http' with GID 33.
[2026-01-28T11:26:44+0000] [ALPM-SCRIPTLET] Creating user 'http' (n/a) with UID 33 and GID 33.
[2026-01-28T11:26:44+0000] [ALPM-SCRIPTLET] Creating user 'nobody' (Kernel Overflow User) with UID 65534 and GID 65534.
[2026-01-28T11:26:44+0000] [ALPM-SCRIPTLET] Creating group 'dbus' with GID 81.
[2026-01-28T11:26:44+0000] [ALPM-SCRIPTLET] Creating user 'dbus' (System Message Bus) with UID 81 and GID 81.
[2026-01-28T11:26:44+0000] [ALPM-SCRIPTLET] Creating group 'systemd-coredump' with GID 978.
[2026-01-28T11:26:44+0000] [ALPM-SCRIPTLET] Creating user 'systemd-coredump' (systemd Core Dumper) with UID 978 and GID 978.
[2026-01-28T11:26:44+0000] [ALPM-SCRIPTLET] Creating group 'systemd-network' with GID 977.
[2026-01-28T11:26:44+0000] [ALPM-SCRIPTLET] Creating user 'systemd-network' (systemd Network Management) with UID 977 and GID 977.
[2026-01-28T11:26:44+0000] [ALPM-SCRIPTLET] Creating group 'systemd-oom' with GID 976.
[2026-01-28T11:26:44+0000] [ALPM-SCRIPTLET] Creating user 'systemd-oom' (systemd Userspace OOM Killer) with UID 976 and GID 976.
[2026-01-28T11:26:44+0000] [ALPM-SCRIPTLET] Creating group 'systemd-journal-remote' with GID 975.
[2026-01-28T11:26:44+0000] [ALPM-SCRIPTLET] Creating user 'systemd-journal-remote' (systemd Journal Remote) with UID 975 and GID 975.
[2026-01-28T11:26:44+0000] [ALPM-SCRIPTLET] Creating group 'systemd-resolve' with GID 974.
[2026-01-28T11:26:44+0000] [ALPM-SCRIPTLET] Creating user 'systemd-resolve' (systemd Resolver) with UID 974 and GID 974.
[2026-01-28T11:26:44+0000] [ALPM-SCRIPTLET] Creating group 'systemd-timesync' with GID 973.
[2026-01-28T11:26:44+0000] [ALPM-SCRIPTLET] Creating user 'systemd-timesync' (systemd Time Synchronization) with UID 973 and GID 973.
[2026-01-28T11:26:44+0000] [ALPM-SCRIPTLET] Creating group 'tss' with GID 972.
[2026-01-28T11:26:44+0000] [ALPM-SCRIPTLET] Creating user 'tss' (tss user for tpm2) with UID 972 and GID 972.
[2026-01-28T11:26:44+0000] [ALPM-SCRIPTLET] Creating group 'uuidd' with GID 971.
[2026-01-28T11:26:44+0000] [ALPM-SCRIPTLET] Creating user 'uuidd' (UUID generator helper daemon) with UID 971 and GID 971.
[2026-01-28T11:26:44+0000] [ALPM-SCRIPTLET] Created symlink '/etc/systemd/system/getty.target.wants/getty@tty1.service' -> '/usr/lib/systemd/system/getty@.service'.
[2026-01-28T11:26:44+0000] [ALPM-SCRIPTLET] Created symlink '/etc/systemd/system/multi-user.target.wants/remote-fs.target' -> '/usr/lib/systemd/system/remote-fs.target'.
[2026-01-28T11:26:44+0000] [ALPM-SCRIPTLET] Created symlink '/etc/systemd/system/sockets.target.wants/systemd-userdbd.socket' -> '/usr/lib/systemd/system/systemd-userdbd.socket'.
[2026-01-28T11:26:44+0000] [ALPM] installed jansson (2.15.0-1)
[2026-01-28T11:26:44+0000] [ALPM] installed binutils (2.45.1+r35+g12d0a1dbc1b9-1)
[2026-01-28T11:26:44+0000] [ALPM] installed libmakepkg-dropins (18-1)
[2026-01-28T11:26:44+0000] [ALPM] installed pacman (7.1.0.r9.g54d9411-1)
[2026-01-28T11:26:44+0000] [ALPM] installed archlinux-keyring (20260107-2)
[2026-01-28T11:26:44+0000] [ALPM-SCRIPTLET] ==> Appending keys from archlinux.gpg...
[2026-01-28T11:26:47+0000] [ALPM-SCRIPTLET] ==> Locally signing trusted keys in keyring...
[2026-01-28T11:26:47+0000] [ALPM-SCRIPTLET]   -> Locally signed 5 keys.
[2026-01-28T11:26:47+0000] [ALPM-SCRIPTLET] ==> Importing owner trust values...
[2026-01-28T11:26:47+0000] [ALPM-SCRIPTLET] gpg: setting ownertrust to 4
[2026-01-28T11:26:47+0000] [ALPM-SCRIPTLET] gpg: setting ownertrust to 4
[2026-01-28T11:26:47+0000] [ALPM-SCRIPTLET] gpg: setting ownertrust to 4
[2026-01-28T11:26:47+0000] [ALPM-SCRIPTLET] gpg: inserting ownertrust of 4
[2026-01-28T11:26:47+0000] [ALPM-SCRIPTLET] gpg: setting ownertrust to 4
[2026-01-28T11:26:47+0000] [ALPM-SCRIPTLET] ==> Disabling revoked keys in keyring...
[2026-01-28T11:26:47+0000] [ALPM-SCRIPTLET]   -> Disabled 51 keys.
[2026-01-28T11:26:47+0000] [ALPM-SCRIPTLET] ==> Updating trust database...
[2026-01-28T11:26:47+0000] [ALPM-SCRIPTLET] gpg: Note: third-party key signatures using the SHA1 algorithm are rejected
[2026-01-28T11:26:47+0000] [ALPM-SCRIPTLET] gpg: (use option "--allow-weak-key-signatures" to override)
[2026-01-28T11:26:47+0000] [ALPM-SCRIPTLET] gpg: marginals needed: 3  completes needed: 1  trust model: pgp
[2026-01-28T11:26:47+0000] [ALPM-SCRIPTLET] gpg: depth: 0  valid:   1  signed:   5  trust: 0-, 0q, 0n, 0m, 0f, 1u
[2026-01-28T11:26:47+0000] [ALPM-SCRIPTLET] gpg: depth: 1  valid:   5  signed: 103  trust: 0-, 0q, 0n, 5m, 0f, 0u
[2026-01-28T11:26:47+0000] [ALPM-SCRIPTLET] gpg: depth: 2  valid:  76  signed:  19  trust: 76-, 0q, 0n, 0m, 0f, 0u
[2026-01-28T11:26:47+0000] [ALPM-SCRIPTLET] gpg: next trustdb check due at 2026-01-30
[2026-01-28T11:26:47+0000] [ALPM] installed systemd-sysvcompat (259-2)
[2026-01-28T11:26:47+0000] [ALPM] installed iputils (20250605-1)
[2026-01-28T11:26:47+0000] [ALPM] installed libmnl (1.0.5-2)
[2026-01-28T11:26:47+0000] [ALPM] installed libnftnl (1.3.1-1)
[2026-01-28T11:26:47+0000] [ALPM] installed libnl (3.12.0-1)
[2026-01-28T11:26:47+0000] [ALPM] installed libpcap (1.10.6-1)
[2026-01-28T11:26:47+0000] [ALPM] installed libnfnetlink (1.0.2-2)
[2026-01-28T11:26:47+0000] [ALPM] installed libnetfilter_conntrack (1.0.9-2)
[2026-01-28T11:26:47+0000] [ALPM] installed iptables (1:1.8.11-2)
[2026-01-28T11:26:47+0000] [ALPM] installed libbpf (1.6.2-1)
[2026-01-28T11:26:47+0000] [ALPM] installed iproute2 (6.18.0-1)
[2026-01-28T11:26:47+0000] [ALPM] installed base (3-2)
[2026-01-28T11:26:47+0000] [ALPM] installed sudo (1.9.17.p2-2)
[2026-01-28T11:26:47+0000] [ALPM] installed linux-firmware-whence (20260110-1)
[2026-01-28T11:26:47+0000] [ALPM] installed linux-firmware-amdgpu (20260110-1)
[2026-01-28T11:26:47+0000] [ALPM] installed linux-firmware-atheros (20260110-1)
[2026-01-28T11:26:48+0000] [ALPM] installed linux-firmware-broadcom (20260110-1)
[2026-01-28T11:26:48+0000] [ALPM] installed linux-firmware-cirrus (20260110-1)
[2026-01-28T11:26:48+0000] [ALPM] installed linux-firmware-intel (20260110-1)
[2026-01-28T11:26:48+0000] [ALPM] installed linux-firmware-mediatek (20260110-1)
[2026-01-28T11:26:48+0000] [ALPM] installed linux-firmware-nvidia (20260110-1)
[2026-01-28T11:26:48+0000] [ALPM] installed linux-firmware-other (20260110-1)
[2026-01-28T11:26:48+0000] [ALPM] installed linux-firmware-radeon (20260110-1)
[2026-01-28T11:26:48+0000] [ALPM] installed linux-firmware-realtek (20260110-1)
[2026-01-28T11:26:48+0000] [ALPM] installed linux-firmware (20260110-1)
[2026-01-28T11:26:48+0000] [ALPM] installed mkinitcpio-busybox (1.36.1-1)
[2026-01-28T11:26:48+0000] [ALPM] installed diffutils (3.12-2)
[2026-01-28T11:26:48+0000] [ALPM] installed mkinitcpio (40-4)
[2026-01-28T11:26:48+0000] [ALPM] installed linux (6.18.6.arch1-1)
[2026-01-28T11:26:48+0000] [ALPM] installed amd-ucode (20260110-1)
[2026-01-28T11:26:49+0000] [ALPM] transaction completed
[2026-01-28T11:26:49+0000] [ALPM] running '20-systemd-sysusers.hook'...
[2026-01-28T11:26:49+0000] [ALPM-SCRIPTLET] Creating group 'alpm' with GID 970.
[2026-01-28T11:26:49+0000] [ALPM-SCRIPTLET] Creating user 'alpm' (Arch Linux Package Management) with UID 970 and GID 970.
[2026-01-28T11:26:49+0000] [ALPM] running '21-systemd-tmpfiles.hook'...
[2026-01-28T11:26:49+0000] [ALPM] running '25-systemd-catalog.hook'...
[2026-01-28T11:26:49+0000] [ALPM] running '25-systemd-hwdb.hook'...
[2026-01-28T11:26:49+0000] [ALPM] running '25-systemd-sysctl.hook'...
[2026-01-28T11:26:49+0000] [ALPM-SCRIPTLET]   Skipped: Running in chroot.
[2026-01-28T11:26:49+0000] [ALPM] running '30-systemd-daemon-reload-system.hook'...
[2026-01-28T11:26:49+0000] [ALPM-SCRIPTLET]   Skipped: Running in chroot.
[2026-01-28T11:26:49+0000] [ALPM] running '30-systemd-daemon-reload-user.hook'...
[2026-01-28T11:26:49+0000] [ALPM-SCRIPTLET]   Skipped: Running in chroot.
[2026-01-28T11:26:49+0000] [ALPM] running '35-systemd-udev-reload.hook'...
[2026-01-28T11:26:49+0000] [ALPM-SCRIPTLET]   Skipped: Running in chroot.
[2026-01-28T11:26:49+0000] [ALPM] running '35-systemd-update.hook'...
[2026-01-28T11:26:49+0000] [ALPM] running '40-update-ca-trust.hook'...
[2026-01-28T11:26:50+0000] [ALPM] running '60-depmod.hook'...
[2026-01-28T11:26:51+0000] [ALPM] running '90-mkinitcpio-install.hook'...
[2026-01-28T11:26:51+0000] [ALPM-SCRIPTLET] ==> Building image from preset: /etc/mkinitcpio.d/linux.preset: 'default'
[2026-01-28T11:26:51+0000] [ALPM-SCRIPTLET] ==> Using default configuration file: '/etc/mkinitcpio.conf'
[2026-01-28T11:26:51+0000] [ALPM-SCRIPTLET]   -> -k /boot/vmlinuz-linux -g /boot/initramfs-linux.img
[2026-01-28T11:26:51+0000] [ALPM-SCRIPTLET] ==> Starting build: '6.18.6-arch1-1'
[2026-01-28T11:26:51+0000] [ALPM-SCRIPTLET]   -> Running build hook: [base]
[2026-01-28T11:26:52+0000] [ALPM-SCRIPTLET]   -> Running build hook: [systemd]
[2026-01-28T11:26:53+0000] [ALPM-SCRIPTLET]   -> Running build hook: [autodetect]
[2026-01-28T11:26:53+0000] [ALPM-SCRIPTLET]   -> Running build hook: [microcode]
[2026-01-28T11:26:53+0000] [ALPM-SCRIPTLET]   -> Running build hook: [modconf]
[2026-01-28T11:26:53+0000] [ALPM-SCRIPTLET]   -> Running build hook: [kms]
[2026-01-28T11:26:56+0000] [ALPM-SCRIPTLET]   -> Running build hook: [keyboard]
[2026-01-28T11:26:57+0000] [ALPM-SCRIPTLET]   -> Running build hook: [keymap]
[2026-01-28T11:26:57+0000] [ALPM-SCRIPTLET]   -> Running build hook: [sd-vconsole]
[2026-01-28T11:26:57+0000] [ALPM-SCRIPTLET]   -> Running build hook: [block]
[2026-01-28T11:26:57+0000] [ALPM-SCRIPTLET]   -> Running build hook: [filesystems]
[2026-01-28T11:26:57+0000] [ALPM-SCRIPTLET]   -> Running build hook: [fsck]
[2026-01-28T11:26:57+0000] [ALPM-SCRIPTLET] ==> Generating module dependencies
[2026-01-28T11:26:57+0000] [ALPM-SCRIPTLET] ==> Creating zstd-compressed initcpio image: '/boot/initramfs-linux.img'
[2026-01-28T11:26:58+0000] [ALPM-SCRIPTLET]   -> Early uncompressed CPIO image generation successful
[2026-01-28T11:26:58+0000] [ALPM-SCRIPTLET] ==> Initcpio image generation successful
[2026-01-28T11:26:58+0000] [ALPM] running 'dbus-reload.hook'...
[2026-01-28T11:26:58+0000] [ALPM-SCRIPTLET]   Skipped: Running in chroot.
[2026-01-28T11:27:09+0000] [PACMAN] Running 'pacman -b /mnt//var/lib/pacman/ -r /mnt -Sy --noconfirm --needed --config=/tmp/pacman.conf.gD7d --disable-sandbox --noconfirm --cachedir=/mnt//var/cache/pacman/pkg/ zram-generator'
[2026-01-28T11:27:09+0000] [PACMAN] synchronizing package lists
[2026-01-28T11:27:17+0000] [ALPM] transaction started
[2026-01-28T11:27:17+0000] [ALPM] installed zram-generator (1.2.1-1)
[2026-01-28T11:27:17+0000] [ALPM] transaction completed
[2026-01-28T11:27:17+0000] [ALPM] running '30-systemd-daemon-reload-system.hook'...
[2026-01-28T11:27:17+0000] [ALPM-SCRIPTLET]   Skipped: Running in chroot.
[2026-01-28T11:27:17+0000] [ALPM] running '35-systemd-update.hook'...
[2026-01-28T11:27:17+0000] [PACMAN] Running 'pacman -b /mnt//var/lib/pacman/ -r /mnt -Sy --noconfirm --needed --config=/tmp/pacman.conf.GkoK --disable-sandbox --noconfirm --cachedir=/mnt//var/cache/pacman/pkg/ grub'
[2026-01-28T11:27:17+0000] [PACMAN] synchronizing package lists
[2026-01-28T11:27:52+0000] [ALPM] transaction started
[2026-01-28T11:27:52+0000] [ALPM] installed grub (2:2.14-1)
[2026-01-28T11:27:52+0000] [ALPM-SCRIPTLET] :: Install your bootloader and generate configuration with:
[2026-01-28T11:27:52+0000] [ALPM-SCRIPTLET]      # grub-install ...
[2026-01-28T11:27:52+0000] [ALPM-SCRIPTLET]      # grub-mkconfig -o /boot/grub/grub.cfg
[2026-01-28T11:27:53+0000] [ALPM] transaction completed
[2026-01-28T11:27:53+0000] [ALPM] running '35-systemd-update.hook'...
[2026-01-28T11:27:53+0000] [PACMAN] Running 'pacman -b /mnt//var/lib/pacman/ -r /mnt -Sy --noconfirm --needed --config=/tmp/pacman.conf.YZ1a --disable-sandbox --noconfirm --cachedir=/mnt//var/cache/pacman/pkg/ grub'
[2026-01-28T11:27:53+0000] [PACMAN] synchronizing package lists
[2026-01-28T11:27:54+0000] [PACMAN] Running 'pacman -b /mnt//var/lib/pacman/ -r /mnt -Sy --noconfirm --needed --config=/tmp/pacman.conf.FRUi --disable-sandbox --noconfirm --cachedir=/mnt//var/cache/pacman/pkg/ efibootmgr'
[2026-01-28T11:27:54+0000] [PACMAN] synchronizing package lists
[2026-01-28T11:27:57+0000] [ALPM] transaction started
[2026-01-28T11:27:57+0000] [ALPM] installed efivar (39-1)
[2026-01-28T11:27:57+0000] [ALPM] installed efibootmgr (18-3)
[2026-01-28T11:27:57+0000] [ALPM] transaction completed
[2026-01-28T11:27:57+0000] [ALPM] running '35-systemd-update.hook'...
[2026-01-28T11:28:00+0000] [PACMAN] Running 'pacman -b /mnt//var/lib/pacman/ -r /mnt -Sy --noconfirm --needed --config=/tmp/pacman.conf.XQVU --disable-sandbox --noconfirm --cachedir=/mnt//var/cache/pacman/pkg/ networkmanager wpa_supplicant'
[2026-01-28T11:28:00+0000] [PACMAN] synchronizing package lists
[2026-01-28T11:28:45+0000] [ALPM] transaction started
[2026-01-28T11:28:45+0000] [ALPM] installed libmm-glib (1.24.2-1)
[2026-01-28T11:28:45+0000] [ALPM] installed libndp (1.9-1)
[2026-01-28T11:28:45+0000] [ALPM] installed gpm (1.20.7.r38.ge82d1a6-6)
[2026-01-28T11:28:45+0000] [ALPM] installed pcre (8.45-4)
[2026-01-28T11:28:45+0000] [ALPM] installed slang (2.3.3-4)
[2026-01-28T11:28:45+0000] [ALPM] installed libnewt (0.52.25-2)
[2026-01-28T11:28:45+0000] [ALPM] installed nspr (4.38.2-1)
[2026-01-28T11:28:45+0000] [ALPM] installed nss (3.120-1)
[2026-01-28T11:28:45+0000] [ALPM] installed libnm (1.54.3-1)
[2026-01-28T11:28:45+0000] [ALPM] installed libdaemon (0.14-6)
[2026-01-28T11:28:45+0000] [ALPM] installed libsodium (1.0.20-1)
[2026-01-28T11:28:45+0000] [ALPM] installed libpgm (5.3.128-3)
[2026-01-28T11:28:45+0000] [ALPM] installed zeromq (4.3.5-2)
[2026-01-28T11:28:45+0000] [ALPM] installed libteam (1.32-3)
[2026-01-28T11:28:45+0000] [ALPM] installed mobile-broadband-provider-info (20251101-1)
[2026-01-28T11:28:45+0000] [ALPM] installed duktape (2.7.0-7)
[2026-01-28T11:28:45+0000] [ALPM] installed polkit (127-3)
[2026-01-28T11:28:45+0000] [ALPM] installed pcsclite (2.4.1-1)
[2026-01-28T11:28:45+0000] [ALPM] installed wpa_supplicant (2:2.11-5)
[2026-01-28T11:28:45+0000] [ALPM] installed networkmanager (1.54.3-1)
[2026-01-28T11:28:45+0000] [ALPM] transaction completed
[2026-01-28T11:28:45+0000] [ALPM] running '20-systemd-sysusers.hook'...
[2026-01-28T11:28:45+0000] [ALPM-SCRIPTLET] Creating group 'polkitd' with GID 102.
[2026-01-28T11:28:45+0000] [ALPM-SCRIPTLET] Creating group 'pcscd' with GID 969.
[2026-01-28T11:28:45+0000] [ALPM-SCRIPTLET] Creating user 'pcscd' (PC/SC Smart Card Daemon) with UID 969 and GID 969.
[2026-01-28T11:28:45+0000] [ALPM-SCRIPTLET] Creating user 'polkitd' (User for polkitd) with UID 102 and GID 102.
[2026-01-28T11:28:45+0000] [ALPM] running '21-systemd-tmpfiles.hook'...
[2026-01-28T11:28:45+0000] [ALPM] running '30-systemd-daemon-reload-system.hook'...
[2026-01-28T11:28:45+0000] [ALPM-SCRIPTLET]   Skipped: Running in chroot.
[2026-01-28T11:28:45+0000] [ALPM] running '35-systemd-udev-reload.hook'...
[2026-01-28T11:28:45+0000] [ALPM-SCRIPTLET]   Skipped: Running in chroot.
[2026-01-28T11:28:45+0000] [ALPM] running '35-systemd-update.hook'...
[2026-01-28T11:28:45+0000] [ALPM] running 'dbus-reload.hook'...
[2026-01-28T11:28:45+0000] [ALPM-SCRIPTLET]   Skipped: Running in chroot.
[2026-01-28T11:28:46+0000] [PACMAN] Running 'pacman -b /mnt//var/lib/pacman/ -r /mnt -Sy --noconfirm --needed --config=/tmp/pacman.conf.4OTK --disable-sandbox --noconfirm --cachedir=/mnt//var/cache/pacman/pkg/ network-manager-applet'
[2026-01-28T11:28:46+0000] [PACMAN] synchronizing package lists
[2026-01-28T11:32:26+0000] [ALPM] transaction started
[2026-01-28T11:32:26+0000] [ALPM] installed adwaita-fonts (49.0-2)
[2026-01-28T11:32:27+0000] [ALPM] installed hicolor-icon-theme (0.18-1)
[2026-01-28T11:32:27+0000] [ALPM] installed adwaita-icon-theme-legacy (46.2-3)
[2026-01-28T11:32:27+0000] [ALPM] installed adwaita-cursors (49.0-1)
[2026-01-28T11:32:27+0000] [ALPM] installed adwaita-icon-theme (49.0-1)
[2026-01-28T11:32:27+0000] [ALPM] installed dconf (0.49.0-1)
[2026-01-28T11:32:27+0000] [ALPM] installed gsettings-system-schemas (49.1-1)
[2026-01-28T11:32:27+0000] [ALPM] installed gsettings-desktop-schemas (49.1-1)
[2026-01-28T11:32:27+0000] [ALPM] installed xcb-proto (1.17.0-4)
[2026-01-28T11:32:27+0000] [ALPM] installed xorgproto (2025.1-1)
[2026-01-28T11:32:27+0000] [ALPM] installed libxdmcp (1.1.5-1)
[2026-01-28T11:32:27+0000] [ALPM] installed libxau (1.0.12-1)
[2026-01-28T11:32:27+0000] [ALPM] installed libxcb (1.17.0-1)
[2026-01-28T11:32:27+0000] [ALPM] installed libx11 (1.8.12-2)
[2026-01-28T11:32:27+0000] [ALPM] installed libxext (1.3.7-1)
[2026-01-28T11:32:27+0000] [ALPM] installed libxfixes (6.0.2-1)
[2026-01-28T11:32:27+0000] [ALPM] installed libxi (1.8.2-1)
[2026-01-28T11:32:27+0000] [ALPM] installed libxtst (1.2.5-1)
[2026-01-28T11:32:27+0000] [ALPM] installed xorg-xprop (1.2.8-1)
[2026-01-28T11:32:27+0000] [ALPM] installed at-spi2-core (2.58.3-1)
[2026-01-28T11:32:27+0000] [ALPM] installed libpng (1.6.53-2)
[2026-01-28T11:32:27+0000] [ALPM] installed freetype2 (2.14.1-1)
[2026-01-28T11:32:27+0000] [ALPM] installed fontconfig (2:2.17.1-1)
[2026-01-28T11:32:27+0000] [ALPM-SCRIPTLET] Creating fontconfig configuration...
[2026-01-28T11:32:27+0000] [ALPM-SCRIPTLET] Rebuilding fontconfig cache...
[2026-01-28T11:32:29+0000] [ALPM] installed libxrender (0.9.12-1)
[2026-01-28T11:32:29+0000] [ALPM] installed lzo (2.10-5)
[2026-01-28T11:32:29+0000] [ALPM] installed pixman (0.46.4-1)
[2026-01-28T11:32:29+0000] [ALPM] installed cairo (1.18.4-1)
[2026-01-28T11:32:29+0000] [ALPM] installed desktop-file-utils (0.28-1)
[2026-01-28T11:32:29+0000] [ALPM] installed fribidi (1.0.16-2)
[2026-01-28T11:32:29+0000] [ALPM] installed bubblewrap (0.11.0-1)
[2026-01-28T11:32:29+0000] [ALPM] installed libjpeg-turbo (3.1.3-1)
[2026-01-28T11:32:29+0000] [ALPM] installed jbigkit (2.1-8)
[2026-01-28T11:32:29+0000] [ALPM] installed libdeflate (1.25-1)
[2026-01-28T11:32:29+0000] [ALPM] installed libwebp (1.6.0-2)
[2026-01-28T11:32:29+0000] [ALPM] installed libtiff (4.7.1-1)
[2026-01-28T11:32:29+0000] [ALPM] installed lcms2 (2.18-1)
[2026-01-28T11:32:29+0000] [ALPM] installed giflib (5.2.2-2)
[2026-01-28T11:32:29+0000] [ALPM] installed libunwind (1.8.2-1)
[2026-01-28T11:32:29+0000] [ALPM] installed gperftools (2.17.2-1)
[2026-01-28T11:32:29+0000] [ALPM] installed gtest (1.17.0-1)
[2026-01-28T11:32:29+0000] [ALPM] installed highway (1.3.0-1)
[2026-01-28T11:32:29+0000] [ALPM] installed libjxl (0.11.1-5)
[2026-01-28T11:32:29+0000] [ALPM] installed dav1d (1.5.3-1)
[2026-01-28T11:32:29+0000] [ALPM] installed graphite (1:1.3.14-5)
[2026-01-28T11:32:29+0000] [ALPM] installed harfbuzz (12.3.2-1)
[2026-01-28T11:32:29+0000] [ALPM] installed libdatrie (0.2.14-1)
[2026-01-28T11:32:29+0000] [ALPM] installed libthai (0.1.30-1)
[2026-01-28T11:32:29+0000] [ALPM] installed libxft (2.3.9-1)
[2026-01-28T11:32:29+0000] [ALPM] installed pango (1:1.57.0-2)
[2026-01-28T11:32:29+0000] [ALPM] installed librsvg (2:2.61.3-1)
[2026-01-28T11:32:29+0000] [ALPM] installed glycin (2.0.7-1)
[2026-01-28T11:32:29+0000] [ALPM] installed shared-mime-info (2.4-2)
[2026-01-28T11:32:29+0000] [ALPM] installed gdk-pixbuf2 (2.44.4-1)
[2026-01-28T11:32:29+0000] [ALPM] installed iso-codes (4.20.1-1)
[2026-01-28T11:32:29+0000] [ALPM] installed libcloudproviders (0.4.0-1)
[2026-01-28T11:32:29+0000] [ALPM] installed libcolord (1.4.8-1)
[2026-01-28T11:32:29+0000] [ALPM] installed avahi (1:0.9rc2-3)
[2026-01-28T11:32:29+0000] [ALPM] installed libcups (2:2.4.16-1)
[2026-01-28T11:32:29+0000] [ALPM] installed libpciaccess (0.18.1-2)
[2026-01-28T11:32:29+0000] [ALPM] installed libdrm (2.4.131-1)
[2026-01-28T11:32:29+0000] [ALPM] installed libxshmfence (1.3.3-1)
[2026-01-28T11:32:29+0000] [ALPM] installed libxxf86vm (1.1.7-1)
[2026-01-28T11:32:29+0000] [ALPM] installed libedit (20250104_3.1-1)
[2026-01-28T11:32:30+0000] [ALPM] installed llvm-libs (21.1.6-2)
[2026-01-28T11:32:30+0000] [ALPM] installed lm_sensors (1:3.6.2-1)
[2026-01-28T11:32:30+0000] [ALPM] installed spirv-tools (1:1.4.335.0-1)
[2026-01-28T11:32:30+0000] [ALPM] installed default-cursors (3-1)
[2026-01-28T11:32:30+0000] [ALPM] installed wayland (1.24.0-1)
[2026-01-28T11:32:30+0000] [ALPM] installed mesa (1:25.3.4-1)
[2026-01-28T11:32:30+0000] [ALPM] installed libglvnd (1.7.0-3)
[2026-01-28T11:32:30+0000] [ALPM] installed libepoxy (1.5.10-3)
[2026-01-28T11:32:30+0000] [ALPM] installed libxcomposite (0.4.7-1)
[2026-01-28T11:32:30+0000] [ALPM] installed libxcursor (1.2.3-1)
[2026-01-28T11:32:30+0000] [ALPM] installed libxdamage (1.1.7-1)
[2026-01-28T11:32:30+0000] [ALPM] installed libxinerama (1.1.6-1)
[2026-01-28T11:32:30+0000] [ALPM] installed xkeyboard-config (2.46-1)
[2026-01-28T11:32:30+0000] [ALPM] installed libxkbcommon (1.13.1-1)
[2026-01-28T11:32:30+0000] [ALPM] installed libxrandr (1.5.5-1)
[2026-01-28T11:32:30+0000] [ALPM] installed json-glib (1.10.8-1)
[2026-01-28T11:32:30+0000] [ALPM] installed libproxy (0.5.12-1)
[2026-01-28T11:32:30+0000] [ALPM] installed glib-networking (1:2.80.1-1)
[2026-01-28T11:32:30+0000] [ALPM] installed libsoup3 (3.6.5-1)
[2026-01-28T11:32:30+0000] [ALPM] installed libstemmer (3.0.1-1)
[2026-01-28T11:32:30+0000] [ALPM] installed tinysparql (3.10.1-2)
[2026-01-28T11:32:30+0000] [ALPM] installed gtk-update-icon-cache (1:4.20.3-1)
[2026-01-28T11:32:30+0000] [ALPM] installed gtk3 (1:3.24.51-1)
[2026-01-28T11:32:30+0000] [ALPM] installed libdbusmenu-glib (18.10.20180917-1)
[2026-01-28T11:32:30+0000] [ALPM] installed libdbusmenu-gtk3 (18.10.20180917-1)
[2026-01-28T11:32:30+0000] [ALPM] installed libappindicator (12.10.1-1)
[2026-01-28T11:32:30+0000] [ALPM] installed openssh (10.2p1-2)
[2026-01-28T11:32:30+0000] [ALPM] installed gcr-4 (4.4.0.1-1)
[2026-01-28T11:32:30+0000] [ALPM] installed libnma-common (1.10.6-3)
[2026-01-28T11:32:30+0000] [ALPM] installed libnma (1.10.6-3)
[2026-01-28T11:32:30+0000] [ALPM] installed nm-connection-editor (1.36.0-1)
[2026-01-28T11:32:30+0000] [ALPM] installed network-manager-applet (1.36.0-1)
[2026-01-28T11:32:30+0000] [ALPM] transaction completed
[2026-01-28T11:32:30+0000] [ALPM] running '20-systemd-sysusers.hook'...
[2026-01-28T11:32:30+0000] [ALPM-SCRIPTLET] Creating group 'avahi' with GID 968.
[2026-01-28T11:32:30+0000] [ALPM-SCRIPTLET] Creating user 'avahi' (Avahi mDNS/DNS-SD daemon) with UID 968 and GID 968.
[2026-01-28T11:32:30+0000] [ALPM] running '21-systemd-tmpfiles.hook'...
[2026-01-28T11:32:30+0000] [ALPM] running '30-systemd-daemon-reload-system.hook'...
[2026-01-28T11:32:30+0000] [ALPM-SCRIPTLET]   Skipped: Running in chroot.
[2026-01-28T11:32:30+0000] [ALPM] running '30-systemd-daemon-reload-user.hook'...
[2026-01-28T11:32:31+0000] [ALPM-SCRIPTLET]   Skipped: Running in chroot.
[2026-01-28T11:32:31+0000] [ALPM] running '30-update-mime-database.hook'...
[2026-01-28T11:32:31+0000] [ALPM] running '35-systemd-update.hook'...
[2026-01-28T11:32:31+0000] [ALPM] running '40-fontconfig-config.hook'...
[2026-01-28T11:32:31+0000] [ALPM] running 'dbus-reload.hook'...
[2026-01-28T11:32:31+0000] [ALPM-SCRIPTLET]   Skipped: Running in chroot.
[2026-01-28T11:32:31+0000] [ALPM] running 'fontconfig.hook'...
[2026-01-28T11:32:31+0000] [ALPM] running 'gio-querymodules.hook'...
[2026-01-28T11:32:31+0000] [ALPM] running 'glib-compile-schemas.hook'...
[2026-01-28T11:32:31+0000] [ALPM] running 'gtk-query-immodules-3.0.hook'...
[2026-01-28T11:32:31+0000] [ALPM] running 'gtk-update-icon-cache.hook'...
[2026-01-28T11:32:31+0000] [ALPM] running 'update-desktop-database.hook'...
[2026-01-28T11:32:32+0000] [PACMAN] Running 'pacman -b /mnt//var/lib/pacman/ -r /mnt -Sy --noconfirm --needed --config=/tmp/pacman.conf.pOGL --disable-sandbox --noconfirm --cachedir=/mnt//var/cache/pacman/pkg/ bluez bluez-utils'
[2026-01-28T11:32:32+0000] [PACMAN] synchronizing package lists
[2026-01-28T11:33:31+0000] [ALPM] transaction started
[2026-01-28T11:33:31+0000] [ALPM] installed alsa-topology-conf (1.2.5.1-4)
[2026-01-28T11:33:31+0000] [ALPM] installed alsa-ucm-conf (1.2.15.3-1)
[2026-01-28T11:33:31+0000] [ALPM] installed alsa-lib (1.2.15.3-2)
[2026-01-28T11:33:31+0000] [ALPM] installed bluez (5.85-1)
[2026-01-28T11:33:31+0000] [ALPM] installed bluez-utils (5.85-1)
[2026-01-28T11:33:32+0000] [ALPM] transaction completed
[2026-01-28T11:33:32+0000] [ALPM] running '30-systemd-daemon-reload-system.hook'...
[2026-01-28T11:33:32+0000] [ALPM-SCRIPTLET]   Skipped: Running in chroot.
[2026-01-28T11:33:32+0000] [ALPM] running '30-systemd-daemon-reload-user.hook'...
[2026-01-28T11:33:32+0000] [ALPM-SCRIPTLET]   Skipped: Running in chroot.
[2026-01-28T11:33:32+0000] [ALPM] running '35-systemd-update.hook'...
[2026-01-28T11:33:32+0000] [ALPM] running 'dbus-reload.hook'...
[2026-01-28T11:33:32+0000] [ALPM-SCRIPTLET]   Skipped: Running in chroot.
[2026-01-28T11:33:32+0000] [PACMAN] Running 'pacman -b /mnt//var/lib/pacman/ -r /mnt -Sy --noconfirm --needed --config=/tmp/pacman.conf.BOYl --disable-sandbox --noconfirm --cachedir=/mnt//var/cache/pacman/pkg/ sof-firmware'
[2026-01-28T11:33:32+0000] [PACMAN] synchronizing package lists
[2026-01-28T11:33:42+0000] [ALPM] transaction started
[2026-01-28T11:33:42+0000] [ALPM] installed sof-firmware (2025.12.1-1)
[2026-01-28T11:33:42+0000] [ALPM] transaction completed
[2026-01-28T11:33:42+0000] [ALPM] running '35-systemd-update.hook'...
[2026-01-28T11:33:43+0000] [ALPM] running '90-mkinitcpio-install.hook'...
[2026-01-28T11:33:43+0000] [ALPM-SCRIPTLET] ==> Building image from preset: /etc/mkinitcpio.d/linux.preset: 'default'
[2026-01-28T11:33:43+0000] [ALPM-SCRIPTLET] ==> Using default configuration file: '/etc/mkinitcpio.conf'
[2026-01-28T11:33:43+0000] [ALPM-SCRIPTLET]   -> -k /boot/vmlinuz-linux -g /boot/initramfs-linux.img
[2026-01-28T11:33:43+0000] [ALPM-SCRIPTLET] ==> Starting build: '6.18.6-arch1-1'
[2026-01-28T11:33:43+0000] [ALPM-SCRIPTLET]   -> Running build hook: [base]
[2026-01-28T11:33:43+0000] [ALPM-SCRIPTLET]   -> Running build hook: [udev]
[2026-01-28T11:33:43+0000] [ALPM-SCRIPTLET]   -> Running build hook: [autodetect]
[2026-01-28T11:33:43+0000] [ALPM-SCRIPTLET]   -> Running build hook: [microcode]
[2026-01-28T11:33:43+0000] [ALPM-SCRIPTLET]   -> Running build hook: [modconf]
[2026-01-28T11:33:43+0000] [ALPM-SCRIPTLET]   -> Running build hook: [kms]
[2026-01-28T11:33:47+0000] [ALPM-SCRIPTLET]   -> Running build hook: [keyboard]
[2026-01-28T11:33:47+0000] [ALPM-SCRIPTLET]   -> Running build hook: [keymap]
[2026-01-28T11:33:47+0000] [ALPM-SCRIPTLET]   -> Running build hook: [consolefont]
[2026-01-28T11:33:47+0000] [ALPM-SCRIPTLET]   -> Running build hook: [block]
[2026-01-28T11:33:47+0000] [ALPM-SCRIPTLET]   -> Running build hook: [filesystems]
[2026-01-28T11:33:47+0000] [ALPM-SCRIPTLET]   -> Running build hook: [fsck]
[2026-01-28T11:33:48+0000] [ALPM-SCRIPTLET] ==> Generating module dependencies
[2026-01-28T11:33:48+0000] [ALPM-SCRIPTLET] ==> Creating zstd-compressed initcpio image: '/boot/initramfs-linux.img'
[2026-01-28T11:33:48+0000] [ALPM-SCRIPTLET]   -> Early uncompressed CPIO image generation successful
[2026-01-28T11:33:48+0000] [ALPM-SCRIPTLET] ==> Initcpio image generation successful
[2026-01-28T11:33:48+0000] [PACMAN] Running 'pacman -b /mnt//var/lib/pacman/ -r /mnt -Sy --noconfirm --needed --config=/tmp/pacman.conf.bILT --disable-sandbox --noconfirm --cachedir=/mnt//var/cache/pacman/pkg/ pipewire pipewire-alsa pipewire-jack pipewire-pulse gst-plugin-pipewire libpulse wireplumber'
[2026-01-28T11:33:48+0000] [PACMAN] synchronizing package lists
[2026-01-28T11:34:16+0000] [ALPM] transaction started
[2026-01-28T11:34:16+0000] [ALPM] installed libpipewire (1:1.4.10-1)
[2026-01-28T11:34:16+0000] [ALPM] installed pipewire (1:1.4.10-1)
[2026-01-28T11:34:16+0000] [ALPM-SCRIPTLET] Created symlink '/etc/systemd/user/sockets.target.wants/pipewire.socket' -> '/usr/lib/systemd/user/pipewire.socket'.
[2026-01-28T11:34:16+0000] [ALPM] installed alsa-card-profiles (1:1.4.10-1)
[2026-01-28T11:34:16+0000] [ALPM] installed bluez-libs (5.85-1)
[2026-01-28T11:34:16+0000] [ALPM] installed libebur128 (1.2.6-2)
[2026-01-28T11:34:16+0000] [ALPM] installed libfdk-aac (2.0.3-1)
[2026-01-28T11:34:16+0000] [ALPM] installed libfreeaptx (0.2.2-1)
[2026-01-28T11:34:16+0000] [ALPM] installed liblc3 (1.1.3-2)
[2026-01-28T11:34:16+0000] [ALPM] installed libldac (2.0.2.3-2)
[2026-01-28T11:34:16+0000] [ALPM] installed libmysofa (1.3.3-1)
[2026-01-28T11:34:16+0000] [ALPM] installed libogg (1.3.6-1)
[2026-01-28T11:34:16+0000] [ALPM] installed flac (1.5.0-1)
[2026-01-28T11:34:16+0000] [ALPM] installed lame (3.100-6)
[2026-01-28T11:34:16+0000] [ALPM] installed libvorbis (1.3.7-4)
[2026-01-28T11:34:16+0000] [ALPM] installed mpg123 (1.33.4-1)
[2026-01-28T11:34:16+0000] [ALPM] installed opus (1.6.1-1)
[2026-01-28T11:34:16+0000] [ALPM] installed libsndfile (1.2.2-4)
[2026-01-28T11:34:16+0000] [ALPM] installed serd (0.32.6-1)
[2026-01-28T11:34:16+0000] [ALPM] installed zix (0.8.0-1)
[2026-01-28T11:34:16+0000] [ALPM] installed sord (0.16.20-1)
[2026-01-28T11:34:16+0000] [ALPM] installed lv2 (1.18.10-2)
[2026-01-28T11:34:16+0000] [ALPM] installed sratom (0.6.20-1)
[2026-01-28T11:34:16+0000] [ALPM] installed lilv (0.26.2-3)
[2026-01-28T11:34:16+0000] [ALPM] installed sbc (2.1-1)
[2026-01-28T11:34:16+0000] [ALPM] installed abseil-cpp (20250814.1-1)
[2026-01-28T11:34:16+0000] [ALPM] installed webrtc-audio-processing-1 (1.3-5)
[2026-01-28T11:34:16+0000] [ALPM] installed pipewire-audio (1:1.4.10-1)
[2026-01-28T11:34:16+0000] [ALPM] installed libwireplumber (0.5.13-1)
[2026-01-28T11:34:16+0000] [ALPM] installed lua (5.4.8-2)
[2026-01-28T11:34:16+0000] [ALPM] installed wireplumber (0.5.13-1)
[2026-01-28T11:34:16+0000] [ALPM-SCRIPTLET] Created symlink '/etc/systemd/user/pipewire-session-manager.service' -> '/usr/lib/systemd/user/wireplumber.service'.
[2026-01-28T11:34:16+0000] [ALPM-SCRIPTLET] Created symlink '/etc/systemd/user/pipewire.service.wants/wireplumber.service' -> '/usr/lib/systemd/user/wireplumber.service'.
[2026-01-28T11:34:16+0000] [ALPM] installed pipewire-alsa (1:1.4.10-1)
[2026-01-28T11:34:16+0000] [ALPM] installed pipewire-jack (1:1.4.10-1)
[2026-01-28T11:34:16+0000] [ALPM] installed libasyncns (1:0.8+r3+g68cd5af-3)
[2026-01-28T11:34:16+0000] [ALPM] installed libpulse (17.0+r98+gb096704c0-1)
[2026-01-28T11:34:16+0000] [ALPM] installed pipewire-pulse (1:1.4.10-1)
[2026-01-28T11:34:16+0000] [ALPM-SCRIPTLET] Created symlink '/etc/systemd/user/sockets.target.wants/pipewire-pulse.socket' -> '/usr/lib/systemd/user/pipewire-pulse.socket'.
[2026-01-28T11:34:16+0000] [ALPM] installed gstreamer (1.26.10-3)
[2026-01-28T11:34:16+0000] [ALPM] installed graphene (1.10.8-2)
[2026-01-28T11:34:16+0000] [ALPM] installed libgudev (238-3)
[2026-01-28T11:34:16+0000] [ALPM] installed libxv (1.0.13-1)
[2026-01-28T11:34:16+0000] [ALPM] installed orc (0.4.41-1)
[2026-01-28T11:34:17+0000] [ALPM] installed gst-plugins-base-libs (1.26.10-3)
[2026-01-28T11:34:17+0000] [ALPM] installed gst-plugin-pipewire (1:1.4.10-1)
[2026-01-28T11:34:17+0000] [ALPM] transaction completed
[2026-01-28T11:34:17+0000] [ALPM] running '30-systemd-daemon-reload-user.hook'...
[2026-01-28T11:34:17+0000] [ALPM-SCRIPTLET]   Skipped: Running in chroot.
[2026-01-28T11:34:17+0000] [ALPM] running '35-systemd-udev-reload.hook'...
[2026-01-28T11:34:17+0000] [ALPM-SCRIPTLET]   Skipped: Running in chroot.
[2026-01-28T11:34:17+0000] [ALPM] running '35-systemd-update.hook'...
[2026-01-28T11:34:17+0000] [ALPM] running 'glib-compile-schemas.hook'...
[2026-01-28T11:34:17+0000] [PACMAN] Running 'pacman -b /mnt//var/lib/pacman/ -r /mnt -Sy --noconfirm --needed --config=/tmp/pacman.conf.xQ34 --disable-sandbox --noconfirm --cachedir=/mnt//var/cache/pacman/pkg/ power-profiles-daemon'
[2026-01-28T11:34:17+0000] [PACMAN] synchronizing package lists
[2026-01-28T11:34:24+0000] [ALPM] transaction started
[2026-01-28T11:34:24+0000] [ALPM] installed libplist (2.7.0-2)
[2026-01-28T11:34:24+0000] [ALPM] installed libimobiledevice-glue (1.3.2-1)
[2026-01-28T11:34:24+0000] [ALPM] installed libtatsu (1.0.5-1)
[2026-01-28T11:34:24+0000] [ALPM] installed libusbmuxd (2.1.1-1)
[2026-01-28T11:34:25+0000] [ALPM] installed libimobiledevice (1.4.0-2)
[2026-01-28T11:34:25+0000] [ALPM] installed upower (1.91.0-1)
[2026-01-28T11:34:25+0000] [ALPM] installed power-profiles-daemon (0.30-1)
[2026-01-28T11:34:25+0000] [ALPM] transaction completed
[2026-01-28T11:34:25+0000] [ALPM] running '25-systemd-hwdb.hook'...
[2026-01-28T11:34:25+0000] [ALPM] running '30-systemd-daemon-reload-system.hook'...
[2026-01-28T11:34:25+0000] [ALPM-SCRIPTLET]   Skipped: Running in chroot.
[2026-01-28T11:34:25+0000] [ALPM] running '35-systemd-udev-reload.hook'...
[2026-01-28T11:34:25+0000] [ALPM-SCRIPTLET]   Skipped: Running in chroot.
[2026-01-28T11:34:25+0000] [ALPM] running '35-systemd-update.hook'...
[2026-01-28T11:34:25+0000] [ALPM] running 'dbus-reload.hook'...
[2026-01-28T11:34:25+0000] [ALPM-SCRIPTLET]   Skipped: Running in chroot.
[2026-01-28T11:34:25+0000] [PACMAN] Running 'pacman -b /mnt//var/lib/pacman/ -r /mnt -Sy --noconfirm --needed --config=/tmp/pacman.conf.aZTV --disable-sandbox --noconfirm --cachedir=/mnt//var/cache/pacman/pkg/ nano vim openssh htop wget iwd wireless_tools smartmontools xdg-utils'
[2026-01-28T11:34:25+0000] [PACMAN] synchronizing package lists
[2026-01-28T11:34:51+0000] [ALPM] transaction started
[2026-01-28T11:34:51+0000] [ALPM] installed nano (8.7-1)
[2026-01-28T11:34:51+0000] [ALPM] installed vim-runtime (9.1.2077-1)
[2026-01-28T11:34:51+0000] [ALPM] installed vim (9.1.2077-1)
[2026-01-28T11:34:51+0000] [ALPM] installed htop (3.4.1-1)
[2026-01-28T11:34:51+0000] [ALPM] installed wget (1.25.0-3)
[2026-01-28T11:34:51+0000] [ALPM] installed ell (0.81-1)
[2026-01-28T11:34:51+0000] [ALPM] installed iwd (3.10-1)
[2026-01-28T11:34:51+0000] [ALPM] installed wireless_tools (30.pre9-5)
[2026-01-28T11:34:51+0000] [ALPM] installed smartmontools (7.5-1)
[2026-01-28T11:34:51+0000] [ALPM] installed xdg-utils (1.2.1-2)
[2026-01-28T11:34:52+0000] [ALPM] transaction completed
[2026-01-28T11:34:52+0000] [ALPM] running '30-systemd-daemon-reload-system.hook'...
[2026-01-28T11:34:52+0000] [ALPM-SCRIPTLET]   Skipped: Running in chroot.
[2026-01-28T11:34:52+0000] [ALPM] running '35-systemd-update.hook'...
[2026-01-28T11:34:52+0000] [ALPM] running 'dbus-reload.hook'...
[2026-01-28T11:34:52+0000] [ALPM-SCRIPTLET]   Skipped: Running in chroot.
[2026-01-28T11:34:52+0000] [ALPM] running 'gtk-update-icon-cache.hook'...
[2026-01-28T11:34:52+0000] [ALPM] running 'update-desktop-database.hook'...
[2026-01-28T11:34:52+0000] [PACMAN] Running 'pacman -b /mnt//var/lib/pacman/ -r /mnt -Sy --noconfirm --needed --config=/tmp/pacman.conf.QNPs --disable-sandbox --noconfirm --cachedir=/mnt//var/cache/pacman/pkg/ i3-wm i3lock i3status i3blocks xss-lock xterm lightdm-gtk-greeter lightdm dmenu'
[2026-01-28T11:34:52+0000] [PACMAN] synchronizing package lists
[2026-01-28T11:35:19+0000] [ALPM] transaction started
[2026-01-28T11:35:19+0000] [ALPM] installed libev (4.33-5)
[2026-01-28T11:35:19+0000] [ALPM] installed libxkbcommon-x11 (1.13.1-1)
[2026-01-28T11:35:19+0000] [ALPM] installed xcb-util (0.4.1-2)
[2026-01-28T11:35:19+0000] [ALPM] installed startup-notification (0.12-9)
[2026-01-28T11:35:19+0000] [ALPM] installed gnu-free-fonts (20120503-9)
[2026-01-28T11:35:19+0000] [ALPM] installed xcb-util-renderutil (0.3.10-2)
[2026-01-28T11:35:19+0000] [ALPM] installed xcb-util-image (0.4.1-3)
[2026-01-28T11:35:19+0000] [ALPM] installed xcb-util-cursor (0.1.6-1)
[2026-01-28T11:35:19+0000] [ALPM] installed xcb-util-keysyms (0.4.1-5)
[2026-01-28T11:35:19+0000] [ALPM] installed xcb-util-wm (0.4.2-2)
[2026-01-28T11:35:19+0000] [ALPM] installed xcb-util-xrm (1.3-4)
[2026-01-28T11:35:19+0000] [ALPM] installed yajl (2.1.0-6)
[2026-01-28T11:35:19+0000] [ALPM] installed i3-wm (4.25-1)
[2026-01-28T11:35:19+0000] [ALPM] installed i3lock (2.16-1)
[2026-01-28T11:35:19+0000] [ALPM] installed confuse (3.3-4)
[2026-01-28T11:35:19+0000] [ALPM] installed i3status (2.15-1)
[2026-01-28T11:35:19+0000] [ALPM] installed i3blocks (1.5-4)
[2026-01-28T11:35:19+0000] [ALPM] installed xss-lock (0.4.0-1)
[2026-01-28T11:35:19+0000] [ALPM] installed libice (1.1.2-1)
[2026-01-28T11:35:19+0000] [ALPM] installed libutempter (1.2.3-1)
[2026-01-28T11:35:19+0000] [ALPM] installed libsm (1.2.6-1)
[2026-01-28T11:35:19+0000] [ALPM] installed libxt (1.3.1-1)
[2026-01-28T11:35:19+0000] [ALPM] installed libxmu (1.3.0-1)
[2026-01-28T11:35:19+0000] [ALPM] installed libxpm (3.5.18-1)
[2026-01-28T11:35:19+0000] [ALPM] installed libxaw (1.0.16-1)
[2026-01-28T11:35:19+0000] [ALPM] installed libxkbfile (1.2.0-1)
[2026-01-28T11:35:19+0000] [ALPM] installed xorg-fonts-encodings (1.1.0-1)
[2026-01-28T11:35:19+0000] [ALPM] installed libfontenc (1.1.8-1)
[2026-01-28T11:35:19+0000] [ALPM] installed luit (20250912-1)
[2026-01-28T11:35:19+0000] [ALPM] installed xbitmaps (1.1.3-2)
[2026-01-28T11:35:19+0000] [ALPM] installed xterm (406-1)
[2026-01-28T11:35:19+0000] [ALPM] installed xorg-xkbcomp (1.5.0-1)
[2026-01-28T11:35:19+0000] [ALPM] installed libxklavier (5.4-7)
[2026-01-28T11:35:19+0000] [ALPM] installed libxfont2 (2.0.7-1)
[2026-01-28T11:35:19+0000] [ALPM] installed xorg-setxkbmap (1.3.4-2)
[2026-01-28T11:35:19+0000] [ALPM] installed xorg-server-common (21.1.21-1)
[2026-01-28T11:35:19+0000] [ALPM] installed libevdev (1.13.6-1)
[2026-01-28T11:35:19+0000] [ALPM] installed libwacom (2.17.0-1)
[2026-01-28T11:35:19+0000] [ALPM] installed mtdev (1.1.7-1)
[2026-01-28T11:35:19+0000] [ALPM] installed libinput (1.30.1-1)
[2026-01-28T11:35:19+0000] [ALPM] installed xf86-input-libinput (1.5.0-1)
[2026-01-28T11:35:19+0000] [ALPM] installed libxcvt (0.1.3-1)
[2026-01-28T11:35:19+0000] [ALPM] installed xorg-server (21.1.21-1)
[2026-01-28T11:35:19+0000] [ALPM-SCRIPTLET] >>> xorg-server has now the ability to run without root rights with
[2026-01-28T11:35:19+0000] [ALPM-SCRIPTLET]     the help of systemd-logind. xserver will fail to run if not launched
[2026-01-28T11:35:19+0000] [ALPM-SCRIPTLET]     from the same virtual terminal as was used to log in.
[2026-01-28T11:35:19+0000] [ALPM-SCRIPTLET]     Without root rights, log files will be in ~/.local/share/xorg/ directory.
[2026-01-28T11:35:19+0000] [ALPM-SCRIPTLET] 
[2026-01-28T11:35:19+0000] [ALPM-SCRIPTLET]     Old behavior can be restored through Xorg.wrap config file.
[2026-01-28T11:35:19+0000] [ALPM-SCRIPTLET]     See Xorg.wrap man page (man xorg.wrap).
[2026-01-28T11:35:19+0000] [ALPM] installed xorg-xmodmap (1.0.11-2)
[2026-01-28T11:35:19+0000] [ALPM] installed xorg-xrdb (1.2.2-2)
[2026-01-28T11:35:19+0000] [ALPM] installed lightdm (1:1.32.0-6)
[2026-01-28T11:35:19+0000] [ALPM] installed lightdm-gtk-greeter (1:2.0.9-1)
[2026-01-28T11:35:19+0000] [ALPM] installed dmenu (5.4-1)
[2026-01-28T11:35:20+0000] [ALPM] transaction completed
[2026-01-28T11:35:20+0000] [ALPM] running '20-systemd-sysusers.hook'...
[2026-01-28T11:35:20+0000] [ALPM-SCRIPTLET] Creating group 'lightdm' with GID 967.
[2026-01-28T11:35:20+0000] [ALPM-SCRIPTLET] Creating user 'lightdm' (Light Display Manager) with UID 967 and GID 967.
[2026-01-28T11:35:20+0000] [ALPM] running '21-systemd-tmpfiles.hook'...
[2026-01-28T11:35:20+0000] [ALPM] running '25-systemd-hwdb.hook'...
[2026-01-28T11:35:20+0000] [ALPM] running '30-systemd-daemon-reload-system.hook'...
[2026-01-28T11:35:20+0000] [ALPM-SCRIPTLET]   Skipped: Running in chroot.
[2026-01-28T11:35:20+0000] [ALPM] running '35-systemd-udev-reload.hook'...
[2026-01-28T11:35:20+0000] [ALPM-SCRIPTLET]   Skipped: Running in chroot.
[2026-01-28T11:35:20+0000] [ALPM] running '35-systemd-update.hook'...
[2026-01-28T11:35:20+0000] [ALPM] running 'dbus-reload.hook'...
[2026-01-28T11:35:20+0000] [ALPM-SCRIPTLET]   Skipped: Running in chroot.
[2026-01-28T11:35:20+0000] [ALPM] running 'fontconfig.hook'...
[2026-01-28T11:35:20+0000] [ALPM] running 'gtk-update-icon-cache.hook'...
[2026-01-28T11:35:21+0000] [ALPM] running 'update-desktop-database.hook'...
[2026-01-28T11:35:21+0000] [PACMAN] Running 'pacman -b /mnt//var/lib/pacman/ -r /mnt -Sy --noconfirm --needed --config=/tmp/pacman.conf.9QJ1 --disable-sandbox --noconfirm --cachedir=/mnt//var/cache/pacman/pkg/ gnome gnome-tweaks'
[2026-01-28T11:35:21+0000] [PACMAN] synchronizing package lists
[2026-01-28T11:37:42+0000] [PACMAN] Running 'pacman -b /mnt//var/lib/pacman/ -r /mnt -Sy --noconfirm --needed --config=/tmp/pacman.conf.9DKJ --disable-sandbox --noconfirm --cachedir=/mnt//var/cache/pacman/pkg/ gnome gnome-tweaks'
[2026-01-28T11:37:42+0000] [PACMAN] synchronizing package lists
[2026-01-28T11:41:14+0000] [ALPM] transaction started
[2026-01-28T11:41:14+0000] [ALPM] installed gssdp (1.6.4-1)
[2026-01-28T11:41:14+0000] [ALPM] installed gupnp (1:1.6.9-1)
[2026-01-28T11:41:14+0000] [ALPM] installed gupnp-igd (1.6.0-2)
[2026-01-28T11:41:14+0000] [ALPM] installed libnice (0.1.23-1)
[2026-01-28T11:41:14+0000] [ALPM] installed libva (2.22.0-1)
[2026-01-28T11:41:14+0000] [ALPM] installed vulkan-icd-loader (1.4.335.0-1)
[2026-01-28T11:41:14+0000] [ALPM] installed gst-plugins-bad-libs (1.26.10-3)
[2026-01-28T11:41:14+0000] [ALPM] installed gtk4 (1:4.20.3-1)
[2026-01-28T11:41:14+0000] [ALPM] installed libfyaml (0.9.3-1)
[2026-01-28T11:41:14+0000] [ALPM] installed libxmlb (0.3.24-1)
[2026-01-28T11:41:14+0000] [ALPM] installed appstream (1.1.1-1)
[2026-01-28T11:41:14+0000] [ALPM] installed libadwaita (1:1.8.3-1)
[2026-01-28T11:41:14+0000] [ALPM] installed baobab (49.1-1)
[2026-01-28T11:41:14+0000] [ALPM] installed libgirepository (1.86.0-2)
[2026-01-28T11:41:14+0000] [ALPM] installed gobject-introspection-runtime (1.86.0-2)
[2026-01-28T11:41:14+0000] [ALPM] installed js140 (140.7.0-1)
[2026-01-28T11:41:14+0000] [ALPM] installed gjs (2:1.86.0-1)
[2026-01-28T11:41:14+0000] [ALPM] installed cdparanoia (10.2-9)
[2026-01-28T11:41:14+0000] [ALPM] installed libtheora (1.2.0-1)
[2026-01-28T11:41:14+0000] [ALPM] installed gst-plugins-base (1.26.10-3)
[2026-01-28T11:41:14+0000] [ALPM] installed aalib (1.4rc5-19)
[2026-01-28T11:41:14+0000] [ALPM] installed libraw1394 (2.1.2-4)
[2026-01-28T11:41:14+0000] [ALPM] installed libavc1394 (0.5.4-7)
[2026-01-28T11:41:14+0000] [ALPM] installed glu (9.0.3-2)
[2026-01-28T11:41:14+0000] [ALPM] installed freeglut (3.8.0-1)
[2026-01-28T11:41:14+0000] [ALPM] installed imlib2 (1.12.6-1)
[2026-01-28T11:41:14+0000] [ALPM] installed libcaca (0.99.beta20-6)
[2026-01-28T11:41:14+0000] [ALPM] installed libdv (1.0.0-11)
[2026-01-28T11:41:14+0000] [ALPM] installed libiec61883 (1.2.0-9)
[2026-01-28T11:41:14+0000] [ALPM] installed speexdsp (1.2.1-2)
[2026-01-28T11:41:14+0000] [ALPM] installed speex (1.2.1-2)
[2026-01-28T11:41:14+0000] [ALPM] installed libshout (1:2.4.6-5)
[2026-01-28T11:41:14+0000] [ALPM] installed libvpx (1.15.2-2)
[2026-01-28T11:41:14+0000] [ALPM] installed opencore-amr (0.1.6-2)
[2026-01-28T11:41:14+0000] [ALPM] installed taglib (2.1.1-1)
[2026-01-28T11:41:14+0000] [ALPM] installed twolame (0.4.0-4)
[2026-01-28T11:41:14+0000] [ALPM] installed v4l-utils (1.32.0-1)
[2026-01-28T11:41:14+0000] [ALPM] installed wavpack (5.9.0-1)
[2026-01-28T11:41:14+0000] [ALPM] installed gst-plugins-good (1.26.10-3)
[2026-01-28T11:41:14+0000] [ALPM] installed decibels (49.0-1)
[2026-01-28T11:41:14+0000] [ALPM] installed libportal (0.9.1-2)
[2026-01-28T11:41:14+0000] [ALPM] installed libportal-gtk4 (0.9.1-2)
[2026-01-28T11:41:14+0000] [ALPM] installed enchant (2.8.14-1)
[2026-01-28T11:41:14+0000] [ALPM] installed harfbuzz-icu (12.3.2-1)
[2026-01-28T11:41:14+0000] [ALPM] installed db5.3 (5.3.28-5)
[2026-01-28T11:41:15+0000] [ALPM] installed perl (5.42.0-1)
[2026-01-28T11:41:15+0000] [ALPM] installed hyphen (2.8.8-6)
[2026-01-28T11:41:15+0000] [ALPM] installed aom (3.13.1-2)
[2026-01-28T11:41:15+0000] [ALPM] installed libyuv (r2426+464c51a03-1)
[2026-01-28T11:41:15+0000] [ALPM] installed rav1e (0.8.1-2)
[2026-01-28T11:41:15+0000] [ALPM] installed svt-av1 (3.1.2-1)
[2026-01-28T11:41:15+0000] [ALPM] installed libavif (1.3.0-3)
[2026-01-28T11:41:15+0000] [ALPM] installed hidapi (0.15.0-1)
[2026-01-28T11:41:15+0000] [ALPM] installed libmanette (0.2.13-1)
[2026-01-28T11:41:15+0000] [ALPM] installed libxslt (1.1.45-2)
[2026-01-28T11:41:15+0000] [ALPM] installed openjpeg2 (2.5.4-1)
[2026-01-28T11:41:15+0000] [ALPM] installed woff2 (1.0.2-6)
[2026-01-28T11:41:15+0000] [ALPM] installed xdg-dbus-proxy (0.1.6-1)
[2026-01-28T11:41:15+0000] [ALPM] installed webkitgtk-6.0 (2.50.4-1)
[2026-01-28T11:41:15+0000] [ALPM] installed epiphany (49.2-1)
[2026-01-28T11:41:15+0000] [ALPM] installed accountsservice (23.13.9-2)
[2026-01-28T11:41:15+0000] [ALPM] installed gnome-desktop-common (1:44.4-1)
[2026-01-28T11:41:15+0000] [ALPM] installed gnome-desktop-4 (1:44.4-1)
[2026-01-28T11:41:15+0000] [ALPM] installed gnome-autoar (0.4.5-1)
[2026-01-28T11:41:15+0000] [ALPM] installed fuse-common (3.17.4-1)
[2026-01-28T11:41:15+0000] [ALPM] installed fuse3 (3.17.4-1)
[2026-01-28T11:41:15+0000] [ALPM] installed libbluray (1.4.0-2)
[2026-01-28T11:41:15+0000] [ALPM] installed libcdio (2.3.0-1)
[2026-01-28T11:41:15+0000] [ALPM] installed libcdio-paranoia (10.2+2.0.2-1)
[2026-01-28T11:41:15+0000] [ALPM] installed libblockdev (3.4.0-2)
[2026-01-28T11:41:15+0000] [ALPM] installed volume_key (0.3.12-12)
[2026-01-28T11:41:15+0000] [ALPM] installed libblockdev-crypto (3.4.0-2)
[2026-01-28T11:41:15+0000] [ALPM] installed libbytesize (2.12-3)
[2026-01-28T11:41:15+0000] [ALPM] installed parted (3.6-2)
[2026-01-28T11:41:15+0000] [ALPM] installed libblockdev-fs (3.4.0-2)
[2026-01-28T11:41:15+0000] [ALPM] installed mdadm (4.4-2)
[2026-01-28T11:41:15+0000] [ALPM] installed libblockdev-mdraid (3.4.0-2)
[2026-01-28T11:41:15+0000] [ALPM] installed libblockdev-loop (3.4.0-2)
[2026-01-28T11:41:15+0000] [ALPM] installed liburing (2.13-1)
[2026-01-28T11:41:15+0000] [ALPM] installed libnvme (1.16.1-2)
[2026-01-28T11:41:15+0000] [ALPM] installed libblockdev-nvme (3.4.0-2)
[2026-01-28T11:41:15+0000] [ALPM] installed libblockdev-part (3.4.0-2)
[2026-01-28T11:41:15+0000] [ALPM] installed libatasmart (0.19-7)
[2026-01-28T11:41:15+0000] [ALPM] installed libblockdev-smart (3.4.0-2)
[2026-01-28T11:41:15+0000] [ALPM] installed libblockdev-swap (3.4.0-2)
[2026-01-28T11:41:15+0000] [ALPM] installed udisks2 (2.11.0-1)
[2026-01-28T11:41:15+0000] [ALPM] installed gvfs (1.58.0-2)
[2026-01-28T11:41:15+0000] [ALPM] installed libinih (61-1)
[2026-01-28T11:41:15+0000] [ALPM] installed exiv2 (0.28.7-1)
[2026-01-28T11:41:15+0000] [ALPM] installed libgexiv2 (0.14.6-2)
[2026-01-28T11:41:15+0000] [ALPM] installed exempi (2.6.6-2)
[2026-01-28T11:41:15+0000] [ALPM] installed glslang (1:1.4.335.0-1)
[2026-01-28T11:41:15+0000] [ALPM] installed gsm (1.0.23-1)
[2026-01-28T11:41:15+0000] [ALPM] installed libunibreak (6.1-1)
[2026-01-28T11:41:15+0000] [ALPM] installed libass (0.17.4-1)
[2026-01-28T11:41:15+0000] [ALPM] installed libbs2b (3.1.0-10)
[2026-01-28T11:41:15+0000] [ALPM] installed libdvdread (7.0.1-1)
[2026-01-28T11:41:15+0000] [ALPM] installed libdvdnav (7.0.0-1)
[2026-01-28T11:41:15+0000] [ALPM] installed libmodplug (0.8.9.0-6)
[2026-01-28T11:41:15+0000] [ALPM] installed portaudio (1:19.7.0-3)
[2026-01-28T11:41:15+0000] [ALPM] installed libopenmpt (0.8.4-1)
[2026-01-28T11:41:15+0000] [ALPM] installed shaderc (2025.5-1)
[2026-01-28T11:41:15+0000] [ALPM] installed libdovi (3.3.2-1)
[2026-01-28T11:41:15+0000] [ALPM] installed xxhash (0.8.3-1)
[2026-01-28T11:41:15+0000] [ALPM] installed libplacebo (7.351.0-4)
[2026-01-28T11:41:15+0000] [ALPM] installed libsoxr (0.1.3-4)
[2026-01-28T11:41:15+0000] [ALPM] installed libssh (0.11.3-1)
[2026-01-28T11:41:15+0000] [ALPM] installed libvdpau (1.5-3)
[2026-01-28T11:41:15+0000] [ALPM] installed ocl-icd (2.3.4-1)
[2026-01-28T11:41:15+0000] [ALPM] installed libvpl (2.16.0-1)
[2026-01-28T11:41:15+0000] [ALPM] installed fftw (3.3.10-7)
[2026-01-28T11:41:15+0000] [ALPM] installed libsamplerate (0.2.2-3)
[2026-01-28T11:41:15+0000] [ALPM] installed rubberband (4.0.0-1)
[2026-01-28T11:41:15+0000] [ALPM] installed sdl3 (3.4.0-2)
[2026-01-28T11:41:15+0000] [ALPM] installed sdl2-compat (2.32.62-1)
[2026-01-28T11:41:15+0000] [ALPM] installed snappy (1.2.2-2)
[2026-01-28T11:41:15+0000] [ALPM] installed srt (1.5.4-1)
[2026-01-28T11:41:15+0000] [ALPM] installed zimg (3.0.6-1)
[2026-01-28T11:41:15+0000] [ALPM] installed mpdecimal (4.0.1-1)
[2026-01-28T11:41:15+0000] [ALPM] installed python (3.14.2-2)
[2026-01-28T11:41:15+0000] [ALPM] installed vapoursynth (73-2)
[2026-01-28T11:41:15+0000] [ALPM] installed vid.stab (1.1.1-2)
[2026-01-28T11:41:15+0000] [ALPM] installed vmaf (3.0.0-1)
[2026-01-28T11:41:15+0000] [ALPM] installed l-smash (2.14.5-4)
[2026-01-28T11:41:15+0000] [ALPM] installed x264 (3:0.165.r3222.b35605a-2)
[2026-01-28T11:41:15+0000] [ALPM] installed x265 (4.1-1)
[2026-01-28T11:41:15+0000] [ALPM] installed xvidcore (1.3.7-3)
[2026-01-28T11:41:16+0000] [ALPM] installed ffmpeg (2:8.0.1-2)
[2026-01-28T11:41:16+0000] [ALPM] installed gexiv2 (0.16.0-1)
[2026-01-28T11:41:16+0000] [ALPM] installed gupnp-dlna (0.12.0-4)
[2026-01-28T11:41:16+0000] [ALPM] installed libcue (2.3.0-1)
[2026-01-28T11:41:16+0000] [ALPM] installed libexif (0.6.25-1)
[2026-01-28T11:41:16+0000] [ALPM] installed libgsf (1.14.55-1)
[2026-01-28T11:41:16+0000] [ALPM] installed libgxps (0.3.2-5)
[2026-01-28T11:41:16+0000] [ALPM] installed libiptcdata (1.0.5-5)
[2026-01-28T11:41:16+0000] [ALPM] installed osinfo-db (20251212-1)
[2026-01-28T11:41:16+0000] [ALPM] installed libosinfo (1.12.0-2)
[2026-01-28T11:41:16+0000] [ALPM] installed gpgmepp (2.0.0-2)
[2026-01-28T11:41:16+0000] [ALPM] installed poppler (26.01.0-1)
[2026-01-28T11:41:16+0000] [ALPM] installed poppler-glib (26.01.0-1)
[2026-01-28T11:41:16+0000] [ALPM] installed uchardet (0.0.8-3)
[2026-01-28T11:41:16+0000] [ALPM] installed totem-pl-parser (3.26.6+r30+g51b8439-2)
[2026-01-28T11:41:16+0000] [ALPM] installed localsearch (3.10.2-1)
[2026-01-28T11:41:16+0000] [ALPM] installed xdg-user-dirs (0.19-2)
[2026-01-28T11:41:16+0000] [ALPM-SCRIPTLET] Created symlink '/etc/systemd/user/graphical-session-pre.target.wants/xdg-user-dirs.service' -> '/usr/lib/systemd/user/xdg-user-dirs.service'.
[2026-01-28T11:41:16+0000] [ALPM] installed xdg-user-dirs-gtk (0.16-1)
[2026-01-28T11:41:16+0000] [ALPM] installed libnautilus-extension (49.3-1)
[2026-01-28T11:41:16+0000] [ALPM] installed nautilus (49.3-1)
[2026-01-28T11:41:16+0000] [ALPM] installed rtkit (0.14-1)
[2026-01-28T11:41:16+0000] [ALPM] installed xdg-desktop-portal (1.20.3-2)
[2026-01-28T11:41:16+0000] [ALPM] installed xdg-desktop-portal-gtk (1.15.3-1)
[2026-01-28T11:41:16+0000] [ALPM] installed xdg-desktop-portal-gnome (49.0-1)
[2026-01-28T11:41:16+0000] [ALPM] installed gnome-session (49.2-1)
[2026-01-28T11:41:16+0000] [ALPM] installed geoclue (2.8.0-1)
[2026-01-28T11:41:16+0000] [ALPM] installed geocode-glib-common (3.26.4-4)
[2026-01-28T11:41:16+0000] [ALPM] installed geocode-glib-2 (3.26.4-4)
[2026-01-28T11:41:16+0000] [ALPM] installed libtool (2.6.0-3)
[2026-01-28T11:41:16+0000] [ALPM] installed tdb (1.4.15-1)
[2026-01-28T11:41:16+0000] [ALPM] installed sound-theme-freedesktop (0.8-6)
[2026-01-28T11:41:16+0000] [ALPM] installed libcanberra (1:0.30+r2+gc0620e4-6)
[2026-01-28T11:41:16+0000] [ALPM] installed libgweather-4 (4.4.4-3)
[2026-01-28T11:41:16+0000] [ALPM] installed libnotify (0.8.8-1)
[2026-01-28T11:41:16+0000] [ALPM] installed gnome-settings-daemon (49.1-1)
[2026-01-28T11:41:16+0000] [ALPM] installed python-gobject (3.54.5-2)
[2026-01-28T11:41:16+0000] [ALPM] installed libibus (1.5.33-3)
[2026-01-28T11:41:16+0000] [ALPM] installed ibus (1.5.33-3)
[2026-01-28T11:41:16+0000] [ALPM] installed libgdm (49.2-1)
[2026-01-28T11:41:16+0000] [ALPM] installed libical (3.0.20-3)
[2026-01-28T11:41:16+0000] [ALPM] installed libnma-gtk4 (1.10.6-3)
[2026-01-28T11:41:16+0000] [ALPM] installed libgusb (0.4.9-2)
[2026-01-28T11:41:16+0000] [ALPM] installed colord (1.4.8-1)
[2026-01-28T11:41:16+0000] [ALPM] installed eglexternalplatform (1.2.1-1)
[2026-01-28T11:41:16+0000] [ALPM] installed egl-wayland (4:1.1.21-1)
[2026-01-28T11:41:16+0000] [ALPM] installed iio-sensor-proxy (3.8-1)
[2026-01-28T11:41:16+0000] [ALPM] installed libdisplay-info (0.3.0-1)
[2026-01-28T11:41:16+0000] [ALPM] installed libei (1.5.0-1)
[2026-01-28T11:41:16+0000] [ALPM] installed python-argcomplete (3.6.2-2)
[2026-01-28T11:41:16+0000] [ALPM] installed python-dbus (1.4.0-2)
[2026-01-28T11:41:16+0000] [ALPM] installed libdecor (0.2.5-1)
[2026-01-28T11:41:16+0000] [ALPM] installed xorg-xwayland (24.1.9-1)
[2026-01-28T11:41:16+0000] [ALPM] installed mutter (49.3-1)
[2026-01-28T11:41:16+0000] [ALPM] installed unzip (6.0-23)
[2026-01-28T11:41:16+0000] [ALPM] installed gnome-shell (1:49.3-1)
[2026-01-28T11:41:16+0000] [ALPM] installed gdm (49.2-1)
[2026-01-28T11:41:16+0000] [ALPM] installed gnome-backgrounds (49.0-1)
[2026-01-28T11:41:16+0000] [ALPM] installed gtksourceview5 (5.18.0-1)
[2026-01-28T11:41:16+0000] [ALPM] installed libgee (0.20.8-1)
[2026-01-28T11:41:16+0000] [ALPM] installed libmpc (1.3.1-2)
[2026-01-28T11:41:16+0000] [ALPM] installed gnome-calculator (49.2-1)
[2026-01-28T11:41:16+0000] [ALPM] installed libgoa (3.56.3-1)
[2026-01-28T11:41:16+0000] [ALPM] installed protobuf (33.1-3)
[2026-01-28T11:41:16+0000] [ALPM] installed libphonenumber (1:9.0.22-1)
[2026-01-28T11:41:17+0000] [ALPM] installed webkit2gtk-4.1 (2.50.4-1)
[2026-01-28T11:41:17+0000] [ALPM] installed evolution-data-server (3.58.2-2)
[2026-01-28T11:41:17+0000] [ALPM] installed libedataserverui4 (3.58.2-2)
[2026-01-28T11:41:17+0000] [ALPM] installed gnome-calendar (49.1-1)
[2026-01-28T11:41:17+0000] [ALPM] installed noto-fonts-emoji (1:2.051-1)
[2026-01-28T11:41:17+0000] [ALPM] installed gnome-characters (49.1-1)
[2026-01-28T11:41:17+0000] [ALPM] installed gnome-clocks (49.0-1)
[2026-01-28T11:41:17+0000] [ALPM] installed gnome-color-manager (3.36.2-1)
[2026-01-28T11:41:17+0000] [ALPM] installed sdl3_ttf (3.2.2-3)
[2026-01-28T11:41:17+0000] [ALPM] installed freerdp (2:3.21.0-1)
[2026-01-28T11:41:17+0000] [ALPM] installed gtk-vnc (1.5.0-1)
[2026-01-28T11:41:17+0000] [ALPM] installed libhandy (1.8.3-2)
[2026-01-28T11:41:17+0000] [ALPM] installed libcacard (2.8.1-1)
[2026-01-28T11:41:17+0000] [ALPM] installed phodav (3.0-4)
[2026-01-28T11:41:17+0000] [ALPM] installed spice-protocol (0.14.5-1)
[2026-01-28T11:41:17+0000] [ALPM] installed usbredir (0.15.0-1)
[2026-01-28T11:41:17+0000] [ALPM] installed spice-gtk (0.42-5)
[2026-01-28T11:41:17+0000] [ALPM] installed gnome-connections (49.0-1)
[2026-01-28T11:41:17+0000] [ALPM] installed libgtop (2.41.3-2)
[2026-01-28T11:41:17+0000] [ALPM] installed vte-common (0.82.3-1)
[2026-01-28T11:41:17+0000] [ALPM] installed vte4 (0.82.3-1)
[2026-01-28T11:41:17+0000] [ALPM] installed gnome-console (49.2-1)
[2026-01-28T11:41:17+0000] [ALPM] installed folks (0.15.9-2)
[2026-01-28T11:41:17+0000] [ALPM] installed librest (0.10.2-1)
[2026-01-28T11:41:17+0000] [ALPM] installed gnome-online-accounts (3.56.3-1)
[2026-01-28T11:41:17+0000] [ALPM] installed gst-plugin-gtk4 (0.14.4-1)
[2026-01-28T11:41:17+0000] [ALPM] installed qrencode (4.1.1-4)
[2026-01-28T11:41:17+0000] [ALPM] installed gnome-contacts (49.0-1)
[2026-01-28T11:41:17+0000] [ALPM] installed bolt (0.9.10-1)
[2026-01-28T11:41:17+0000] [ALPM] installed colord-gtk-common (0.3.1-1)
[2026-01-28T11:41:17+0000] [ALPM] installed colord-gtk4 (0.3.1-1)
[2026-01-28T11:41:17+0000] [ALPM] installed cups-pk-helper (0.2.7-2)
[2026-01-28T11:41:17+0000] [ALPM] installed bluez-obex (5.85-1)
[2026-01-28T11:41:17+0000] [ALPM] installed gsound (1.0.3-3)
[2026-01-28T11:41:17+0000] [ALPM] installed gnome-bluetooth-3.0 (47.1-2)
[2026-01-28T11:41:17+0000] [ALPM] installed libmalcontent (0.13.1-1)
[2026-01-28T11:41:17+0000] [ALPM] installed cracklib (2.10.3-1)
[2026-01-28T11:41:17+0000] [ALPM] installed libpwquality (1.4.5-7)
[2026-01-28T11:41:17+0000] [ALPM] installed libmd (1.1.0-2)
[2026-01-28T11:41:17+0000] [ALPM] installed libbsd (0.12.2-2)
[2026-01-28T11:41:17+0000] [ALPM] installed libwbclient (2:4.23.5-1)
[2026-01-28T11:41:17+0000] [ALPM] installed talloc (2.4.3-2)
[2026-01-28T11:41:17+0000] [ALPM] installed cifs-utils (7.4-1)
[2026-01-28T11:41:17+0000] [ALPM] installed tevent (1:0.17.1-2)
[2026-01-28T11:41:17+0000] [ALPM] installed ldb (2:4.23.5-1)
[2026-01-28T11:41:17+0000] [ALPM] installed smbclient (2:4.23.5-1)
[2026-01-28T11:41:17+0000] [ALPM] installed tecla (49.0-1)
[2026-01-28T11:41:17+0000] [ALPM] installed gnome-keybindings (49.3-1)
[2026-01-28T11:41:17+0000] [ALPM] installed gnome-control-center (49.3-1)
[2026-01-28T11:41:17+0000] [ALPM] installed gnome-disk-utility (46.1-2)
[2026-01-28T11:41:17+0000] [ALPM] installed gnome-font-viewer (49.0-1)
[2026-01-28T11:41:17+0000] [ALPM] installed gcr (3.41.2-2)
[2026-01-28T11:41:17+0000] [ALPM] installed gnome-keyring (1:48.0-1)
[2026-01-28T11:41:17+0000] [ALPM-SCRIPTLET] Created symlink '/etc/systemd/user/sockets.target.wants/gnome-keyring-daemon.socket' -> '/usr/lib/systemd/user/gnome-keyring-daemon.socket'.
[2026-01-28T11:41:17+0000] [ALPM] installed gnome-logs (49.0-1)
[2026-01-28T11:41:17+0000] [ALPM] installed protobuf-c (1.5.2-8)
[2026-01-28T11:41:17+0000] [ALPM] installed libshumate (1.5.2-1)
[2026-01-28T11:41:17+0000] [ALPM] installed gnome-maps (49.3-1)
[2026-01-28T11:41:17+0000] [ALPM] installed gnome-menus (3.38.1-1)
[2026-01-28T11:41:17+0000] [ALPM] installed grilo (0.3.19-1)
[2026-01-28T11:41:17+0000] [ALPM] installed chromaprint (1.6.0-2)
[2026-01-28T11:41:17+0000] [ALPM] installed gom (0.5.5-2)
[2026-01-28T11:41:17+0000] [ALPM] installed faac (1.31.1-1)
[2026-01-28T11:41:17+0000] [ALPM] installed faad2 (2.11.2-1)
[2026-01-28T11:41:17+0000] [ALPM] installed fluidsynth (2.5.2-1)
[2026-01-28T11:41:17+0000] [ALPM] installed imath (3.2.2-3)
[2026-01-28T11:41:17+0000] [ALPM] installed libavtp (0.2.0-3)
[2026-01-28T11:41:17+0000] [ALPM] installed libdc1394 (2.2.7-1)
[2026-01-28T11:41:17+0000] [ALPM] installed libdca (0.0.7-2)
[2026-01-28T11:41:17+0000] [ALPM] installed libde265 (1.0.16-2)
[2026-01-28T11:41:17+0000] [ALPM] installed libgme (0.6.4-1)
[2026-01-28T11:41:17+0000] [ALPM] installed raptor (2.0.16-9)
[2026-01-28T11:41:17+0000] [ALPM] installed liblrdf (0.6.1-5)
[2026-01-28T11:41:17+0000] [ALPM] installed libltc (1.3.2-2)
[2026-01-28T11:41:17+0000] [ALPM] installed libmicrodns (0.2.0-2)
[2026-01-28T11:41:17+0000] [ALPM] installed libmpcdec (1:0.1+r475-6)
[2026-01-28T11:41:17+0000] [ALPM] installed libsrtp (1:2.7.0-1)
[2026-01-28T11:41:17+0000] [ALPM] installed mjpegtools (2.2.1-3)
[2026-01-28T11:41:17+0000] [ALPM] installed neon (0.36.0-1)
[2026-01-28T11:41:17+0000] [ALPM] installed openal (1.25.1-1)
[2026-01-28T11:41:17+0000] [ALPM] installed openexr (3.4.4-1)
[2026-01-28T11:41:17+0000] [ALPM] installed openh264 (2.6.0-1)
[2026-01-28T11:41:17+0000] [ALPM] installed rtmpdump (1:2.6-1)
[2026-01-28T11:41:17+0000] [ALPM] installed soundtouch (2.4.0-1)
[2026-01-28T11:41:17+0000] [ALPM] installed spandsp (0.0.6-6)
[2026-01-28T11:41:17+0000] [ALPM] installed svt-hevc (1.5.1-3)
[2026-01-28T11:41:17+0000] [ALPM] installed wildmidi (0.4.6-1)
[2026-01-28T11:41:17+0000] [ALPM] installed liblqr (0.4.3-1)
[2026-01-28T11:41:17+0000] [ALPM] installed libraqm (0.10.3-1)
[2026-01-28T11:41:18+0000] [ALPM] installed imagemagick (7.1.2.13-1)
[2026-01-28T11:41:18+0000] [ALPM] installed zbar (0.23.93-5)
[2026-01-28T11:41:18+0000] [ALPM] installed zvbi (0.2.44-1)
[2026-01-28T11:41:18+0000] [ALPM] installed zxing-cpp (2.3.0-5)
[2026-01-28T11:41:18+0000] [ALPM] installed gst-plugins-bad (1.26.10-3)
[2026-01-28T11:41:18+0000] [ALPM] installed libdmapsharing (3.9.13-1)
[2026-01-28T11:41:18+0000] [ALPM] installed libmediaart (1.9.7-1)
[2026-01-28T11:41:18+0000] [ALPM] installed liboauth (1:1.0.3+r16+gc26f038-2)
[2026-01-28T11:41:18+0000] [ALPM] installed grilo-plugins (1:0.3.18-1)
[2026-01-28T11:41:18+0000] [ALPM] installed python-cairo (1.29.0-2)
[2026-01-28T11:41:18+0000] [ALPM] installed gnome-music (1:49.1-2)
[2026-01-28T11:41:18+0000] [ALPM] installed libvncserver (0.9.14-4)
[2026-01-28T11:41:18+0000] [ALPM] installed gnome-remote-desktop (49.2-1)
[2026-01-28T11:41:18+0000] [ALPM] installed gnome-app-list (3.0-1)
[2026-01-28T11:41:18+0000] [ALPM] installed gnome-software (49.3-1)
[2026-01-28T11:41:18+0000] [ALPM] installed libsigc++-3.0 (3.8.0-1)
[2026-01-28T11:41:18+0000] [ALPM] installed glibmm-2.68 (2.86.0-1)
[2026-01-28T11:41:18+0000] [ALPM] installed cairomm-1.16 (1.18.0-2)
[2026-01-28T11:41:18+0000] [ALPM] installed pangomm-2.48 (2.56.1-1)
[2026-01-28T11:41:18+0000] [ALPM] installed gtkmm-4.0 (4.20.0-1)
[2026-01-28T11:41:18+0000] [ALPM] installed gnome-system-monitor (49.1-1)
[2026-01-28T11:41:18+0000] [ALPM] installed editorconfig-core-c (0.12.10-1)
[2026-01-28T11:41:18+0000] [ALPM] installed libspelling (0.4.9-2)
[2026-01-28T11:41:18+0000] [ALPM] installed gnome-text-editor (49.1-1)
[2026-01-28T11:41:18+0000] [ALPM] installed gnome-tour (49.0-1)
[2026-01-28T11:41:18+0000] [ALPM] installed yelp-xsl (49.0-1)
[2026-01-28T11:41:18+0000] [ALPM] installed yelp (49.0-1)
[2026-01-28T11:41:19+0000] [ALPM] installed gnome-user-docs (49.1-1)
[2026-01-28T11:41:19+0000] [ALPM] installed apr (1.7.6-1)
[2026-01-28T11:41:19+0000] [ALPM] installed apr-util (1.6.3-2)
[2026-01-28T11:41:19+0000] [ALPM] installed apache (2.4.66-1)
[2026-01-28T11:41:19+0000] [ALPM] installed mod_dnssd (0.6-9)
[2026-01-28T11:41:19+0000] [ALPM] installed gnome-user-share (48.2-1)
[2026-01-28T11:41:19+0000] [ALPM] installed gnome-weather (49.0-1)
[2026-01-28T11:41:19+0000] [ALPM] installed usbmuxd (1.1.1-4)
[2026-01-28T11:41:19+0000] [ALPM] installed gvfs-afc (1.58.0-2)
[2026-01-28T11:41:19+0000] [ALPM] installed gvfs-dnssd (1.58.0-2)
[2026-01-28T11:41:19+0000] [ALPM] installed gvfs-goa (1.58.0-2)
[2026-01-28T11:41:19+0000] [ALPM] installed libsoup (2.74.3-4)
[2026-01-28T11:41:19+0000] [ALPM] installed libgdata (0.18.1-4)
[2026-01-28T11:41:19+0000] [ALPM] installed gvfs-google (1.58.0-2)
[2026-01-28T11:41:19+0000] [ALPM] installed libheif (1.21.2-1)
[2026-01-28T11:41:19+0000] [ALPM] installed gd (2.3.3-9)
[2026-01-28T11:41:19+0000] [ALPM] installed libgphoto2 (2.5.33-1)
[2026-01-28T11:41:19+0000] [ALPM] installed gvfs-gphoto2 (1.58.0-2)
[2026-01-28T11:41:19+0000] [ALPM] installed libmtp (1.1.22-1)
[2026-01-28T11:41:19+0000] [ALPM] installed gvfs-mtp (1.58.0-2)
[2026-01-28T11:41:19+0000] [ALPM] installed libnfs (6.0.2-5)
[2026-01-28T11:41:19+0000] [ALPM] installed gvfs-nfs (1.58.0-2)
[2026-01-28T11:41:19+0000] [ALPM] installed msgraph (0.3.4-1)
[2026-01-28T11:41:19+0000] [ALPM] installed gvfs-onedrive (1.58.0-2)
[2026-01-28T11:41:19+0000] [ALPM] installed gvfs-smb (1.58.0-2)
[2026-01-28T11:41:19+0000] [ALPM] installed python-defusedxml (0.7.1-8)
[2026-01-28T11:41:19+0000] [ALPM] installed python-systemd (235-5)
[2026-01-28T11:41:19+0000] [ALPM] installed wsdd (0.9-2)
[2026-01-28T11:41:19+0000] [ALPM] installed gvfs-wsdd (1.58.0-2)
[2026-01-28T11:41:19+0000] [ALPM] installed loupe (49.2-1)
[2026-01-28T11:41:19+0000] [ALPM] installed composefs (1.0.8-1)
[2026-01-28T11:41:19+0000] [ALPM] installed which (2.23-1)
[2026-01-28T11:41:19+0000] [ALPM] installed ostree (2025.7-2)
[2026-01-28T11:41:19+0000] [ALPM] installed flatpak (1:1.16.3-1)
[2026-01-28T11:41:19+0000] [ALPM] installed malcontent (0.13.1-1)
[2026-01-28T11:41:19+0000] [ALPM] installed libyaml (0.2.5-3)
[2026-01-28T11:41:19+0000] [ALPM] installed liblouis (3.36.0-2)
[2026-01-28T11:41:19+0000] [ALPM] installed libspeechd (0.12.1-3)
[2026-01-28T11:41:19+0000] [ALPM] installed brltty (6.8-6)
[2026-01-28T11:41:20+0000] [ALPM-SCRIPTLET] brltty-genkey: key generated
[2026-01-28T11:41:20+0000] [ALPM-SCRIPTLET] Please add your user to the brlapi group.
[2026-01-28T11:41:20+0000] [ALPM] installed libxres (1.2.3-1)
[2026-01-28T11:41:20+0000] [ALPM] installed libwnck3 (43.3-1)
[2026-01-28T11:41:20+0000] [ALPM] installed python-dasbus (1.7-5)
[2026-01-28T11:41:20+0000] [ALPM] installed python-psutil (7.2.1-1)
[2026-01-28T11:41:20+0000] [ALPM] installed python-setproctitle (1.3.7-2)
[2026-01-28T11:41:20+0000] [ALPM] installed python-pyxdg (0.28-7)
[2026-01-28T11:41:20+0000] [ALPM] installed dotconf (1.4.1-1)
[2026-01-28T11:41:20+0000] [ALPM] installed libao (1.2.2-7)
[2026-01-28T11:41:20+0000] [ALPM] installed speech-dispatcher (0.12.1-3)
[2026-01-28T11:41:20+0000] [ALPM-SCRIPTLET] Created symlink '/etc/systemd/user/sockets.target.wants/speech-dispatcher.socket' -> '/usr/lib/systemd/user/speech-dispatcher.socket'.
[2026-01-28T11:41:20+0000] [ALPM] installed orca (49.5-2)
[2026-01-28T11:41:20+0000] [ALPM] installed djvulibre (3.5.29-1)
[2026-01-28T11:41:20+0000] [ALPM] installed papers (49.3-1)
[2026-01-28T11:41:20+0000] [ALPM] installed gst-devtools-libs (1.26.10-3)
[2026-01-28T11:41:20+0000] [ALPM] installed python-typing_extensions (4.15.0-3)
[2026-01-28T11:41:20+0000] [ALPM] installed gst-python (1.26.10-3)
[2026-01-28T11:41:20+0000] [ALPM] installed gst-editing-services (1.26.10-3)
[2026-01-28T11:41:20+0000] [ALPM] installed gupnp-av (0.14.4-1)
[2026-01-28T11:41:20+0000] [ALPM] installed rygel (1:45.1-1)
[2026-01-28T11:41:20+0000] [ALPM] installed showtime (49.1-2)
[2026-01-28T11:41:20+0000] [ALPM] installed libieee1284 (0.2.11-19)
[2026-01-28T11:41:20+0000] [ALPM] installed net-snmp (5.9.5.2-1)
[2026-01-28T11:41:20+0000] [ALPM] installed sane (1.4.0-3)
[2026-01-28T11:41:20+0000] [ALPM] installed colord-sane (1.4.8-1)
[2026-01-28T11:41:20+0000] [ALPM] installed simple-scan (49.1-1)
[2026-01-28T11:41:20+0000] [ALPM] installed snapshot (49.1-1)
[2026-01-28T11:41:20+0000] [ALPM] installed gnome-desktop (1:44.4-1)
[2026-01-28T11:41:20+0000] [ALPM] installed gsfonts (20200910-6)
[2026-01-28T11:41:20+0000] [ALPM] installed gspell (1.14.2-1)
[2026-01-28T11:41:20+0000] [ALPM] installed jbig2dec (0.20-1)
[2026-01-28T11:41:20+0000] [ALPM] installed libpaper (2.2.7-1)
[2026-01-28T11:41:20+0000] [ALPM] installed ijs (0.35-6)
[2026-01-28T11:41:20+0000] [ALPM] installed libidn (1.43-1)
[2026-01-28T11:41:20+0000] [ALPM] installed poppler-data (0.4.12-2)
[2026-01-28T11:41:20+0000] [ALPM] installed ghostscript (10.06.0-1)
[2026-01-28T11:41:20+0000] [ALPM] installed libspectre (0.2.12-2)
[2026-01-28T11:41:20+0000] [ALPM] installed libsynctex (2025.2-3)
[2026-01-28T11:41:20+0000] [ALPM] installed evince (1:48.1-1)
[2026-01-28T11:41:20+0000] [ALPM] installed gst-plugin-gtk (1.26.10-3)
[2026-01-28T11:41:20+0000] [ALPM] installed gtksourceview4 (4.8.4-2)
[2026-01-28T11:41:20+0000] [ALPM] installed sushi (46.0-2)
[2026-01-28T11:41:20+0000] [ALPM] installed gnome-tweaks (49.0-2)
[2026-01-28T11:41:21+0000] [ALPM] transaction completed
[2026-01-28T11:41:21+0000] [ALPM] running '20-systemd-sysusers.hook'...
[2026-01-28T11:41:21+0000] [ALPM-SCRIPTLET] Creating group 'brlapi' with GID 966.
[2026-01-28T11:41:21+0000] [ALPM-SCRIPTLET] Creating group 'gdm' with GID 120.
[2026-01-28T11:41:21+0000] [ALPM-SCRIPTLET] Creating group 'brltty' with GID 965.
[2026-01-28T11:41:21+0000] [ALPM-SCRIPTLET] Creating user 'brltty' (Braille Device Daemon) with UID 965 and GID 965.
[2026-01-28T11:41:21+0000] [ALPM-SCRIPTLET] Creating group 'colord' with GID 964.
[2026-01-28T11:41:21+0000] [ALPM-SCRIPTLET] Creating user 'colord' (colord colour management daemon) with UID 964 and GID 964.
[2026-01-28T11:41:21+0000] [ALPM-SCRIPTLET] Creating group 'flatpak' with GID 963.
[2026-01-28T11:41:21+0000] [ALPM-SCRIPTLET] Creating user 'flatpak' (Flatpak system helper) with UID 963 and GID 963.
[2026-01-28T11:41:21+0000] [ALPM-SCRIPTLET] Creating user 'gdm' (Gnome Display Manager) with UID 120 and GID 120.
[2026-01-28T11:41:21+0000] [ALPM-SCRIPTLET] Creating group 'geoclue' with GID 962.
[2026-01-28T11:41:21+0000] [ALPM-SCRIPTLET] Creating user 'geoclue' (n/a) with UID 962 and GID 962.
[2026-01-28T11:41:21+0000] [ALPM-SCRIPTLET] Creating group 'gnome-remote-desktop' with GID 961.
[2026-01-28T11:41:21+0000] [ALPM-SCRIPTLET] Creating user 'gnome-remote-desktop' (GNOME Remote Desktop) with UID 961 and GID 961.
[2026-01-28T11:41:21+0000] [ALPM-SCRIPTLET] Creating group 'rtkit' with GID 960.
[2026-01-28T11:41:21+0000] [ALPM-SCRIPTLET] Creating user 'rtkit' (RealtimeKit) with UID 960 and GID 960.
[2026-01-28T11:41:21+0000] [ALPM-SCRIPTLET] Creating group 'saned' with GID 959.
[2026-01-28T11:41:21+0000] [ALPM-SCRIPTLET] Creating user 'saned' (SANE daemon user) with UID 959 and GID 959.
[2026-01-28T11:41:21+0000] [ALPM-SCRIPTLET] Creating group 'usbmux' with GID 140.
[2026-01-28T11:41:21+0000] [ALPM-SCRIPTLET] Creating user 'usbmux' (usbmux user) with UID 140 and GID 140.
[2026-01-28T11:41:21+0000] [ALPM] running '21-systemd-tmpfiles.hook'...
[2026-01-28T11:41:21+0000] [ALPM] running '25-systemd-hwdb.hook'...
[2026-01-28T11:41:21+0000] [ALPM] running '30-systemd-daemon-reload-system.hook'...
[2026-01-28T11:41:21+0000] [ALPM-SCRIPTLET]   Skipped: Running in chroot.
[2026-01-28T11:41:21+0000] [ALPM] running '30-systemd-daemon-reload-user.hook'...
[2026-01-28T11:41:21+0000] [ALPM-SCRIPTLET]   Skipped: Running in chroot.
[2026-01-28T11:41:21+0000] [ALPM] running '30-update-mime-database.hook'...
[2026-01-28T11:41:22+0000] [ALPM] running '35-systemd-udev-reload.hook'...
[2026-01-28T11:41:22+0000] [ALPM-SCRIPTLET]   Skipped: Running in chroot.
[2026-01-28T11:41:22+0000] [ALPM] running '35-systemd-update.hook'...
[2026-01-28T11:41:22+0000] [ALPM] running '40-fontconfig-config.hook'...
[2026-01-28T11:41:22+0000] [ALPM] running '90-mkinitcpio-install.hook'...
[2026-01-28T11:41:22+0000] [ALPM-SCRIPTLET] ==> Building image from preset: /etc/mkinitcpio.d/linux.preset: 'default'
[2026-01-28T11:41:22+0000] [ALPM-SCRIPTLET] ==> Using default configuration file: '/etc/mkinitcpio.conf'
[2026-01-28T11:41:22+0000] [ALPM-SCRIPTLET]   -> -k /boot/vmlinuz-linux -g /boot/initramfs-linux.img
[2026-01-28T11:41:22+0000] [ALPM-SCRIPTLET] ==> Starting build: '6.18.6-arch1-1'
[2026-01-28T11:41:22+0000] [ALPM-SCRIPTLET]   -> Running build hook: [base]
[2026-01-28T11:41:22+0000] [ALPM-SCRIPTLET]   -> Running build hook: [udev]
[2026-01-28T11:41:22+0000] [ALPM-SCRIPTLET]   -> Running build hook: [autodetect]
[2026-01-28T11:41:23+0000] [ALPM-SCRIPTLET]   -> Running build hook: [microcode]
[2026-01-28T11:41:23+0000] [ALPM-SCRIPTLET]   -> Running build hook: [modconf]
[2026-01-28T11:41:23+0000] [ALPM-SCRIPTLET]   -> Running build hook: [kms]
[2026-01-28T11:41:26+0000] [ALPM-SCRIPTLET]   -> Running build hook: [keyboard]
[2026-01-28T11:41:26+0000] [ALPM-SCRIPTLET]   -> Running build hook: [keymap]
[2026-01-28T11:41:26+0000] [ALPM-SCRIPTLET]   -> Running build hook: [consolefont]
[2026-01-28T11:41:26+0000] [ALPM-SCRIPTLET]   -> Running build hook: [block]
[2026-01-28T11:41:26+0000] [ALPM-SCRIPTLET]   -> Running build hook: [filesystems]
[2026-01-28T11:41:26+0000] [ALPM-SCRIPTLET]   -> Running build hook: [fsck]
[2026-01-28T11:41:27+0000] [ALPM-SCRIPTLET] ==> Generating module dependencies
[2026-01-28T11:41:27+0000] [ALPM-SCRIPTLET] ==> Creating zstd-compressed initcpio image: '/boot/initramfs-linux.img'
[2026-01-28T11:41:27+0000] [ALPM-SCRIPTLET]   -> Early uncompressed CPIO image generation successful
[2026-01-28T11:41:27+0000] [ALPM-SCRIPTLET] ==> Initcpio image generation successful
[2026-01-28T11:41:27+0000] [ALPM] running '90-update-appstream-cache.hook'...
[2026-01-28T11:41:27+0000] [ALPM-SCRIPTLET] ✔ Metadata cache was updated successfully.
[2026-01-28T11:41:27+0000] [ALPM] running 'accounts-daemon-restart.hook'...
[2026-01-28T11:41:27+0000] [ALPM-SCRIPTLET] Running in chroot, ignoring command 'try-restart'
[2026-01-28T11:41:27+0000] [ALPM] running 'dbus-reload.hook'...
[2026-01-28T11:41:27+0000] [ALPM-SCRIPTLET]   Skipped: Running in chroot.
[2026-01-28T11:41:27+0000] [ALPM] running 'dconf-update.hook'...
[2026-01-28T11:41:27+0000] [ALPM] running 'detect-old-perl-modules.hook'...
[2026-01-28T11:41:28+0000] [ALPM] running 'fontconfig.hook'...
[2026-01-28T11:41:28+0000] [ALPM] running 'gio-querymodules.hook'...
[2026-01-28T11:41:28+0000] [ALPM] running 'glib-compile-schemas.hook'...
[2026-01-28T11:41:28+0000] [ALPM] running 'gtk-query-immodules-3.0.hook'...
[2026-01-28T11:41:28+0000] [ALPM] running 'gtk-update-icon-cache.hook'...
[2026-01-28T11:41:28+0000] [ALPM] running 'gtk4-querymodules.hook'...
[2026-01-28T11:41:28+0000] [ALPM] running 'gvfsd.hook'...
[2026-01-28T11:41:28+0000] [ALPM] running 'update-desktop-database.hook'...
[2026-01-28T11:41:28+0000] [PACMAN] Running 'pacman -b /mnt//var/lib/pacman/ -r /mnt -Sy --noconfirm --needed --config=/tmp/pacman.conf.IHQA --disable-sandbox --noconfirm --cachedir=/mnt//var/cache/pacman/pkg/ linux-headers'
[2026-01-28T11:41:28+0000] [PACMAN] synchronizing package lists
[2026-01-28T11:42:20+0000] [ALPM] transaction started
[2026-01-28T11:42:20+0000] [ALPM] installed pahole (1:1.31-2)
[2026-01-28T11:42:22+0000] [ALPM] installed linux-headers (6.18.6.arch1-1)
[2026-01-28T11:42:22+0000] [ALPM] transaction completed
[2026-01-28T11:42:22+0000] [ALPM] running '35-systemd-update.hook'...
[2026-01-28T11:42:22+0000] [ALPM] running '60-depmod.hook'...
[2026-01-28T11:42:23+0000] [PACMAN] Running 'pacman -b /mnt//var/lib/pacman/ -r /mnt -Sy --noconfirm --needed --config=/tmp/pacman.conf.PZ6F --disable-sandbox --noconfirm --cachedir=/mnt//var/cache/pacman/pkg/ xorg-server xorg-xinit nvidia-open-dkms dkms libva-nvidia-driver'
[2026-01-28T11:42:23+0000] [PACMAN] synchronizing package lists
[2026-01-28T12:04:46+0000] [ALPM] transaction started
[2026-01-28T12:04:46+0000] [ALPM] installed xorg-xauth (1.1.5-1)
[2026-01-28T12:04:46+0000] [ALPM] installed xorg-xinit (1.4.4-1)
[2026-01-28T12:04:46+0000] [ALPM] installed libisl (0.27-1)
[2026-01-28T12:04:46+0000] [ALPM] installed gcc (15.2.1+r447+g6a64f6c3ebb8-1)
[2026-01-28T12:04:46+0000] [ALPM] installed gc (8.2.10-2)
[2026-01-28T12:04:46+0000] [ALPM] installed guile (3.0.11-1)
[2026-01-28T12:04:46+0000] [ALPM] installed make (4.4.1-2)
[2026-01-28T12:04:46+0000] [ALPM] installed patch (2.8-1)
[2026-01-28T12:04:46+0000] [ALPM] installed dkms (3.3.0-1)
[2026-01-28T12:04:46+0000] [ALPM] installed egl-wayland2 (1.0.0.rc.r57.g1893c37-1)
[2026-01-28T12:04:46+0000] [ALPM] installed egl-gbm (1.1.3-1)
[2026-01-28T12:04:46+0000] [ALPM] installed egl-x11 (1.0.4-1)
[2026-01-28T12:04:48+0000] [ALPM] installed nvidia-utils (590.48.01-2)
[2026-01-28T12:04:48+0000] [ALPM-SCRIPTLET] Created symlink '/etc/systemd/system/systemd-suspend.service.wants/nvidia-resume.service' -> '/usr/lib/systemd/system/nvidia-resume.service'.
[2026-01-28T12:04:48+0000] [ALPM-SCRIPTLET] Created symlink '/etc/systemd/system/systemd-hibernate.service.wants/nvidia-resume.service' -> '/usr/lib/systemd/system/nvidia-resume.service'.
[2026-01-28T12:04:48+0000] [ALPM-SCRIPTLET] Created symlink '/etc/systemd/system/systemd-suspend-then-hibernate.service.wants/nvidia-resume.service' -> '/usr/lib/systemd/system/nvidia-resume.service'.
[2026-01-28T12:04:48+0000] [ALPM-SCRIPTLET] Created symlink '/etc/systemd/system/systemd-hibernate.service.wants/nvidia-hibernate.service' -> '/usr/lib/systemd/system/nvidia-hibernate.service'.
[2026-01-28T12:04:48+0000] [ALPM-SCRIPTLET] Created symlink '/etc/systemd/system/systemd-suspend.service.wants/nvidia-suspend.service' -> '/usr/lib/systemd/system/nvidia-suspend.service'.
[2026-01-28T12:04:48+0000] [ALPM-SCRIPTLET] Created symlink '/etc/systemd/system/systemd-suspend-then-hibernate.service.wants/nvidia-suspend-then-hibernate.service' -> '/usr/lib/systemd/system/nvidia-suspend-then-hibernate.service'.
[2026-01-28T12:04:48+0000] [ALPM] installed nvidia-open-dkms (590.48.01-2)
[2026-01-28T12:04:48+0000] [ALPM] installed libva-nvidia-driver (0.0.14-1)
[2026-01-28T12:04:48+0000] [ALPM] transaction completed
[2026-01-28T12:04:48+0000] [ALPM] running '20-systemd-sysusers.hook'...
[2026-01-28T12:04:48+0000] [ALPM-SCRIPTLET] Creating group 'nvidia-persistenced' with GID 143.
[2026-01-28T12:04:48+0000] [ALPM-SCRIPTLET] Creating user 'nvidia-persistenced' (NVIDIA Persistence Daemon) with UID 143 and GID 143.
[2026-01-28T12:04:48+0000] [ALPM] running '30-systemd-daemon-reload-system.hook'...
[2026-01-28T12:04:48+0000] [ALPM-SCRIPTLET]   Skipped: Running in chroot.
[2026-01-28T12:04:48+0000] [ALPM] running '35-systemd-udev-reload.hook'...
[2026-01-28T12:04:48+0000] [ALPM-SCRIPTLET]   Skipped: Running in chroot.
[2026-01-28T12:04:48+0000] [ALPM] running '35-systemd-update.hook'...
[2026-01-28T12:04:48+0000] [ALPM] running '70-dkms-install.hook'...
[2026-01-28T12:04:48+0000] [ALPM-SCRIPTLET] ==> dkms install --no-depmod nvidia/590.48.01 -k 6.18.6-arch1-1
[2026-01-28T12:05:59+0000] [ALPM-SCRIPTLET] ==> depmod 6.18.6-arch1-1
[2026-01-28T12:06:02+0000] [ALPM] running '90-mkinitcpio-install.hook'...
[2026-01-28T12:06:02+0000] [ALPM-SCRIPTLET] ==> Building image from preset: /etc/mkinitcpio.d/linux.preset: 'default'
[2026-01-28T12:06:02+0000] [ALPM-SCRIPTLET] ==> Using default configuration file: '/etc/mkinitcpio.conf'
[2026-01-28T12:06:02+0000] [ALPM-SCRIPTLET]   -> -k /boot/vmlinuz-linux -g /boot/initramfs-linux.img
[2026-01-28T12:06:02+0000] [ALPM-SCRIPTLET] ==> Starting build: '6.18.6-arch1-1'
[2026-01-28T12:06:03+0000] [ALPM-SCRIPTLET]   -> Running build hook: [base]
[2026-01-28T12:06:03+0000] [ALPM-SCRIPTLET]   -> Running build hook: [udev]
[2026-01-28T12:06:03+0000] [ALPM-SCRIPTLET]   -> Running build hook: [autodetect]
[2026-01-28T12:06:03+0000] [ALPM-SCRIPTLET]   -> Running build hook: [microcode]
[2026-01-28T12:06:03+0000] [ALPM-SCRIPTLET]   -> Running build hook: [modconf]
[2026-01-28T12:06:03+0000] [ALPM-SCRIPTLET]   -> Running build hook: [kms]
[2026-01-28T12:06:07+0000] [ALPM-SCRIPTLET]   -> Running build hook: [keyboard]
[2026-01-28T12:06:07+0000] [ALPM-SCRIPTLET]   -> Running build hook: [keymap]
[2026-01-28T12:06:07+0000] [ALPM-SCRIPTLET]   -> Running build hook: [consolefont]
[2026-01-28T12:06:07+0000] [ALPM-SCRIPTLET]   -> Running build hook: [block]
[2026-01-28T12:06:08+0000] [ALPM-SCRIPTLET]   -> Running build hook: [filesystems]
[2026-01-28T12:06:08+0000] [ALPM-SCRIPTLET]   -> Running build hook: [fsck]
[2026-01-28T12:06:08+0000] [ALPM-SCRIPTLET] ==> Generating module dependencies
[2026-01-28T12:06:08+0000] [ALPM-SCRIPTLET] ==> Creating zstd-compressed initcpio image: '/boot/initramfs-linux.img'
[2026-01-28T12:06:08+0000] [ALPM-SCRIPTLET]   -> Early uncompressed CPIO image generation successful
[2026-01-28T12:06:08+0000] [ALPM-SCRIPTLET] ==> Initcpio image generation successful
[2026-01-28T12:06:08+0000] [ALPM] running 'dbus-reload.hook'...
[2026-01-28T12:06:08+0000] [ALPM-SCRIPTLET]   Skipped: Running in chroot.
[2026-01-28T12:06:08+0000] [PACMAN] Running 'pacman -b /mnt//var/lib/pacman/ -r /mnt -Sy --noconfirm --needed --config=/tmp/pacman.conf.ImQS --disable-sandbox --noconfirm --cachedir=/mnt//var/cache/pacman/pkg/ gdm'
[2026-01-28T12:06:08+0000] [PACMAN] synchronizing package lists
[2026-01-28T12:11:56+0000] [PACMAN] Running 'pacman -S fastfetch'
[2026-01-28T12:12:07+0000] [ALPM] transaction started
[2026-01-28T12:12:07+0000] [ALPM] installed yyjson (0.12.0-1)
[2026-01-28T12:12:07+0000] [ALPM] installed fastfetch (2.58.0-1)
[2026-01-28T12:12:07+0000] [ALPM] transaction completed
[2026-01-28T12:12:07+0000] [ALPM] running '35-systemd-update.hook'...
[2026-01-28T12:35:05+0000] [PACMAN] Running 'pacman -Syu'
[2026-01-28T12:35:05+0000] [PACMAN] synchronizing package lists
[2026-01-28T12:35:10+0000] [PACMAN] starting full system upgrade
[2026-01-28T12:37:16+0000] [PACMAN] Running 'pacman -S --needed base-devel git'
[2026-01-28T12:37:24+0000] [ALPM] transaction started
[2026-01-28T12:37:24+0000] [ALPM] installed m4 (1.4.20-1)
[2026-01-28T12:37:24+0000] [ALPM] installed autoconf (2.72-1)
[2026-01-28T12:37:24+0000] [ALPM] installed automake (1.18.1-1)
[2026-01-28T12:37:24+0000] [ALPM] installed bison (3.8.2-8)
[2026-01-28T12:37:24+0000] [ALPM] installed debugedit (5.2-1)
[2026-01-28T12:37:24+0000] [ALPM] installed fakeroot (1.37.2-1)
[2026-01-28T12:37:24+0000] [ALPM] installed flex (2.6.4-5)
[2026-01-28T12:37:24+0000] [ALPM] installed groff (1.23.0-7)
[2026-01-28T12:37:24+0000] [ALPM] installed pkgconf (2.5.1-1)
[2026-01-28T12:37:24+0000] [ALPM] installed texinfo (7.2-1)
[2026-01-28T12:37:24+0000] [ALPM] installed base-devel (1-2)
[2026-01-28T12:37:24+0000] [ALPM] installed perl-error (0.17030-3)
[2026-01-28T12:37:24+0000] [ALPM] installed perl-timedate (2.33-9)
[2026-01-28T12:37:24+0000] [ALPM] installed perl-mailtools (2.22-3)
[2026-01-28T12:37:24+0000] [ALPM] installed zlib-ng (2.3.2-1)
[2026-01-28T12:37:24+0000] [ALPM] installed git (2.52.0-2)
[2026-01-28T12:37:24+0000] [ALPM] transaction completed
[2026-01-28T12:37:24+0000] [ALPM] running '20-systemd-sysusers.hook'...
[2026-01-28T12:37:24+0000] [ALPM-SCRIPTLET] Creating group 'git' with GID 958.
[2026-01-28T12:37:24+0000] [ALPM-SCRIPTLET] Creating user 'git' (git daemon user) with UID 958 and GID 958.
[2026-01-28T12:37:24+0000] [ALPM] running '30-systemd-daemon-reload-system.hook'...
[2026-01-28T12:37:24+0000] [ALPM] running '35-systemd-update.hook'...
[2026-01-28T12:37:24+0000] [ALPM] running 'texinfo-install.hook'...
[2026-01-28T12:40:40+0000] [PACMAN] Running '/usr/bin/pacman -S --asdeps go>=1.24'
[2026-01-28T12:42:19+0000] [ALPM] transaction started
[2026-01-28T12:42:20+0000] [ALPM] installed go (2:1.25.6-1)
[2026-01-28T12:42:20+0000] [ALPM] transaction completed
[2026-01-28T12:42:20+0000] [ALPM] running '35-systemd-update.hook'...
[2026-01-28T12:42:54+0000] [PACMAN] Running '/usr/bin/pacman -U /home/soi/yay/yay-12.5.7-1-x86_64.pkg.tar.zst /home/soi/yay/yay-debug-12.5.7-1-x86_64.pkg.tar.zst'
[2026-01-28T12:42:55+0000] [ALPM] transaction started
[2026-01-28T12:42:55+0000] [ALPM] installed yay (12.5.7-1)
[2026-01-28T12:42:55+0000] [ALPM] installed yay-debug (12.5.7-1)
[2026-01-28T12:42:55+0000] [ALPM] transaction completed
[2026-01-28T12:42:55+0000] [ALPM] running '35-systemd-update.hook'...
[2026-01-28T12:43:01+0000] [PACMAN] Running 'pacman -S -y --config /etc/pacman.conf --'
[2026-01-28T12:43:01+0000] [PACMAN] synchronizing package lists
[2026-01-28T12:43:12+0000] [PACMAN] Running 'pacman -Syu'
[2026-01-28T12:43:12+0000] [PACMAN] synchronizing package lists
[2026-01-28T12:43:13+0000] [PACMAN] starting full system upgrade
[2026-01-28T12:43:27+0000] [PACMAN] Running 'pacman -S -y --needed --noconfirm --config /etc/pacman.conf --'
[2026-01-28T12:43:27+0000] [PACMAN] synchronizing package lists
[2026-01-28T12:46:27+0000] [PACMAN] Running 'pacman -S -y --needed --noconfirm --config /etc/pacman.conf -- extra/libxss'
[2026-01-28T12:46:27+0000] [PACMAN] synchronizing package lists
[2026-01-28T12:46:30+0000] [ALPM] transaction started
[2026-01-28T12:46:30+0000] [ALPM] installed libxss (1.2.5-1)
[2026-01-28T12:46:30+0000] [ALPM] transaction completed
[2026-01-28T12:46:30+0000] [ALPM] running '35-systemd-update.hook'...
[2026-01-28T12:46:30+0000] [PACMAN] Running 'pacman -D -q --asdeps --noconfirm --config /etc/pacman.conf -- libxss'
[2026-01-28T12:46:39+0000] [PACMAN] Running 'pacman -U --needed --noconfirm --config /etc/pacman.conf -- /home/soi/.cache/yay/brave-bin/brave-bin-1:1.86.142-1-x86_64.pkg.tar.zst'
[2026-01-28T12:46:39+0000] [ALPM] transaction started
[2026-01-28T12:46:39+0000] [ALPM] installed brave-bin (1:1.86.142-1)
[2026-01-28T12:46:39+0000] [ALPM] transaction completed
[2026-01-28T12:46:39+0000] [ALPM] running '35-systemd-update.hook'...
[2026-01-28T12:46:39+0000] [ALPM] running 'gtk-update-icon-cache.hook'...
[2026-01-28T12:46:39+0000] [ALPM] running 'update-desktop-database.hook'...
[2026-01-28T12:46:39+0000] [PACMAN] Running 'pacman -D -q --asexplicit --noconfirm --config /etc/pacman.conf -- brave-bin'
[2026-01-28T13:08:51+0000] [PACMAN] Running 'pacman -S xrandr'
[2026-01-28T13:09:35+0000] [PACMAN] Running 'pacman -S --config /etc/pacman.conf -- extra/nvtop'
[2026-01-28T13:09:42+0000] [ALPM] transaction started
[2026-01-28T13:09:42+0000] [ALPM] installed nvtop (3.2.0-1)
[2026-01-28T13:09:42+0000] [ALPM] transaction completed
[2026-01-28T13:09:42+0000] [ALPM] running '35-systemd-update.hook'...
[2026-01-28T13:09:42+0000] [ALPM] running 'update-desktop-database.hook'...
[2026-01-28T13:09:42+0000] [PACMAN] Running 'pacman -D -q --asexplicit --config /etc/pacman.conf -- nvtop'
[2026-01-28T13:25:25+0000] [PACMAN] Running 'pacman -S --config /etc/pacman.conf -- extra/kitty'
[2026-01-28T13:25:27+0000] [ALPM] transaction started
[2026-01-28T13:25:27+0000] [ALPM] installed librsync (1:2.3.4-2)
[2026-01-28T13:25:27+0000] [ALPM] installed kitty-terminfo (0.45.0-4)
[2026-01-28T13:25:27+0000] [ALPM] installed kitty-shell-integration (0.45.0-4)
[2026-01-28T13:25:27+0000] [ALPM] installed kitty (0.45.0-4)
[2026-01-28T13:25:27+0000] [ALPM] transaction completed
[2026-01-28T13:25:27+0000] [ALPM] running '35-systemd-update.hook'...
[2026-01-28T13:25:27+0000] [ALPM] running 'gtk-update-icon-cache.hook'...
[2026-01-28T13:25:27+0000] [ALPM] running 'update-desktop-database.hook'...
[2026-01-28T13:25:27+0000] [PACMAN] Running 'pacman -D -q --asexplicit --config /etc/pacman.conf -- kitty'
[2026-01-28T13:27:52+0000] [PACMAN] Running 'pacman -S zsh'
[2026-01-28T13:27:54+0000] [ALPM] transaction started
[2026-01-28T13:27:54+0000] [ALPM] installed zsh (5.9-5)
[2026-01-28T13:27:54+0000] [ALPM] transaction completed
[2026-01-28T13:27:54+0000] [ALPM] running '35-systemd-update.hook'...
[2026-01-28T13:39:13+0000] [PACMAN] Running 'pacman -S --config /etc/pacman.conf -- extra/htop'
[2026-01-28T13:39:14+0000] [ALPM] transaction started
[2026-01-28T13:39:14+0000] [ALPM] reinstalled htop (3.4.1-1)
[2026-01-28T13:39:14+0000] [ALPM] transaction completed
[2026-01-28T13:39:14+0000] [ALPM] running '35-systemd-update.hook'...
[2026-01-28T13:39:14+0000] [ALPM] running 'gtk-update-icon-cache.hook'...
[2026-01-28T13:39:14+0000] [ALPM] running 'update-desktop-database.hook'...
[2026-01-28T13:39:14+0000] [PACMAN] Running 'pacman -D -q --asexplicit --config /etc/pacman.conf -- htop'
[2026-01-28T14:15:03+0000] [PACMAN] Running 'pacman -S --needed base-devel git'
[2026-01-28T14:15:32+0000] [PACMAN] Running '/usr/bin/pacman -S --asdeps lsof'
[2026-01-28T14:15:35+0000] [ALPM] transaction started
[2026-01-28T14:15:35+0000] [ALPM] installed lsof (4.99.5-2)
[2026-01-28T14:15:35+0000] [ALPM] transaction completed
[2026-01-28T14:15:35+0000] [ALPM] running '35-systemd-update.hook'...
[2026-01-28T14:16:03+0000] [PACMAN] Running '/usr/bin/pacman -U /home/soi/visual-studio-code-bin/visual-studio-code-bin-1.108.2-1-x86_64.pkg.tar.zst'
[2026-01-28T14:16:03+0000] [ALPM] transaction started
[2026-01-28T14:16:04+0000] [ALPM] installed visual-studio-code-bin (1.108.2-1)
[2026-01-28T14:16:04+0000] [ALPM-SCRIPTLET] (B[m[1m[34m==>(B[m[1m[33m NOTE:(B[m[1m Custom flags should be put directly in: ~/.config/code-flags.conf(B[m
[2026-01-28T14:16:04+0000] [ALPM] transaction completed
[2026-01-28T14:16:04+0000] [ALPM] running '30-update-mime-database.hook'...
[2026-01-28T14:16:04+0000] [ALPM] running '35-systemd-update.hook'...
[2026-01-28T14:16:04+0000] [ALPM] running 'update-desktop-database.hook'...
[2026-01-28T14:32:57+0000] [PACMAN] Running 'pacman -S ttf-jetbrains-mono'
[2026-01-28T14:32:58+0000] [ALPM] transaction started
[2026-01-28T14:32:58+0000] [ALPM] installed ttf-jetbrains-mono (2.304-2)
[2026-01-28T14:32:58+0000] [ALPM] transaction completed
[2026-01-28T14:32:58+0000] [ALPM] running '35-systemd-update.hook'...
[2026-01-28T14:32:58+0000] [ALPM] running 'fontconfig.hook'...
[2026-01-28T20:12:15+0530] [PACMAN] Running 'pacman -U --config /etc/pacman.conf -- /home/soi/.cache/yay/microsoft-edge-stable-bin/microsoft-edge-stable-bin-144.0.3719.92-1-x86_64.pkg.tar.zst'
[2026-01-28T20:12:15+0530] [ALPM] transaction started
[2026-01-28T20:12:16+0530] [ALPM] installed microsoft-edge-stable-bin (144.0.3719.92-1)
[2026-01-28T20:12:16+0530] [ALPM] transaction completed
[2026-01-28T20:12:16+0530] [ALPM] running '35-systemd-update.hook'...
[2026-01-28T20:12:16+0530] [ALPM] running 'gtk-update-icon-cache.hook'...
[2026-01-28T20:12:16+0530] [ALPM] running 'update-desktop-database.hook'...
[2026-01-28T20:12:16+0530] [PACMAN] Running 'pacman -D -q --asexplicit --config /etc/pacman.conf -- microsoft-edge-stable-bin'
[2026-01-28T20:17:34+0530] [PACMAN] Running 'pacman -S zsh-syntax-highlighting zsh-autosuggestions'
[2026-01-28T20:17:35+0530] [ALPM] transaction started
[2026-01-28T20:17:35+0530] [ALPM] installed zsh-syntax-highlighting (0.8.0-1)
[2026-01-28T20:17:35+0530] [ALPM-SCRIPTLET] To activate zsh-syntax-highlighting, add the following line at the end of ~/.zshrc:
[2026-01-28T20:17:35+0530] [ALPM-SCRIPTLET]     source /usr/share/zsh/plugins/zsh-syntax-highlighting/zsh-syntax-highlighting.zsh
[2026-01-28T20:17:35+0530] [ALPM] installed zsh-autosuggestions (0.7.1-1)
[2026-01-28T20:17:36+0530] [ALPM] transaction completed
[2026-01-28T20:17:36+0530] [ALPM] running '35-systemd-update.hook'...
[2026-01-28T20:33:58+0530] [PACMAN] Running 'pacman -Syu'
[2026-01-28T20:33:58+0530] [PACMAN] synchronizing package lists
[2026-01-28T20:34:03+0530] [PACMAN] starting full system upgrade
[2026-01-28T20:36:38+0530] [PACMAN] Running 'pacman -S linux-headers linux-lts-headers'
[2026-01-28T20:37:08+0530] [ALPM] running '70-dkms-upgrade.hook'...
[2026-01-28T20:37:09+0530] [ALPM-SCRIPTLET] ==> dkms remove --no-depmod nvidia/590.48.01 -k 6.18.6-arch1-1
[2026-01-28T20:37:12+0530] [ALPM] transaction started
[2026-01-28T20:37:17+0530] [ALPM] reinstalled linux-headers (6.18.6.arch1-1)
[2026-01-28T20:37:21+0530] [ALPM] installed linux-lts-headers (6.12.67-1)
[2026-01-28T20:37:21+0530] [ALPM] transaction completed
[2026-01-28T20:37:21+0530] [ALPM] running '35-systemd-update.hook'...
[2026-01-28T20:37:21+0530] [ALPM] running '60-depmod.hook'...
[2026-01-28T20:37:23+0530] [ALPM] running '70-dkms-install.hook'...
[2026-01-28T20:37:23+0530] [ALPM-SCRIPTLET] ==> dkms install --no-depmod nvidia/590.48.01 -k 6.18.6-arch1-1
[2026-01-28T20:38:51+0530] [ALPM-SCRIPTLET] ==> depmod 6.18.6-arch1-1
[2026-01-28T20:38:52+0530] [ALPM-SCRIPTLET] ==> ERROR: Missing 6.12.67-1-lts kernel modules tree for module nvidia/590.48.01.
[2026-01-28T20:40:35+0530] [PACMAN] Running 'pacman -S nvidia-utils nvidia-settings'
[2026-01-28T20:40:40+0530] [ALPM] transaction started
[2026-01-28T20:40:44+0530] [ALPM] reinstalled nvidia-utils (590.48.01-2)
[2026-01-28T20:40:44+0530] [ALPM] installed libxnvctrl (590.48.01-1)
[2026-01-28T20:40:44+0530] [ALPM] installed nvidia-settings (590.48.01-1)
[2026-01-28T20:40:44+0530] [ALPM] transaction completed
[2026-01-28T20:40:44+0530] [ALPM] running '20-systemd-sysusers.hook'...
[2026-01-28T20:40:44+0530] [ALPM] running '30-systemd-daemon-reload-system.hook'...
[2026-01-28T20:40:45+0530] [ALPM] running '35-systemd-restart-marked.hook'...
[2026-01-28T20:40:45+0530] [ALPM] running '35-systemd-udev-reload.hook'...
[2026-01-28T20:40:46+0530] [ALPM] running '35-systemd-update.hook'...
[2026-01-28T20:40:46+0530] [ALPM] running '90-mkinitcpio-install.hook'...
[2026-01-28T20:40:47+0530] [ALPM-SCRIPTLET] ==> Building image from preset: /etc/mkinitcpio.d/linux.preset: 'default'
[2026-01-28T20:40:47+0530] [ALPM-SCRIPTLET] ==> Using default configuration file: '/etc/mkinitcpio.conf'
[2026-01-28T20:40:47+0530] [ALPM-SCRIPTLET]   -> -k /boot/vmlinuz-linux -g /boot/initramfs-linux.img
[2026-01-28T20:40:47+0530] [ALPM-SCRIPTLET] ==> Starting build: '6.18.6-arch1-1'
[2026-01-28T20:40:47+0530] [ALPM-SCRIPTLET]   -> Running build hook: [base]
[2026-01-28T20:40:47+0530] [ALPM-SCRIPTLET]   -> Running build hook: [udev]
[2026-01-28T20:40:48+0530] [ALPM-SCRIPTLET]   -> Running build hook: [autodetect]
[2026-01-28T20:40:48+0530] [ALPM-SCRIPTLET]   -> Running build hook: [microcode]
[2026-01-28T20:40:48+0530] [ALPM-SCRIPTLET]   -> Running build hook: [modconf]
[2026-01-28T20:40:48+0530] [ALPM-SCRIPTLET]   -> Running build hook: [kms]
[2026-01-28T20:40:57+0530] [ALPM-SCRIPTLET]   -> Running build hook: [keyboard]
[2026-01-28T20:40:58+0530] [ALPM-SCRIPTLET]   -> Running build hook: [keymap]
[2026-01-28T20:40:58+0530] [ALPM-SCRIPTLET]   -> Running build hook: [consolefont]
[2026-01-28T20:40:58+0530] [ALPM-SCRIPTLET]   -> Running build hook: [block]
[2026-01-28T20:41:00+0530] [ALPM-SCRIPTLET]   -> Running build hook: [filesystems]
[2026-01-28T20:41:00+0530] [ALPM-SCRIPTLET]   -> Running build hook: [fsck]
[2026-01-28T20:41:00+0530] [ALPM-SCRIPTLET] ==> Generating module dependencies
[2026-01-28T20:41:01+0530] [ALPM-SCRIPTLET] ==> Creating zstd-compressed initcpio image: '/boot/initramfs-linux.img'
[2026-01-28T20:41:01+0530] [ALPM-SCRIPTLET]   -> Early uncompressed CPIO image generation successful
[2026-01-28T20:41:01+0530] [ALPM-SCRIPTLET] ==> Initcpio image generation successful
[2026-01-28T20:41:02+0530] [ALPM] running 'dbus-reload.hook'...
[2026-01-28T20:41:02+0530] [ALPM] running 'update-desktop-database.hook'...
[2026-01-28T20:46:48+0530] [PACMAN] Running 'pacman -S nvidia-dkms'
[2026-01-28T20:46:57+0530] [ALPM] running '70-dkms-upgrade.hook'...
[2026-01-28T20:46:58+0530] [ALPM-SCRIPTLET] ==> dkms remove --no-depmod nvidia/590.48.01 -k 6.18.6-arch1-1
[2026-01-28T20:47:02+0530] [ALPM] transaction started
[2026-01-28T20:47:03+0530] [ALPM] reinstalled nvidia-open-dkms (590.48.01-2)
[2026-01-28T20:47:03+0530] [ALPM] transaction completed
[2026-01-28T20:47:04+0530] [ALPM] running '35-systemd-update.hook'...
[2026-01-28T20:47:04+0530] [ALPM] running '70-dkms-install.hook'...
[2026-01-28T20:47:04+0530] [ALPM-SCRIPTLET] ==> dkms install --no-depmod nvidia/590.48.01 -k 6.18.6-arch1-1
[2026-01-28T20:48:33+0530] [ALPM-SCRIPTLET] ==> depmod 6.18.6-arch1-1
[2026-01-28T20:48:34+0530] [ALPM-SCRIPTLET] ==> ERROR: Missing 6.12.67-1-lts kernel modules tree for module nvidia/590.48.01.
[2026-01-28T20:48:36+0530] [ALPM] running '90-mkinitcpio-install.hook'...
[2026-01-28T20:48:36+0530] [ALPM-SCRIPTLET] ==> Building image from preset: /etc/mkinitcpio.d/linux.preset: 'default'
[2026-01-28T20:48:36+0530] [ALPM-SCRIPTLET] ==> Using default configuration file: '/etc/mkinitcpio.conf'
[2026-01-28T20:48:36+0530] [ALPM-SCRIPTLET]   -> -k /boot/vmlinuz-linux -g /boot/initramfs-linux.img
[2026-01-28T20:48:36+0530] [ALPM-SCRIPTLET] ==> Starting build: '6.18.6-arch1-1'
[2026-01-28T20:48:36+0530] [ALPM-SCRIPTLET]   -> Running build hook: [base]
[2026-01-28T20:48:37+0530] [ALPM-SCRIPTLET]   -> Running build hook: [udev]
[2026-01-28T20:48:37+0530] [ALPM-SCRIPTLET]   -> Running build hook: [autodetect]
[2026-01-28T20:48:37+0530] [ALPM-SCRIPTLET]   -> Running build hook: [microcode]
[2026-01-28T20:48:37+0530] [ALPM-SCRIPTLET]   -> Running build hook: [modconf]
[2026-01-28T20:48:37+0530] [ALPM-SCRIPTLET]   -> Running build hook: [kms]
[2026-01-28T20:48:46+0530] [ALPM-SCRIPTLET]   -> Running build hook: [keyboard]
[2026-01-28T20:48:47+0530] [ALPM-SCRIPTLET]   -> Running build hook: [keymap]
[2026-01-28T20:48:47+0530] [ALPM-SCRIPTLET]   -> Running build hook: [consolefont]
[2026-01-28T20:48:47+0530] [ALPM-SCRIPTLET]   -> Running build hook: [block]
[2026-01-28T20:48:49+0530] [ALPM-SCRIPTLET]   -> Running build hook: [filesystems]
[2026-01-28T20:48:49+0530] [ALPM-SCRIPTLET]   -> Running build hook: [fsck]
[2026-01-28T20:48:49+0530] [ALPM-SCRIPTLET] ==> Generating module dependencies
[2026-01-28T20:48:49+0530] [ALPM-SCRIPTLET] ==> Creating zstd-compressed initcpio image: '/boot/initramfs-linux.img'
[2026-01-28T20:48:50+0530] [ALPM-SCRIPTLET]   -> Early uncompressed CPIO image generation successful
[2026-01-28T20:48:50+0530] [ALPM-SCRIPTLET] ==> Initcpio image generation successful
[2026-01-28T20:52:21+0530] [PACMAN] Running 'pacman -S nvidia-dkms'
[2026-01-28T20:52:23+0530] [ALPM] running '70-dkms-upgrade.hook'...
[2026-01-28T20:52:25+0530] [ALPM-SCRIPTLET] ==> dkms remove --no-depmod nvidia/590.48.01 -k 6.18.6-arch1-1
[2026-01-28T20:52:29+0530] [ALPM] transaction started
[2026-01-28T20:52:30+0530] [ALPM] reinstalled nvidia-open-dkms (590.48.01-2)
[2026-01-28T20:52:30+0530] [ALPM] transaction completed
[2026-01-28T20:52:30+0530] [ALPM] running '35-systemd-update.hook'...
[2026-01-28T20:52:30+0530] [ALPM] running '70-dkms-install.hook'...
[2026-01-28T20:52:30+0530] [ALPM-SCRIPTLET] ==> dkms install --no-depmod nvidia/590.48.01 -k 6.18.6-arch1-1
[2026-01-28T20:54:02+0530] [ALPM-SCRIPTLET] ==> depmod 6.18.6-arch1-1
[2026-01-28T20:54:04+0530] [ALPM-SCRIPTLET] ==> ERROR: Missing 6.12.67-1-lts kernel modules tree for module nvidia/590.48.01.
[2026-01-28T20:54:05+0530] [ALPM] running '90-mkinitcpio-install.hook'...
[2026-01-28T20:54:05+0530] [ALPM-SCRIPTLET] ==> Building image from preset: /etc/mkinitcpio.d/linux.preset: 'default'
[2026-01-28T20:54:05+0530] [ALPM-SCRIPTLET] ==> Using default configuration file: '/etc/mkinitcpio.conf'
[2026-01-28T20:54:05+0530] [ALPM-SCRIPTLET]   -> -k /boot/vmlinuz-linux -g /boot/initramfs-linux.img
[2026-01-28T20:54:05+0530] [ALPM-SCRIPTLET] ==> Starting build: '6.18.6-arch1-1'
[2026-01-28T20:54:05+0530] [ALPM-SCRIPTLET]   -> Running build hook: [base]
[2026-01-28T20:54:05+0530] [ALPM-SCRIPTLET]   -> Running build hook: [udev]
[2026-01-28T20:54:05+0530] [ALPM-SCRIPTLET]   -> Running build hook: [autodetect]
[2026-01-28T20:54:06+0530] [ALPM-SCRIPTLET]   -> Running build hook: [microcode]
[2026-01-28T20:54:06+0530] [ALPM-SCRIPTLET]   -> Running build hook: [modconf]
[2026-01-28T20:54:06+0530] [ALPM-SCRIPTLET]   -> Running build hook: [kms]
[2026-01-28T20:54:10+0530] [ALPM-SCRIPTLET]   -> Running build hook: [keyboard]
[2026-01-28T20:54:11+0530] [ALPM-SCRIPTLET]   -> Running build hook: [keymap]
[2026-01-28T20:54:11+0530] [ALPM-SCRIPTLET]   -> Running build hook: [consolefont]
[2026-01-28T20:54:11+0530] [ALPM-SCRIPTLET]   -> Running build hook: [block]
[2026-01-28T20:54:12+0530] [ALPM-SCRIPTLET]   -> Running build hook: [filesystems]
[2026-01-28T20:54:12+0530] [ALPM-SCRIPTLET]   -> Running build hook: [fsck]
[2026-01-28T20:54:12+0530] [ALPM-SCRIPTLET] ==> Generating module dependencies
[2026-01-28T20:54:12+0530] [ALPM-SCRIPTLET] ==> Creating zstd-compressed initcpio image: '/boot/initramfs-linux.img'
[2026-01-28T20:54:12+0530] [ALPM-SCRIPTLET]   -> Early uncompressed CPIO image generation successful
[2026-01-28T20:54:13+0530] [ALPM-SCRIPTLET] ==> Initcpio image generation successful
[2026-01-28T21:30:36+0530] [PACMAN] Running 'pacman -S glmark2'
[2026-01-28T21:30:50+0530] [ALPM] transaction started
[2026-01-28T21:30:50+0530] [ALPM] installed glmark2 (2023.01-2)
[2026-01-28T21:30:50+0530] [ALPM] transaction completed
[2026-01-28T21:30:50+0530] [ALPM] running '35-systemd-update.hook'...
[2026-01-28T22:27:23+0530] [PACMAN] Running 'pacman -S xorg-xinput'
[2026-01-28T22:27:25+0530] [ALPM] transaction started
[2026-01-28T22:27:25+0530] [ALPM] installed xorg-xrandr (1.5.3-1)
[2026-01-28T22:27:25+0530] [ALPM] installed xorg-xinput (1.6.4-2)
[2026-01-28T22:27:25+0530] [ALPM] transaction completed
[2026-01-28T22:27:25+0530] [ALPM] running '35-systemd-update.hook'...
[2026-01-28T22:35:30+0530] [PACMAN] Running 'pacman -S libinput'
[2026-01-28T22:35:31+0530] [ALPM] transaction started
[2026-01-28T22:35:31+0530] [ALPM] reinstalled libinput (1.30.1-1)
[2026-01-28T22:35:31+0530] [ALPM] transaction completed
[2026-01-28T22:35:31+0530] [ALPM] running '35-systemd-udev-reload.hook'...
[2026-01-28T22:35:32+0530] [ALPM] running '35-systemd-update.hook'...
[2026-01-28T22:35:45+0530] [PACMAN] Running 'pacman -S libinput'
[2026-01-28T22:35:47+0530] [ALPM] transaction started
[2026-01-28T22:35:47+0530] [ALPM] reinstalled libinput (1.30.1-1)
[2026-01-28T22:35:47+0530] [ALPM] transaction completed
[2026-01-28T22:35:47+0530] [ALPM] running '35-systemd-udev-reload.hook'...
[2026-01-28T22:35:48+0530] [ALPM] running '35-systemd-update.hook'...
[2026-01-28T22:36:27+0530] [PACMAN] Running 'pacman -S libinput'
[2026-01-28T22:36:28+0530] [ALPM] transaction started
[2026-01-28T22:36:28+0530] [ALPM] reinstalled libinput (1.30.1-1)
[2026-01-28T22:36:28+0530] [ALPM] transaction completed
[2026-01-28T22:36:28+0530] [ALPM] running '35-systemd-udev-reload.hook'...
[2026-01-28T22:36:29+0530] [ALPM] running '35-systemd-update.hook'...
[2026-01-28T22:37:18+0530] [PACMAN] Running 'pacman -S libinput-tools'
[2026-01-28T22:37:21+0530] [ALPM] transaction started
[2026-01-28T22:37:21+0530] [ALPM] installed python-libevdev (0.11-6)
[2026-01-28T22:37:21+0530] [ALPM] installed python-pyudev (0.24.3-3)
[2026-01-28T22:37:21+0530] [ALPM] installed python-yaml (6.0.3-2)
[2026-01-28T22:37:21+0530] [ALPM] installed libinput-tools (1.30.1-1)
[2026-01-28T22:37:21+0530] [ALPM] transaction completed
[2026-01-28T22:37:21+0530] [ALPM] running '35-systemd-update.hook'...
[2026-01-29T08:10:49+0530] [PACMAN] Running 'pacman -S --config /etc/pacman.conf -- extra/gst-libav extra/python-distutils-extra extra/libkeybinder3'
[2026-01-29T08:10:52+0530] [ALPM] transaction started
[2026-01-29T08:10:52+0530] [ALPM] installed gst-libav (1.26.10-3)
[2026-01-29T08:10:52+0530] [ALPM] installed perl-encode-locale (1.05-15)
[2026-01-29T08:10:52+0530] [ALPM] installed perl-http-date (6.06-5)
[2026-01-29T08:10:52+0530] [ALPM] installed perl-file-listing (6.16-6)
[2026-01-29T08:10:52+0530] [ALPM] installed perl-html-tagset (3.24-4)
[2026-01-29T08:10:52+0530] [ALPM] installed perl-clone (0.47-2)
[2026-01-29T08:10:52+0530] [ALPM] installed perl-io-html (1.004-8)
[2026-01-29T08:10:52+0530] [ALPM] installed perl-lwp-mediatypes (6.04-8)
[2026-01-29T08:10:52+0530] [ALPM] installed perl-uri (5.34-2)
[2026-01-29T08:10:53+0530] [ALPM] installed perl-http-message (7.01-2)
[2026-01-29T08:10:53+0530] [ALPM] installed perl-html-parser (3.83-2)
[2026-01-29T08:10:53+0530] [ALPM] installed perl-http-cookies (6.11-4)
[2026-01-29T08:10:53+0530] [ALPM] installed perl-http-daemon (6.16-6)
[2026-01-29T08:10:53+0530] [ALPM] installed perl-http-cookiejar (0.014-5)
[2026-01-29T08:10:53+0530] [ALPM] installed perl-http-negotiate (6.01-16)
[2026-01-29T08:10:53+0530] [ALPM] installed perl-net-http (6.24-2)
[2026-01-29T08:10:53+0530] [ALPM] installed perl-try-tiny (0.32-4)
[2026-01-29T08:10:53+0530] [ALPM] installed perl-www-robotrules (6.02-16)
[2026-01-29T08:10:53+0530] [ALPM] installed perl-libwww (6.81-2)
[2026-01-29T08:10:53+0530] [ALPM] installed perl-xml-parser (2.47-3)
[2026-01-29T08:10:53+0530] [ALPM] installed intltool (0.51.0-6)
[2026-01-29T08:10:53+0530] [ALPM] installed python-more-itertools (10.8.0-2)
[2026-01-29T08:10:53+0530] [ALPM] installed python-jaraco.functools (4.1.0-3)
[2026-01-29T08:10:53+0530] [ALPM] installed python-jaraco.context (6.0.1-3)
[2026-01-29T08:10:53+0530] [ALPM] installed python-autocommand (2.2.2-9)
[2026-01-29T08:10:53+0530] [ALPM] installed python-jaraco.text (4.0.0-4)
[2026-01-29T08:10:53+0530] [ALPM] installed python-jaraco.collections (5.1.0-3)
[2026-01-29T08:10:53+0530] [ALPM] installed python-packaging (26.0-1)
[2026-01-29T08:10:53+0530] [ALPM] installed python-platformdirs (4.5.1-3)
[2026-01-29T08:10:53+0530] [ALPM] installed python-wheel (0.45.1-4)
[2026-01-29T08:10:53+0530] [ALPM] installed python-setuptools (1:80.9.0-4)
[2026-01-29T08:10:53+0530] [ALPM] installed python-distutils-extra (2.39-15)
[2026-01-29T08:10:53+0530] [ALPM] installed libkeybinder3 (0.3.2-5)
[2026-01-29T08:10:53+0530] [ALPM] transaction completed
[2026-01-29T08:10:53+0530] [ALPM] running '35-systemd-update.hook'...
[2026-01-29T08:10:53+0530] [ALPM] running 'detect-old-perl-modules.hook'...
[2026-01-29T08:10:53+0530] [PACMAN] Running 'pacman -D -q --asdeps --config /etc/pacman.conf -- python-distutils-extra libkeybinder3 gst-libav'
[2026-01-29T08:10:59+0530] [PACMAN] Running 'pacman -U --config /etc/pacman.conf -- /home/soi/.cache/yay/kazam/kazam-1.4.5-9-any.pkg.tar.zst'
[2026-01-29T08:11:03+0530] [ALPM] transaction started
[2026-01-29T08:11:03+0530] [ALPM] installed kazam (1.4.5-9)
[2026-01-29T08:11:03+0530] [ALPM] transaction completed
[2026-01-29T08:11:03+0530] [ALPM] running '35-systemd-update.hook'...
[2026-01-29T08:11:03+0530] [ALPM] running 'gtk-update-icon-cache.hook'...
[2026-01-29T08:11:03+0530] [ALPM] running 'update-desktop-database.hook'...
[2026-01-29T08:11:03+0530] [PACMAN] Running 'pacman -D -q --asexplicit --config /etc/pacman.conf -- kazam'
[2026-01-29T08:17:40+0530] [PACMAN] Running 'pacman --sync flameshot'
[2026-01-29T08:17:43+0530] [ALPM] transaction started
[2026-01-29T08:17:43+0530] [ALPM] installed double-conversion (3.4.0-1)
[2026-01-29T08:17:43+0530] [ALPM] installed libb2 (0.98.1-3)
[2026-01-29T08:17:43+0530] [ALPM] installed md4c (0.5.2-1)
[2026-01-29T08:17:43+0530] [ALPM] installed tslib (1.24-1)
[2026-01-29T08:17:43+0530] [ALPM] installed qt6-translations (6.10.1-1)
[2026-01-29T08:17:43+0530] [ALPM] installed qt6-base (6.10.1-1)
[2026-01-29T08:17:43+0530] [ALPM] installed qt6-svg (6.10.1-1)
[2026-01-29T08:17:43+0530] [ALPM] installed kguiaddons (6.22.1-1)
[2026-01-29T08:17:43+0530] [ALPM] installed flameshot (13.3.0-2)
[2026-01-29T08:17:43+0530] [ALPM] transaction completed
[2026-01-29T08:17:43+0530] [ALPM] running '35-systemd-update.hook'...
[2026-01-29T08:17:43+0530] [ALPM] running 'gtk-update-icon-cache.hook'...
[2026-01-29T08:17:43+0530] [ALPM] running 'update-desktop-database.hook'...
[2026-01-29T08:19:51+0530] [PACMAN] Running 'pacman -R kazam'
[2026-01-29T08:19:52+0530] [ALPM] transaction started
[2026-01-29T08:19:53+0530] [ALPM] removed kazam (1.4.5-9)
[2026-01-29T08:19:53+0530] [ALPM] transaction completed
[2026-01-29T08:19:53+0530] [ALPM] running '35-systemd-update.hook'...
[2026-01-29T08:19:53+0530] [ALPM] running 'gtk-update-icon-cache.hook'...
[2026-01-29T08:19:53+0530] [ALPM] running 'update-desktop-database.hook'...
[2026-01-29T09:32:06+0530] [PACMAN] Running 'pacman -S flatpak'
[2026-01-29T09:32:46+0530] [ALPM] transaction started
[2026-01-29T09:32:46+0530] [ALPM] reinstalled flatpak (1:1.16.3-1)
[2026-01-29T09:32:46+0530] [ALPM] transaction completed
[2026-01-29T09:32:46+0530] [ALPM] running '20-systemd-sysusers.hook'...
[2026-01-29T09:32:46+0530] [ALPM] running '21-systemd-tmpfiles.hook'...
[2026-01-29T09:32:46+0530] [ALPM] running '30-systemd-daemon-reload-system.hook'...
[2026-01-29T09:32:46+0530] [ALPM] running '30-systemd-daemon-reload-user.hook'...
[2026-01-29T09:32:47+0530] [ALPM] running '35-systemd-restart-marked.hook'...
[2026-01-29T09:32:47+0530] [ALPM] running '35-systemd-update.hook'...
[2026-01-29T09:32:47+0530] [ALPM] running 'dbus-reload.hook'...
[2026-01-29T09:37:31+0530] [PACMAN] Running 'pacman -S --config /etc/pacman.conf -- extra/spotify-launcher'
[2026-01-29T09:37:44+0530] [ALPM] transaction started
[2026-01-29T09:37:44+0530] [ALPM] installed ayatana-ido (0.10.4-1)
[2026-01-29T09:37:44+0530] [ALPM] installed libayatana-indicator (0.9.4-1)
[2026-01-29T09:37:44+0530] [ALPM] installed libayatana-appindicator (0.5.94-1)
[2026-01-29T09:37:44+0530] [ALPM] installed libcurl-gnutls (8.18.0-2)
[2026-01-29T09:37:44+0530] [ALPM] installed sequoia-sqv (1.3.0-1)
[2026-01-29T09:37:44+0530] [ALPM] installed zenity (4.2.1-1)
[2026-01-29T09:37:44+0530] [ALPM] installed spotify-launcher (0.6.4-1)
[2026-01-29T09:37:44+0530] [ALPM] transaction completed
[2026-01-29T09:37:44+0530] [ALPM] running '35-systemd-update.hook'...
[2026-01-29T09:37:44+0530] [ALPM] running 'gtk-update-icon-cache.hook'...
[2026-01-29T09:37:45+0530] [ALPM] running 'update-desktop-database.hook'...
[2026-01-29T09:37:45+0530] [PACMAN] Running 'pacman -D -q --asexplicit --config /etc/pacman.conf -- spotify-launcher'
[2026-01-29T09:45:14+0530] [PACMAN] Running 'pacman -S man-db man-pages'
[2026-01-29T09:45:15+0530] [ALPM] transaction started
[2026-01-29T09:45:15+0530] [ALPM] installed libpipeline (1.5.8-1)
[2026-01-29T09:45:15+0530] [ALPM] installed less (1:691-1)
[2026-01-29T09:45:15+0530] [ALPM] installed man-db (2.13.1-1)
[2026-01-29T09:45:15+0530] [ALPM] installed man-pages (6.16-1)
[2026-01-29T09:45:15+0530] [ALPM] transaction completed
[2026-01-29T09:45:15+0530] [ALPM] running '21-systemd-tmpfiles.hook'...
[2026-01-29T09:45:15+0530] [ALPM] running '30-systemd-daemon-reload-system.hook'...
[2026-01-29T09:45:15+0530] [ALPM] running '35-systemd-update.hook'...
[2026-01-29T09:45:46+0530] [PACMAN] Running 'pacman -S plocate'
[2026-01-29T09:45:48+0530] [ALPM] transaction started
[2026-01-29T09:45:48+0530] [ALPM] installed plocate (1.1.24-1)
[2026-01-29T09:45:48+0530] [ALPM] transaction completed
[2026-01-29T09:45:48+0530] [ALPM] running '20-systemd-sysusers.hook'...
[2026-01-29T09:45:48+0530] [ALPM-SCRIPTLET] Creating group 'locate' with GID 21.
[2026-01-29T09:45:48+0530] [ALPM] running '21-systemd-tmpfiles.hook'...
[2026-01-29T09:45:48+0530] [ALPM] running '30-systemd-daemon-reload-system.hook'...
[2026-01-29T09:45:49+0530] [ALPM] running '35-systemd-update.hook'...
[2026-01-29T09:48:04+0530] [PACMAN] Running 'pacman -S brightnessctl'
[2026-01-29T09:48:06+0530] [ALPM] transaction started
[2026-01-29T09:48:06+0530] [ALPM] installed brightnessctl (0.5.1-3)
[2026-01-29T09:48:06+0530] [ALPM] transaction completed
[2026-01-29T09:48:06+0530] [ALPM] running '35-systemd-update.hook'...
[2026-01-29T09:48:30+0530] [PACMAN] Running 'pacman -S playerctl'
[2026-01-29T09:48:31+0530] [ALPM] transaction started
[2026-01-29T09:48:31+0530] [ALPM] installed playerctl (2.4.1-5)
[2026-01-29T09:48:32+0530] [ALPM] transaction completed
[2026-01-29T09:48:32+0530] [ALPM] running '35-systemd-update.hook'...
[2026-01-29T11:37:43+0530] [PACMAN] Running 'pacman -S github-cli'
[2026-01-29T11:37:45+0530] [ALPM] transaction started
[2026-01-29T11:37:45+0530] [ALPM] installed mailcap (2.1.54-2)
[2026-01-29T11:37:46+0530] [ALPM] installed github-cli (2.86.0-1)
[2026-01-29T11:37:46+0530] [ALPM] transaction completed
[2026-01-29T11:37:46+0530] [ALPM] running '35-systemd-update.hook'...
[2026-01-29T11:48:16+0530] [PACMAN] Running 'pacman -Rns flatpak'
[2026-01-29T11:49:06+0530] [PACMAN] Running 'pacman -Rns malcontent flatpak'
[2026-01-29T11:49:09+0530] [ALPM] transaction started
[2026-01-29T11:49:09+0530] [ALPM] removed malcontent (0.13.1-1)
[2026-01-29T11:49:09+0530] [ALPM] removed flatpak (1:1.16.3-1)
[2026-01-29T11:49:09+0530] [ALPM] removed ostree (2025.7-2)
[2026-01-29T11:49:09+0530] [ALPM] removed composefs (1.0.8-1)
[2026-01-29T11:49:09+0530] [ALPM] transaction completed
[2026-01-29T11:49:09+0530] [ALPM] running '30-systemd-daemon-reload-system.hook'...
[2026-01-29T11:49:10+0530] [ALPM] running '30-systemd-daemon-reload-user.hook'...
[2026-01-29T11:49:10+0530] [ALPM] running '35-systemd-update.hook'...
[2026-01-29T11:49:10+0530] [ALPM] running '90-mkinitcpio-install.hook'...
[2026-01-29T11:49:10+0530] [ALPM-SCRIPTLET] ==> Building image from preset: /etc/mkinitcpio.d/linux.preset: 'default'
[2026-01-29T11:49:10+0530] [ALPM-SCRIPTLET] ==> Using default configuration file: '/etc/mkinitcpio.conf'
[2026-01-29T11:49:10+0530] [ALPM-SCRIPTLET]   -> -k /boot/vmlinuz-linux -g /boot/initramfs-linux.img
[2026-01-29T11:49:10+0530] [ALPM-SCRIPTLET] ==> Starting build: '6.18.6-arch1-1'
[2026-01-29T11:49:10+0530] [ALPM-SCRIPTLET]   -> Running build hook: [base]
[2026-01-29T11:49:10+0530] [ALPM-SCRIPTLET]   -> Running build hook: [udev]
[2026-01-29T11:49:10+0530] [ALPM-SCRIPTLET]   -> Running build hook: [autodetect]
[2026-01-29T11:49:10+0530] [ALPM-SCRIPTLET]   -> Running build hook: [microcode]
[2026-01-29T11:49:10+0530] [ALPM-SCRIPTLET]   -> Running build hook: [modconf]
[2026-01-29T11:49:10+0530] [ALPM-SCRIPTLET]   -> Running build hook: [kms]
[2026-01-29T11:49:17+0530] [ALPM-SCRIPTLET]   -> Running build hook: [keyboard]
[2026-01-29T11:49:17+0530] [ALPM-SCRIPTLET]   -> Running build hook: [keymap]
[2026-01-29T11:49:17+0530] [ALPM-SCRIPTLET]   -> Running build hook: [consolefont]
[2026-01-29T11:49:17+0530] [ALPM-SCRIPTLET]   -> Running build hook: [block]
[2026-01-29T11:49:18+0530] [ALPM-SCRIPTLET]   -> Running build hook: [filesystems]
[2026-01-29T11:49:18+0530] [ALPM-SCRIPTLET]   -> Running build hook: [fsck]
[2026-01-29T11:49:18+0530] [ALPM-SCRIPTLET] ==> Generating module dependencies
[2026-01-29T11:49:18+0530] [ALPM-SCRIPTLET] ==> Creating zstd-compressed initcpio image: '/boot/initramfs-linux.img'
[2026-01-29T11:49:19+0530] [ALPM-SCRIPTLET]   -> Early uncompressed CPIO image generation successful
[2026-01-29T11:49:19+0530] [ALPM-SCRIPTLET] ==> Initcpio image generation successful
[2026-01-29T11:49:19+0530] [ALPM] running 'accounts-daemon-restart.hook'...
[2026-01-29T11:49:19+0530] [ALPM] running 'dbus-reload.hook'...
[2026-01-29T11:49:19+0530] [ALPM] running 'gtk-update-icon-cache.hook'...
[2026-01-29T11:49:19+0530] [ALPM] running 'update-desktop-database.hook'...
[2026-01-29T11:52:21+0530] [PACMAN] Running 'pacman -S pamixer'
[2026-01-29T11:52:22+0530] [ALPM] transaction started
[2026-01-29T11:52:22+0530] [ALPM] installed pamixer (1.6-3)
[2026-01-29T11:52:22+0530] [ALPM] transaction completed
[2026-01-29T11:52:22+0530] [ALPM] running '35-systemd-update.hook'...
[2026-01-29T12:09:57+0530] [PACMAN] Running '/usr/bin/pacman -S --asdeps squashfs-tools apparmor'
[2026-01-29T12:10:13+0530] [ALPM] transaction started
[2026-01-29T12:10:13+0530] [ALPM] installed squashfs-tools (4.7.4-1)
[2026-01-29T12:10:13+0530] [ALPM] installed python-legacy-cgi (2.6.4-2)
[2026-01-29T12:10:13+0530] [ALPM] installed apparmor (4.1.3-1)
[2026-01-29T12:10:13+0530] [ALPM] transaction completed
[2026-01-29T12:10:13+0530] [ALPM] running '30-systemd-daemon-reload-system.hook'...
[2026-01-29T12:10:14+0530] [ALPM] running '35-systemd-update.hook'...
[2026-01-29T12:10:14+0530] [ALPM] running 'detect-old-perl-modules.hook'...
[2026-01-29T12:10:59+0530] [PACMAN] Running '/usr/bin/pacman -S --asdeps go-tools xfsprogs python-docutils autoconf-archive'
[2026-01-29T12:11:03+0530] [ALPM] transaction started
[2026-01-29T12:11:03+0530] [ALPM] installed go-tools (4:0.41.0-2)
[2026-01-29T12:11:03+0530] [ALPM] installed liburcu (0.15.5-1)
[2026-01-29T12:11:04+0530] [ALPM] installed xfsprogs (6.18.0-1)
[2026-01-29T12:11:04+0530] [ALPM] installed python-docutils (1:0.22.3-2)
[2026-01-29T12:11:04+0530] [ALPM] installed autoconf-archive (1:2024.10.16-4)
[2026-01-29T12:11:04+0530] [ALPM] transaction completed
[2026-01-29T12:11:04+0530] [ALPM] running '30-systemd-daemon-reload-system.hook'...
[2026-01-29T12:11:04+0530] [ALPM] running '35-systemd-udev-reload.hook'...
[2026-01-29T12:11:04+0530] [ALPM] running '35-systemd-update.hook'...
[2026-01-29T12:11:05+0530] [ALPM] running 'texinfo-install.hook'...
[2026-01-29T12:11:54+0530] [PACMAN] Running '/usr/bin/pacman -U /home/soi/snapd/snapd-2.73-1-x86_64.pkg.tar.zst'
[2026-01-29T12:11:55+0530] [ALPM] transaction started
[2026-01-29T12:11:55+0530] [ALPM] installed snapd (2.73-1)
[2026-01-29T12:11:55+0530] [ALPM] transaction completed
[2026-01-29T12:11:55+0530] [ALPM] running '21-systemd-tmpfiles.hook'...
[2026-01-29T12:11:55+0530] [ALPM] running '30-systemd-daemon-reload-system.hook'...
[2026-01-29T12:11:55+0530] [ALPM] running '30-systemd-daemon-reload-user.hook'...
[2026-01-29T12:11:56+0530] [ALPM] running '35-systemd-update.hook'...
[2026-01-29T12:11:56+0530] [ALPM] running 'dbus-reload.hook'...
[2026-01-29T12:11:56+0530] [ALPM] running 'update-desktop-database.hook'...
[2026-02-01T17:10:44+0530] [PACMAN] Running 'pacman -S btop'
[2026-02-01T17:10:47+0530] [ALPM] transaction started
[2026-02-01T17:10:47+0530] [ALPM] installed btop (1.4.6-1)
[2026-02-01T17:10:47+0530] [ALPM] transaction completed
[2026-02-01T17:10:47+0530] [ALPM] running '35-systemd-update.hook'...
[2026-02-01T17:10:47+0530] [ALPM] running 'gtk-update-icon-cache.hook'...
[2026-02-01T17:10:47+0530] [ALPM] running 'update-desktop-database.hook'...
[2026-02-01T17:31:43+0530] [PACMAN] Running 'pacman -S nvim'
[2026-02-01T17:31:57+0530] [PACMAN] Running 'pacman -S --config /etc/pacman.conf -- extra/neovim'
[2026-02-01T17:32:02+0530] [PACMAN] Running 'pacman -S --config /etc/pacman.conf -- extra/neovim'
[2026-02-01T17:32:10+0530] [PACMAN] Running 'pacman -S neoivm'
[2026-02-01T17:32:16+0530] [PACMAN] Running 'pacman -S nvim'
[2026-02-01T17:33:12+0530] [PACMAN] Running 'pacman -Syu'
[2026-02-01T17:33:12+0530] [PACMAN] synchronizing package lists
[2026-02-01T17:33:13+0530] [PACMAN] starting full system upgrade
[2026-02-01T17:33:18+0530] [ALPM] running '71-dkms-remove.hook'...
[2026-02-01T17:33:19+0530] [ALPM] transaction started
[2026-02-01T17:33:19+0530] [ALPM] upgraded libunistring (1.3-1 -> 1.4.1-1)
[2026-02-01T17:33:19+0530] [ALPM] upgraded gettext (0.26-1 -> 1.0-1)
[2026-02-01T17:33:19+0530] [ALPM] upgraded archlinux-keyring (20260107-2 -> 20260131-1)
[2026-02-01T17:33:19+0530] [ALPM-SCRIPTLET] ==> Appending keys from archlinux.gpg...
[2026-02-01T17:33:21+0530] [ALPM-SCRIPTLET] ==> Locally signing trusted keys in keyring...
[2026-02-01T17:33:21+0530] [ALPM-SCRIPTLET]   -> Locally signed 1 key.
[2026-02-01T17:33:21+0530] [ALPM-SCRIPTLET] ==> Importing owner trust values...
[2026-02-01T17:33:21+0530] [ALPM-SCRIPTLET] gpg: inserting ownertrust of 4
[2026-02-01T17:33:21+0530] [ALPM-SCRIPTLET] ==> Disabling revoked keys in keyring...
[2026-02-01T17:33:21+0530] [ALPM-SCRIPTLET]   -> Disabled 1 key.
[2026-02-01T17:33:21+0530] [ALPM-SCRIPTLET] ==> Updating trust database...
[2026-02-01T17:33:21+0530] [ALPM-SCRIPTLET] gpg: Note: third-party key signatures using the SHA1 algorithm are rejected
[2026-02-01T17:33:21+0530] [ALPM-SCRIPTLET] gpg: (use option "--allow-weak-key-signatures" to override)
[2026-02-01T17:33:21+0530] [ALPM-SCRIPTLET] gpg: marginals needed: 3  completes needed: 1  trust model: pgp
[2026-02-01T17:33:21+0530] [ALPM-SCRIPTLET] gpg: depth: 0  valid:   1  signed:   6  trust: 0-, 0q, 0n, 0m, 0f, 1u
[2026-02-01T17:33:21+0530] [ALPM-SCRIPTLET] gpg: depth: 1  valid:   6  signed: 101  trust: 0-, 0q, 0n, 6m, 0f, 0u
[2026-02-01T17:33:21+0530] [ALPM-SCRIPTLET] gpg: depth: 2  valid:  75  signed:  19  trust: 75-, 0q, 0n, 0m, 0f, 0u
[2026-02-01T17:33:21+0530] [ALPM-SCRIPTLET] gpg: next trustdb check due at 2026-03-13
[2026-02-01T17:33:21+0530] [ALPM] upgraded fuse-common (3.17.4-1 -> 3.18.1-1)
[2026-02-01T17:33:21+0530] [ALPM] upgraded fuse3 (3.17.4-1 -> 3.18.1-1)
[2026-02-01T17:33:21+0530] [ALPM] upgraded libphonenumber (1:9.0.22-1 -> 1:9.0.23-1)
[2026-02-01T17:33:21+0530] [ALPM] upgraded libspelling (0.4.9-2 -> 0.4.10-1)
[2026-02-01T17:33:21+0530] [ALPM] upgraded libva-nvidia-driver (0.0.14-1 -> 0.0.15-1)
[2026-02-01T17:33:23+0530] [ALPM] upgraded linux-lts-headers (6.12.67-1 -> 6.12.68-1)
[2026-02-01T17:33:23+0530] [ALPM] upgraded nvtop (3.2.0-1 -> 3.3.1-1)
[2026-02-01T17:33:23+0530] [ALPM] upgraded procps-ng (4.0.5-3 -> 4.0.6-1)
[2026-02-01T17:33:23+0530] [ALPM] upgraded proton-vpn-daemon (0.13.4-4 -> 0.13.4-7)
[2026-02-01T17:33:23+0530] [ALPM] upgraded python-proton-keyring-linux (0.2.1-3 -> 0.2.1-4)
[2026-02-01T17:33:23+0530] [ALPM] upgraded proton-vpn-gtk-app (4.13.1-2 -> 4.14.0-1)
[2026-02-01T17:33:23+0530] [ALPM] upgraded python-wheel (0.45.1-4 -> 0.46.3-1)
[2026-02-01T17:33:23+0530] [ALPM] upgraded qt6-translations (6.10.1-1 -> 6.10.2-1)
[2026-02-01T17:33:24+0530] [ALPM] upgraded qt6-base (6.10.1-1 -> 6.10.2-1)
[2026-02-01T17:33:24+0530] [ALPM] upgraded qt6-svg (6.10.1-1 -> 6.10.2-1)
[2026-02-01T17:33:24+0530] [ALPM] transaction completed
[2026-02-01T17:33:24+0530] [ALPM] running '30-systemd-daemon-reload-system.hook'...
[2026-02-01T17:33:25+0530] [ALPM] running '35-systemd-restart-marked.hook'...
[2026-02-01T17:33:25+0530] [ALPM] running '35-systemd-udev-reload.hook'...
[2026-02-01T17:33:25+0530] [ALPM] running '35-systemd-update.hook'...
[2026-02-01T17:33:25+0530] [ALPM] running '60-depmod.hook'...
[2026-02-01T17:33:25+0530] [ALPM] running '70-dkms-install.hook'...
[2026-02-01T17:33:26+0530] [ALPM-SCRIPTLET] ==> ERROR: Missing 6.12.68-1-lts kernel modules tree for module nvidia/590.48.01.
[2026-02-01T17:33:26+0530] [ALPM-SCRIPTLET] ==> ERROR: Missing 6.12.68-1-lts kernel modules tree for module rtw89/r1673.84a2572.
[2026-02-01T17:33:26+0530] [ALPM] running 'dbus-reload.hook'...
[2026-02-01T17:33:26+0530] [ALPM] running 'gtk-update-icon-cache.hook'...
[2026-02-01T17:33:26+0530] [ALPM] running 'texinfo-install.hook'...
[2026-02-01T17:33:26+0530] [ALPM] running 'update-desktop-database.hook'...
[2026-02-01T17:34:20+0530] [PACMAN] Running 'pacman -S nvim'
[2026-02-01T17:34:22+0530] [ALPM] transaction started
[2026-02-01T17:34:22+0530] [ALPM] installed libuv (1.51.0-1)
[2026-02-01T17:34:22+0530] [ALPM] installed luajit (2.1.1767980792+707c12b-1)
[2026-02-01T17:34:22+0530] [ALPM] installed libluv (1.51.0-1)
[2026-02-01T17:34:22+0530] [ALPM] installed libutf8proc (2.11.3-1)
[2026-02-01T17:34:22+0530] [ALPM] installed libvterm (0.3.3-2)
[2026-02-01T17:34:22+0530] [ALPM] installed lua51-lpeg (1.1.0-4)
[2026-02-01T17:34:22+0530] [ALPM] installed msgpack-c (6.1.0-2)
[2026-02-01T17:34:22+0530] [ALPM] installed tree-sitter (0.25.10-3)
[2026-02-01T17:34:22+0530] [ALPM] installed tree-sitter-c (0.24.1-1)
[2026-02-01T17:34:22+0530] [ALPM] installed tree-sitter-lua (0.4.0-1)
[2026-02-01T17:34:22+0530] [ALPM] installed tree-sitter-markdown (0.5.1-1)
[2026-02-01T17:34:22+0530] [ALPM] installed tree-sitter-query (0.7.0-1)
[2026-02-01T17:34:22+0530] [ALPM] installed tree-sitter-vim (0.7.0-1)
[2026-02-01T17:34:22+0530] [ALPM] installed tree-sitter-vimdoc (4.0.0-1)
[2026-02-01T17:34:22+0530] [ALPM] installed unibilium (2.1.2-1)
[2026-02-01T17:34:22+0530] [ALPM] installed neovim (0.11.6-1)
[2026-02-01T17:34:22+0530] [ALPM] transaction completed
[2026-02-01T17:34:22+0530] [ALPM] running '35-systemd-update.hook'...
[2026-02-01T17:34:22+0530] [ALPM] running 'gtk-update-icon-cache.hook'...
[2026-02-01T17:34:23+0530] [ALPM] running 'update-desktop-database.hook'...
[2026-02-01T22:33:41+0530] [PACMAN] Running 'pacman -R btop'
[2026-02-01T22:33:51+0530] [ALPM] transaction started
[2026-02-01T22:33:51+0530] [ALPM] removed btop (1.4.6-1)
[2026-02-01T22:33:51+0530] [ALPM] transaction completed
[2026-02-01T22:33:51+0530] [ALPM] running '35-systemd-update.hook'...
[2026-02-01T22:33:51+0530] [ALPM] running 'gtk-update-icon-cache.hook'...
[2026-02-01T22:33:51+0530] [ALPM] running 'update-desktop-database.hook'...
[2026-02-01T22:34:16+0530] [PACMAN] Running 'pacman -S --config /etc/pacman.conf -- extra/btop'
[2026-02-01T22:34:48+0530] [ALPM] transaction started
[2026-02-01T22:34:48+0530] [ALPM] installed btop (1.4.6-1)
[2026-02-01T22:34:48+0530] [ALPM] transaction completed
[2026-02-01T22:34:48+0530] [ALPM] running '35-systemd-update.hook'...
[2026-02-01T22:34:48+0530] [ALPM] running 'gtk-update-icon-cache.hook'...
[2026-02-01T22:34:48+0530] [ALPM] running 'update-desktop-database.hook'...
[2026-02-01T22:34:48+0530] [PACMAN] Running 'pacman -D -q --asexplicit --config /etc/pacman.conf -- btop'
[2026-02-02T20:36:14+0530] [PACMAN] Running 'pacman -S docker'
[2026-02-02T20:36:17+0530] [ALPM] transaction started
[2026-02-02T20:36:17+0530] [ALPM] installed runc (1.4.0-1)
[2026-02-02T20:36:17+0530] [ALPM] installed containerd (2.2.1-1)
[2026-02-02T20:36:17+0530] [ALPM] installed docker (1:29.2.0-1)
[2026-02-02T20:36:17+0530] [ALPM] transaction completed
[2026-02-02T20:36:17+0530] [ALPM] running '20-systemd-sysusers.hook'...
[2026-02-02T20:36:17+0530] [ALPM-SCRIPTLET] Creating group 'docker' with GID 949.
[2026-02-02T20:36:17+0530] [ALPM] running '30-systemd-daemon-reload-system.hook'...
[2026-02-02T20:36:18+0530] [ALPM] running '35-systemd-update.hook'...
[2026-02-02T20:43:21+0530] [PACMAN] Running 'pacman -S docker-compose'
[2026-02-02T20:43:22+0530] [ALPM] transaction started
[2026-02-02T20:43:22+0530] [ALPM] installed docker-compose (5.0.2-1)
[2026-02-02T20:43:22+0530] [ALPM] transaction completed
[2026-02-02T20:43:22+0530] [ALPM] running '35-systemd-update.hook'...
[2026-02-02T20:44:19+0530] [PACMAN] Running 'pacman -S lazydocker'
[2026-02-02T20:44:20+0530] [ALPM] transaction started
[2026-02-02T20:44:20+0530] [ALPM] installed lazydocker (0.24.2-1)
[2026-02-02T20:44:20+0530] [ALPM] transaction completed
[2026-02-02T20:44:20+0530] [ALPM] running '35-systemd-update.hook'...
[2026-02-03T10:34:54+0530] [PACMAN] Running 'pacman -S ranger ueberzugpp bat highlight'
[2026-02-03T10:35:17+0530] [ALPM] transaction started
[2026-02-03T10:35:17+0530] [ALPM] installed ranger (1.9.4-5)
[2026-02-03T10:35:17+0530] [ALPM] installed blas (3.12.1-2)
[2026-02-03T10:35:17+0530] [ALPM] installed cblas (3.12.1-2)
[2026-02-03T10:35:17+0530] [ALPM] installed lapack (3.12.1-2)
[2026-02-03T10:35:17+0530] [ALPM] installed verdict (1.4.4-1)
[2026-02-03T10:35:17+0530] [ALPM] installed hwloc (2.12.2-1)
[2026-02-03T10:35:17+0530] [ALPM] installed onetbb (2022.3.0-3)
[2026-02-03T10:35:18+0530] [ALPM] installed opencv (4.13.0-2)
[2026-02-03T10:35:18+0530] [ALPM] installed cfitsio (1:4.6.3-1)
[2026-02-03T10:35:18+0530] [ALPM] installed libimagequant (4.4.1-1)
[2026-02-03T10:35:18+0530] [ALPM] installed libcgif (0.5.1-1)
[2026-02-03T10:35:18+0530] [ALPM] installed libvips (8.18.0-1)
[2026-02-03T10:35:18+0530] [ALPM] installed libsixel (1.10.5-1)
[2026-02-03T10:35:18+0530] [ALPM] installed fmt (12.1.0-1)
[2026-02-03T10:35:18+0530] [ALPM] installed spdlog (1.17.0-1)
[2026-02-03T10:35:18+0530] [ALPM] installed chafa (1.16.2-1)
[2026-02-03T10:35:18+0530] [ALPM] installed xcb-util-errors (1.0.1-2)
[2026-02-03T10:35:18+0530] [ALPM] installed ueberzugpp (2.9.8-3)
[2026-02-03T10:35:18+0530] [ALPM] installed libgit2 (1:1.9.2-1)
[2026-02-03T10:35:18+0530] [ALPM] installed oniguruma (6.9.10-1)
[2026-02-03T10:35:18+0530] [ALPM] installed bat (0.26.1-1)
[2026-02-03T10:35:18+0530] [ALPM] installed highlight (4.18-2)
[2026-02-03T10:35:18+0530] [ALPM] transaction completed
[2026-02-03T10:35:18+0530] [ALPM] running '35-systemd-update.hook'...
[2026-02-03T10:35:18+0530] [ALPM] running 'update-desktop-database.hook'...
[2026-02-03T10:52:10+0530] [PACMAN] Running 'pacman -S xclip'
[2026-02-03T10:52:11+0530] [ALPM] transaction started
[2026-02-03T10:52:11+0530] [ALPM] installed xclip (0.13-6)
[2026-02-03T10:52:11+0530] [ALPM] transaction completed
[2026-02-03T10:52:11+0530] [ALPM] running '35-systemd-update.hook'...
[2026-02-04T09:53:01+0530] [PACMAN] Running 'pacman -D'
[2026-02-04T09:53:53+0530] [PACMAN] Running 'pacman -Syu'
[2026-02-04T09:53:53+0530] [PACMAN] synchronizing package lists
[2026-02-04T09:53:54+0530] [PACMAN] starting full system upgrade
[2026-02-04T09:54:00+0530] [ALPM] transaction started
[2026-02-04T09:54:00+0530] [ALPM] upgraded alsa-card-profiles (1:1.4.10-1 -> 1:1.4.10-2)
[2026-02-04T09:54:00+0530] [ALPM] upgraded libldap (2.6.10-2 -> 2.6.12-1)
[2026-02-04T09:54:00+0530] [ALPM] upgraded expat (2.7.3-1 -> 2.7.4-1)
[2026-02-04T09:54:00+0530] [ALPM] upgraded apparmor (4.1.3-1 -> 4.1.4-1)
[2026-02-04T09:54:00+0530] [ALPM] upgraded archlinux-keyring (20260131-1 -> 20260202-1)
[2026-02-04T09:54:00+0530] [ALPM-SCRIPTLET] ==> Appending keys from archlinux.gpg...
[2026-02-04T09:54:02+0530] [ALPM-SCRIPTLET] ==> Updating trust database...
[2026-02-04T09:54:02+0530] [ALPM-SCRIPTLET] gpg: next trustdb check due at 2026-03-13
[2026-02-04T09:54:02+0530] [ALPM] upgraded bcc (0.35.0-7 -> 0.36.0-1)
[2026-02-04T09:54:02+0530] [ALPM] upgraded libpng (1.6.53-2 -> 1.6.54-1)
[2026-02-04T09:54:02+0530] [ALPM] upgraded svt-av1 (3.1.2-1 -> 4.0.1-1)
[2026-02-04T09:54:02+0530] [ALPM] upgraded libavif (1.3.0-3 -> 1.3.0-5)
[2026-02-04T09:54:02+0530] [ALPM] upgraded libheif (1.21.2-1 -> 1.21.2-2)
[2026-02-04T09:54:02+0530] [ALPM] upgraded chafa (1.16.2-1 -> 1.18.0-1)
[2026-02-04T09:54:02+0530] [ALPM] upgraded cython (3.2.4-2 -> 3.2.4-3)
[2026-02-04T09:54:02+0530] [ALPM] upgraded libpipewire (1:1.4.10-1 -> 1:1.4.10-2)
[2026-02-04T09:54:02+0530] [ALPM] upgraded pipewire (1:1.4.10-1 -> 1:1.4.10-2)
[2026-02-04T09:54:02+0530] [ALPM] upgraded pipewire-audio (1:1.4.10-1 -> 1:1.4.10-2)
[2026-02-04T09:54:02+0530] [ALPM] upgraded pipewire-jack (1:1.4.10-1 -> 1:1.4.10-2)
[2026-02-04T09:54:03+0530] [ALPM] upgraded ffmpeg (2:8.0.1-2 -> 2:8.0.1-4)
[2026-02-04T09:54:03+0530] [ALPM] upgraded git (2.52.0-2 -> 2.53.0-1)
[2026-02-04T09:54:03+0530] [ALPM] upgraded gstreamer (1.26.10-3 -> 1.26.10-4)
[2026-02-04T09:54:03+0530] [ALPM] upgraded gst-plugins-base-libs (1.26.10-3 -> 1.26.10-4)
[2026-02-04T09:54:03+0530] [ALPM] upgraded gst-devtools-libs (1.26.10-3 -> 1.26.10-4)
[2026-02-04T09:54:03+0530] [ALPM] upgraded gst-python (1.26.10-3 -> 1.26.10-4)
[2026-02-04T09:54:03+0530] [ALPM] upgraded gst-editing-services (1.26.10-3 -> 1.26.10-4)
[2026-02-04T09:54:03+0530] [ALPM] upgraded gst-libav (1.26.10-3 -> 1.26.10-4)
[2026-02-04T09:54:03+0530] [ALPM] upgraded gst-plugins-bad-libs (1.26.10-3 -> 1.26.10-4)
[2026-02-04T09:54:03+0530] [ALPM] upgraded gst-plugin-gtk (1.26.10-3 -> 1.26.10-4)
[2026-02-04T09:54:03+0530] [ALPM] upgraded gst-plugin-pipewire (1:1.4.10-1 -> 1:1.4.10-2)
[2026-02-04T09:54:03+0530] [ALPM] upgraded gst-plugins-bad (1.26.10-3 -> 1.26.10-4)
[2026-02-04T09:54:03+0530] [ALPM] upgraded gst-plugins-base (1.26.10-3 -> 1.26.10-4)
[2026-02-04T09:54:03+0530] [ALPM] upgraded gst-plugins-good (1.26.10-3 -> 1.26.10-4)
[2026-02-04T09:54:03+0530] [ALPM] upgraded libfyaml (0.9.3-1 -> 0.9.4-1)
[2026-02-04T09:54:03+0530] [ALPM] upgraded libxmlb (0.3.24-1 -> 0.3.25-1)
[2026-02-04T09:54:03+0530] [ALPM] upgraded libadwaita (1:1.8.3-1 -> 1:1.8.4-1)
[2026-02-04T09:54:03+0530] [ALPM] upgraded libnautilus-extension (49.3-1 -> 49.4-1)
[2026-02-04T09:54:03+0530] [ALPM] upgraded libwacom (2.17.0-1 -> 2.18.0-1)
[2026-02-04T09:54:03+0530] [ALPM] upgraded multipath-tools (0.14.1-1 -> 0.14.2-1)
[2026-02-04T09:54:03+0530] [ALPM] upgraded nautilus (49.3-1 -> 49.4-1)
[2026-02-04T09:54:03+0530] [ALPM] upgraded pipewire-alsa (1:1.4.10-1 -> 1:1.4.10-2)
[2026-02-04T09:54:03+0530] [ALPM] upgraded pipewire-pulse (1:1.4.10-1 -> 1:1.4.10-2)
[2026-02-04T09:54:03+0530] [ALPM] upgraded python-bcc (0.35.0-7 -> 0.36.0-1)
[2026-02-04T09:54:03+0530] [ALPM] upgraded python-cryptography (46.0.3-2 -> 46.0.4-1)
[2026-02-04T09:54:03+0530] [ALPM] upgraded python-keyring (25.7.0-2 -> 25.7.0-3)
[2026-02-04T09:54:03+0530] [ALPM] upgraded python-multidict (6.7.0-5 -> 6.7.1-1)
[2026-02-04T09:54:03+0530] [ALPM] upgraded python-psutil (7.2.1-1 -> 7.2.2-1)
[2026-02-04T09:54:03+0530] [ALPM] upgraded python-sentry_sdk (2.50.0-1 -> 2.51.0-1)
[2026-02-04T09:54:03+0530] [ALPM] transaction completed
[2026-02-04T09:54:04+0530] [ALPM] running '20-systemd-sysusers.hook'...
[2026-02-04T09:54:04+0530] [ALPM] running '21-systemd-tmpfiles.hook'...
[2026-02-04T09:54:04+0530] [ALPM] running '25-systemd-hwdb.hook'...
[2026-02-04T09:54:04+0530] [ALPM] running '30-systemd-daemon-reload-system.hook'...
[2026-02-04T09:54:05+0530] [ALPM] running '30-systemd-daemon-reload-user.hook'...
[2026-02-04T09:54:05+0530] [ALPM] running '35-systemd-restart-marked.hook'...
[2026-02-04T09:54:05+0530] [ALPM] running '35-systemd-udev-reload.hook'...
[2026-02-04T09:54:05+0530] [ALPM] running '35-systemd-update.hook'...
[2026-02-04T09:54:06+0530] [ALPM] running 'detect-old-perl-modules.hook'...
[2026-02-04T09:54:06+0530] [ALPM] running 'glib-compile-schemas.hook'...
[2026-02-04T09:54:06+0530] [ALPM] running 'gtk-update-icon-cache.hook'...
[2026-02-04T09:54:06+0530] [ALPM] running 'update-desktop-database.hook'...
[2026-02-04T11:29:07+0530] [PACMAN] Running 'pacman -S traceroute'
[2026-02-04T11:29:09+0530] [ALPM] transaction started
[2026-02-04T11:29:09+0530] [ALPM] installed traceroute (2.1.6-1)
[2026-02-04T11:29:09+0530] [ALPM] transaction completed
[2026-02-04T11:29:09+0530] [ALPM] running '35-systemd-update.hook'...
[2026-02-04T11:34:23+0530] [PACMAN] Running 'pacman -S ifconfig'
[2026-02-04T18:48:08+0530] [PACMAN] Running 'pacman -S netmask'
[2026-02-04T18:48:32+0530] [PACMAN] Running 'pacman -S netstat'
[2026-02-05T13:36:49+0530] [PACMAN] Running 'pacman -S prometheus'
[2026-02-05T13:37:00+0530] [ALPM] transaction started
[2026-02-05T13:37:00+0530] [ALPM] installed prometheus (3.9.1-1)
[2026-02-05T13:37:00+0530] [ALPM] transaction completed
[2026-02-05T13:37:00+0530] [ALPM] running '20-systemd-sysusers.hook'...
[2026-02-05T13:37:01+0530] [ALPM-SCRIPTLET] Creating group 'prometheus' with GID 210.
[2026-02-05T13:37:01+0530] [ALPM-SCRIPTLET] Creating user 'prometheus' (Prometheus dedicated user) with UID 210 and GID 210.
[2026-02-05T13:37:01+0530] [ALPM] running '30-systemd-daemon-reload-system.hook'...
[2026-02-05T13:37:01+0530] [ALPM] running '35-systemd-update.hook'...
[2026-02-05T13:46:20+0530] [PACMAN] Running 'pacman -S tree'
[2026-02-05T13:46:21+0530] [ALPM] transaction started
[2026-02-05T13:46:21+0530] [ALPM] installed tree (2.3.1-1)
[2026-02-05T13:46:21+0530] [ALPM] transaction completed
[2026-02-05T13:46:21+0530] [ALPM] running '35-systemd-update.hook'...
[2026-02-05T13:49:13+0530] [PACMAN] Running 'pacman -S prometheus-ui'
[2026-02-05T13:50:44+0530] [PACMAN] Running 'pacman -Rns prometheus'
[2026-02-05T13:50:45+0530] [ALPM] transaction started
[2026-02-05T13:50:46+0530] [ALPM] removed prometheus (3.9.1-1)
[2026-02-05T13:50:46+0530] [ALPM] transaction completed
[2026-02-05T13:50:46+0530] [ALPM] running '30-systemd-daemon-reload-system.hook'...
[2026-02-05T13:50:46+0530] [ALPM] running '35-systemd-update.hook'...
[2026-02-05T13:51:20+0530] [PACMAN] Running 'pacman -U --config /etc/pacman.conf -- /home/soi/.cache/yay/prometheus-bin/prometheus-bin-3.9.1-1-x86_64.pkg.tar.zst /home/soi/.cache/yay/prometheus-bin/prometheus-bin-debug-3.9.1-1-x86_64.pkg.tar.zst'
[2026-02-05T13:51:23+0530] [ALPM] transaction started
[2026-02-05T13:51:23+0530] [ALPM] installed prometheus-bin (3.9.1-1)
[2026-02-05T13:51:23+0530] [ALPM-SCRIPTLET] uid=210(prometheus) gid=210(prometheus) groups=210(prometheus)
[2026-02-05T13:51:23+0530] [ALPM-SCRIPTLET] chown: warning: '.' should be ':': ‘prometheus.prometheus’
[2026-02-05T13:51:23+0530] [ALPM] installed prometheus-bin-debug (3.9.1-1)
[2026-02-05T13:51:23+0530] [ALPM] transaction completed
[2026-02-05T13:51:23+0530] [ALPM] running '30-systemd-daemon-reload-system.hook'...
[2026-02-05T13:51:23+0530] [ALPM] running '35-systemd-update.hook'...
[2026-02-05T13:51:23+0530] [PACMAN] Running 'pacman -D -q --asdeps --config /etc/pacman.conf -- prometheus-bin-debug'
[2026-02-05T13:51:23+0530] [PACMAN] Running 'pacman -D -q --asexplicit --config /etc/pacman.conf -- prometheus-bin'
[2026-02-05T14:48:26+0530] [PACMAN] Running 'pacman -S grafana'
[2026-02-05T14:48:35+0530] [ALPM] transaction started
[2026-02-05T14:48:36+0530] [ALPM] installed grafana (12.3.1-1)
[2026-02-05T14:48:36+0530] [ALPM] transaction completed
[2026-02-05T14:48:37+0530] [ALPM] running '20-systemd-sysusers.hook'...
[2026-02-05T14:48:37+0530] [ALPM-SCRIPTLET] Creating group 'grafana' with GID 207.
[2026-02-05T14:48:37+0530] [ALPM-SCRIPTLET] Creating user 'grafana' (n/a) with UID 207 and GID 207.
[2026-02-05T14:48:37+0530] [ALPM] running '21-systemd-tmpfiles.hook'...
[2026-02-05T14:48:37+0530] [ALPM] running '30-systemd-daemon-reload-system.hook'...
[2026-02-05T14:48:37+0530] [ALPM] running '35-systemd-update.hook'...
[2026-02-08T19:35:25+0530] [PACMAN] Running 'pacman -S obs-studio'
[2026-02-08T19:35:27+0530] [ALPM] transaction started
[2026-02-08T19:35:27+0530] [ALPM] installed mbedtls (3.6.5-1)
[2026-02-08T19:35:27+0530] [ALPM] installed rnnoise (1:0.2-1)
[2026-02-08T19:35:27+0530] [ALPM] installed libjuice (1.7.0-1)
[2026-02-08T19:35:27+0530] [ALPM] installed libdatachannel (0.24.1-1)
[2026-02-08T19:35:27+0530] [ALPM] installed uthash (2.3.0-2)
[2026-02-08T19:35:27+0530] [ALPM] installed simde (0.8.2-1)
[2026-02-08T19:35:27+0530] [ALPM] installed qrcodegencpp-cmake (1.8.0-4)
[2026-02-08T19:35:27+0530] [ALPM] installed obs-studio (32.0.4-1)
[2026-02-08T19:35:27+0530] [ALPM] transaction completed
[2026-02-08T19:35:27+0530] [ALPM] running '35-systemd-update.hook'...
[2026-02-08T19:35:27+0530] [ALPM] running 'gtk-update-icon-cache.hook'...
[2026-02-08T19:35:28+0530] [ALPM] running 'update-desktop-database.hook'...
[2026-02-08T19:38:17+0530] [PACMAN] Running 'pacman -R obs-studio'
[2026-02-08T19:38:17+0530] [ALPM] transaction started
[2026-02-08T19:38:18+0530] [ALPM] removed obs-studio (32.0.4-1)
[2026-02-08T19:38:18+0530] [ALPM] transaction completed
[2026-02-08T19:38:18+0530] [ALPM] running '35-systemd-update.hook'...
[2026-02-08T19:38:18+0530] [ALPM] running 'gtk-update-icon-cache.hook'...
[2026-02-08T19:38:18+0530] [ALPM] running 'update-desktop-database.hook'...
[2026-02-08T19:41:07+0530] [PACMAN] Running 'pacman -S --config /etc/pacman.conf -- extra/qt5-x11extras extra/qt5-base extra/cmake extra/qt5-tools'
[2026-02-08T19:41:09+0530] [ALPM] transaction started
[2026-02-08T19:41:09+0530] [ALPM] installed qt5-translations (5.15.18-1)
[2026-02-08T19:41:10+0530] [ALPM] installed qt5-base (5.15.18+kde+r109-2)
[2026-02-08T19:41:10+0530] [ALPM] installed qt5-x11extras (5.15.18-1)
[2026-02-08T19:41:10+0530] [ALPM] installed cppdap (1.58.0-2)
[2026-02-08T19:41:10+0530] [ALPM] installed jsoncpp (1.9.6-3)
[2026-02-08T19:41:10+0530] [ALPM] installed rhash (1.4.6-1)
[2026-02-08T19:41:10+0530] [ALPM] installed cmake (4.2.3-1)
[2026-02-08T19:41:10+0530] [ALPM] installed qt5-tools (5.15.18+kde+r3-1)
[2026-02-08T19:41:10+0530] [ALPM] transaction completed
[2026-02-08T19:41:10+0530] [ALPM] running '30-update-mime-database.hook'...
[2026-02-08T19:41:11+0530] [ALPM] running '35-systemd-update.hook'...
[2026-02-08T19:41:11+0530] [ALPM] running 'gtk-update-icon-cache.hook'...
[2026-02-08T19:41:11+0530] [ALPM] running 'update-desktop-database.hook'...
[2026-02-08T19:41:11+0530] [PACMAN] Running 'pacman -D -q --asdeps --config /etc/pacman.conf -- qt5-tools qt5-x11extras qt5-base cmake'
[2026-02-08T19:43:26+0530] [PACMAN] Running 'pacman -U --config /etc/pacman.conf -- /home/soi/.cache/yay/simplescreenrecorder/simplescreenrecorder-0.4.4-4-x86_64.pkg.tar.zst /home/soi/.cache/yay/simplescreenrecorder/simplescreenrecorder-debug-0.4.4-4-x86_64.pkg.tar.zst'
[2026-02-08T19:43:28+0530] [ALPM] transaction started
[2026-02-08T19:43:28+0530] [ALPM] installed simplescreenrecorder (0.4.4-4)
[2026-02-08T19:43:28+0530] [ALPM] installed simplescreenrecorder-debug (0.4.4-4)
[2026-02-08T19:43:28+0530] [ALPM] transaction completed
[2026-02-08T19:43:28+0530] [ALPM] running '35-systemd-update.hook'...
[2026-02-08T19:43:28+0530] [ALPM] running 'gtk-update-icon-cache.hook'...
[2026-02-08T19:43:28+0530] [ALPM] running 'update-desktop-database.hook'...
[2026-02-08T19:43:28+0530] [PACMAN] Running 'pacman -D -q --asdeps --config /etc/pacman.conf -- simplescreenrecorder-debug'
[2026-02-08T19:43:28+0530] [PACMAN] Running 'pacman -D -q --asexplicit --config /etc/pacman.conf -- simplescreenrecorder'
[2026-02-11T13:59:47+0530] [PACMAN] Running 'pacman -S lightdm light-gtk-greeter'
[2026-02-11T14:00:37+0530] [PACMAN] Running 'pacman -S lightdm lightdm-gtk-greeter'
[2026-02-11T14:00:38+0530] [ALPM] transaction started
[2026-02-11T14:00:38+0530] [ALPM] reinstalled lightdm (1:1.32.0-6)
[2026-02-11T14:00:38+0530] [ALPM] reinstalled lightdm-gtk-greeter (1:2.0.9-1)
[2026-02-11T14:00:38+0530] [ALPM] transaction completed
[2026-02-11T14:00:38+0530] [ALPM] running '20-systemd-sysusers.hook'...
[2026-02-11T14:00:38+0530] [ALPM] running '21-systemd-tmpfiles.hook'...
[2026-02-11T14:00:39+0530] [ALPM] running '30-systemd-daemon-reload-system.hook'...
[2026-02-11T14:00:39+0530] [ALPM] running '35-systemd-restart-marked.hook'...
[2026-02-11T14:00:39+0530] [ALPM] running '35-systemd-update.hook'...
[2026-02-11T14:00:39+0530] [ALPM] running 'accounts-daemon-restart.hook'...
[2026-02-11T14:00:39+0530] [ALPM] running 'dbus-reload.hook'...
[2026-02-11T14:00:39+0530] [ALPM] running 'gtk-update-icon-cache.hook'...
[2026-02-11T18:58:00+0530] [PACMAN] Running 'pacman -Syu'
[2026-02-11T18:58:00+0530] [PACMAN] synchronizing package lists
[2026-02-11T18:58:02+0530] [PACMAN] starting full system upgrade
[2026-02-11T18:58:37+0530] [ALPM] running '60-mkinitcpio-remove.hook'...
[2026-02-11T18:58:38+0530] [ALPM] running '70-dkms-upgrade.hook'...
[2026-02-11T18:58:38+0530] [ALPM-SCRIPTLET] ==> dkms remove --no-depmod nvidia/590.48.01 -k 6.18.7-arch1-1
[2026-02-11T18:58:41+0530] [ALPM] running '71-dkms-remove.hook'...
[2026-02-11T18:58:42+0530] [ALPM-SCRIPTLET] ==> dkms remove --no-depmod rtw89/r1673.84a2572 -k 6.18.7-arch1-1
[2026-02-11T18:58:43+0530] [ALPM-SCRIPTLET] ==> depmod 6.18.7-arch1-1
[2026-02-11T18:58:46+0530] [ALPM] running 'texinfo-remove.hook'...
[2026-02-11T18:58:46+0530] [ALPM] transaction started
[2026-02-11T18:58:46+0530] [ALPM] upgraded linux-api-headers (6.18-1 -> 6.19-1)
[2026-02-11T18:58:46+0530] [ALPM] upgraded iana-etc (20251215-1 -> 20260203-1)
[2026-02-11T18:58:46+0530] [ALPM] warning: /etc/locale.gen installed as /etc/locale.gen.pacnew
[2026-02-11T18:58:46+0530] [ALPM] upgraded glibc (2.42+r51+gcbf39c26b258-2 -> 2.43+r5+g856c426a7534-1)
[2026-02-11T18:58:46+0530] [ALPM-SCRIPTLET] Generating locales...
[2026-02-11T18:58:47+0530] [ALPM-SCRIPTLET]   en_US.UTF-8... done
[2026-02-11T18:58:47+0530] [ALPM-SCRIPTLET] Generation complete.
[2026-02-11T18:58:47+0530] [ALPM] installed libasan (15.2.1+r604+g0b99615a8aef-1)
[2026-02-11T18:58:47+0530] [ALPM] installed libatomic (15.2.1+r604+g0b99615a8aef-1)
[2026-02-11T18:58:47+0530] [ALPM] installed libgfortran (15.2.1+r604+g0b99615a8aef-1)
[2026-02-11T18:58:47+0530] [ALPM] installed libgcc (15.2.1+r604+g0b99615a8aef-1)
[2026-02-11T18:58:47+0530] [ALPM] installed libgomp (15.2.1+r604+g0b99615a8aef-1)
[2026-02-11T18:58:47+0530] [ALPM] installed liblsan (15.2.1+r604+g0b99615a8aef-1)
[2026-02-11T18:58:47+0530] [ALPM] installed libobjc (15.2.1+r604+g0b99615a8aef-1)
[2026-02-11T18:58:47+0530] [ALPM] installed libquadmath (15.2.1+r604+g0b99615a8aef-1)
[2026-02-11T18:58:47+0530] [ALPM] installed libstdc++ (15.2.1+r604+g0b99615a8aef-1)
[2026-02-11T18:58:47+0530] [ALPM] installed libtsan (15.2.1+r604+g0b99615a8aef-1)
[2026-02-11T18:58:47+0530] [ALPM] installed libubsan (15.2.1+r604+g0b99615a8aef-1)
[2026-02-11T18:58:47+0530] [ALPM] upgraded gcc-libs (15.2.1+r447+g6a64f6c3ebb8-1 -> 15.2.1+r604+g0b99615a8aef-1)
[2026-02-11T18:58:47+0530] [ALPM] upgraded libgcrypt (1.11.2-1 -> 1.12.0-1)
[2026-02-11T18:58:47+0530] [ALPM] upgraded systemd-libs (259-2 -> 259.1-1)
[2026-02-11T18:58:47+0530] [ALPM] upgraded coreutils (9.9-1 -> 9.10-1)
[2026-02-11T18:58:47+0530] [ALPM] upgraded hwdata (0.403-1 -> 0.404-1)
[2026-02-11T18:58:47+0530] [ALPM] upgraded libp11-kit (0.26.1-1 -> 0.26.2-1)
[2026-02-11T18:58:47+0530] [ALPM] upgraded p11-kit (0.26.1-1 -> 0.26.2-1)
[2026-02-11T18:58:47+0530] [ALPM] upgraded systemd (259-2 -> 259.1-1)
[2026-02-11T18:58:48+0530] [ALPM] upgraded binutils (2.45.1+r35+g12d0a1dbc1b9-1 -> 2.46-1)
[2026-02-11T18:58:48+0530] [ALPM] upgraded libmakepkg-dropins (18-1 -> 20-1)
[2026-02-11T18:58:48+0530] [ALPM] upgraded libsysprof-capture (49.0-1 -> 49.0-2)
[2026-02-11T18:58:48+0530] [ALPM] upgraded archlinux-keyring (20260202-1 -> 20260206-1)
[2026-02-11T18:58:48+0530] [ALPM-SCRIPTLET] ==> Appending keys from archlinux.gpg...
[2026-02-11T18:58:50+0530] [ALPM-SCRIPTLET] ==> Disabling revoked keys in keyring...
[2026-02-11T18:58:50+0530] [ALPM-SCRIPTLET]   -> Disabled 1 key.
[2026-02-11T18:58:50+0530] [ALPM-SCRIPTLET] ==> Updating trust database...
[2026-02-11T18:58:50+0530] [ALPM-SCRIPTLET] gpg: Note: third-party key signatures using the SHA1 algorithm are rejected
[2026-02-11T18:58:50+0530] [ALPM-SCRIPTLET] gpg: (use option "--allow-weak-key-signatures" to override)
[2026-02-11T18:58:50+0530] [ALPM-SCRIPTLET] gpg: marginals needed: 3  completes needed: 1  trust model: pgp
[2026-02-11T18:58:50+0530] [ALPM-SCRIPTLET] gpg: depth: 0  valid:   1  signed:   5  trust: 0-, 0q, 0n, 0m, 0f, 1u
[2026-02-11T18:58:50+0530] [ALPM-SCRIPTLET] gpg: depth: 1  valid:   5  signed:  85  trust: 0-, 0q, 0n, 5m, 0f, 0u
[2026-02-11T18:58:50+0530] [ALPM-SCRIPTLET] gpg: depth: 2  valid:  72  signed:  19  trust: 72-, 0q, 0n, 0m, 0f, 0u
[2026-02-11T18:58:50+0530] [ALPM-SCRIPTLET] gpg: next trustdb check due at 2026-03-13
[2026-02-11T18:58:50+0530] [ALPM] upgraded systemd-sysvcompat (259-2 -> 259.1-1)
[2026-02-11T18:58:50+0530] [ALPM] upgraded base (3-2 -> 3-3)
[2026-02-11T18:58:50+0530] [ALPM] upgraded libtool (2.6.0-3 -> 2.6.0-4)
[2026-02-11T18:58:50+0530] [ALPM] upgraded docker (1:29.2.0-1 -> 1:29.2.1-1)
[2026-02-11T18:58:50+0530] [ALPM] upgraded libgoa (3.56.3-1 -> 3.56.4-1)
[2026-02-11T18:58:50+0530] [ALPM] upgraded libpng (1.6.54-1 -> 1.6.55-1)
[2026-02-11T18:58:50+0530] [ALPM] upgraded libjxl (0.11.1-5 -> 0.11.2-1)
[2026-02-11T18:58:50+0530] [ALPM] upgraded libx11 (1.8.12-2 -> 1.8.13-1)
[2026-02-11T18:58:50+0530] [ALPM] upgraded spirv-tools (1:1.4.335.0-1 -> 1:1.4.341.0-1)
[2026-02-11T18:58:52+0530] [ALPM] upgraded nvidia-utils (590.48.01-2 -> 590.48.01-4)
[2026-02-11T18:58:52+0530] [ALPM] upgraded mesa (1:25.3.4-1 -> 1:25.3.5-1)
[2026-02-11T18:58:52+0530] [ALPM] upgraded glycin (2.0.7-1 -> 2.0.8-1)
[2026-02-11T18:58:52+0530] [ALPM] upgraded vulkan-icd-loader (1.4.335.0-1 -> 1.4.341.0-1)
[2026-02-11T18:58:53+0530] [ALPM] upgraded webkit2gtk-4.1 (2.50.4-1 -> 2.50.5-1)
[2026-02-11T18:58:53+0530] [ALPM] upgraded geocode-glib-common (3.26.4-4 -> 3.26.4-5)
[2026-02-11T18:58:53+0530] [ALPM] upgraded geocode-glib-2 (3.26.4-4 -> 3.26.4-5)
[2026-02-11T18:58:53+0530] [ALPM] upgraded evolution-data-server (3.58.2-2 -> 3.58.3-1)
[2026-02-11T18:58:53+0530] [ALPM] upgraded glslang (1:1.4.335.0-1 -> 1:1.4.341.0-1)
[2026-02-11T18:58:53+0530] [ALPM] upgraded shaderc (2025.5-1 -> 2026.1-1)
[2026-02-11T18:58:53+0530] [ALPM] upgraded libplacebo (7.351.0-4 -> 7.351.0-5)
[2026-02-11T18:58:53+0530] [ALPM] upgraded libvdpau (1.5-3 -> 1.5-4)
[2026-02-11T18:58:53+0530] [ALPM] installed sndio (1.10.0-1)
[2026-02-11T18:58:53+0530] [ALPM] upgraded sbc (2.1-1 -> 2.2-1)
[2026-02-11T18:58:53+0530] [ALPM] upgraded sdl3 (3.4.0-2 -> 3.4.0-3)
[2026-02-11T18:58:53+0530] [ALPM] upgraded sdl2-compat (2.32.62-1 -> 2.32.64-1)
[2026-02-11T18:58:53+0530] [ALPM] upgraded ffmpeg (2:8.0.1-4 -> 2:8.0.1-5)
[2026-02-11T18:58:53+0530] [ALPM] upgraded gc (8.2.10-2 -> 8.2.12-1)
[2026-02-11T18:58:53+0530] [ALPM] upgraded gcc (15.2.1+r447+g6a64f6c3ebb8-1 -> 15.2.1+r604+g0b99615a8aef-1)
[2026-02-11T18:58:53+0530] [ALPM] upgraded gnome-online-accounts (3.56.3-1 -> 3.56.4-1)
[2026-02-11T18:58:53+0530] [ALPM] upgraded libfontenc (1.1.8-1 -> 1.1.9-1)
[2026-02-11T18:58:53+0530] [ALPM] upgraded mutter (49.3-1 -> 49.4-1)
[2026-02-11T18:58:54+0530] [ALPM] upgraded webkitgtk-6.0 (2.50.4-1 -> 2.50.5-1)
[2026-02-11T18:58:54+0530] [ALPM] upgraded liburing (2.13-1 -> 2.14-1)
[2026-02-11T18:58:54+0530] [ALPM] upgraded gvfs (1.58.0-2 -> 1.58.1-1)
[2026-02-11T18:58:54+0530] [ALPM] upgraded gnome-shell (1:49.3-1 -> 1:49.4-1)
[2026-02-11T18:58:55+0530] [ALPM] upgraded gnome-user-docs (49.1-1 -> 49.4-1)
[2026-02-11T18:58:56+0530] [ALPM] upgraded go (2:1.25.6-1 -> 2:1.25.7-1)
[2026-02-11T18:58:56+0530] [ALPM] upgraded go-tools (4:0.41.0-2 -> 4:0.42.0-1)
[2026-02-11T18:58:58+0530] [ALPM] upgraded grafana (12.3.1-1 -> 12.3.2-1)
[2026-02-11T18:58:58+0530] [ALPM] upgraded gvfs-afc (1.58.0-2 -> 1.58.1-1)
[2026-02-11T18:58:58+0530] [ALPM] upgraded gvfs-dnssd (1.58.0-2 -> 1.58.1-1)
[2026-02-11T18:58:58+0530] [ALPM] upgraded gvfs-goa (1.58.0-2 -> 1.58.1-1)
[2026-02-11T18:58:58+0530] [ALPM] upgraded gvfs-google (1.58.0-2 -> 1.58.1-1)
[2026-02-11T18:58:58+0530] [ALPM] upgraded gvfs-gphoto2 (1.58.0-2 -> 1.58.1-1)
[2026-02-11T18:58:58+0530] [ALPM] upgraded gvfs-mtp (1.58.0-2 -> 1.58.1-1)
[2026-02-11T18:58:58+0530] [ALPM] upgraded gvfs-nfs (1.58.0-2 -> 1.58.1-1)
[2026-02-11T18:58:58+0530] [ALPM] upgraded gvfs-onedrive (1.58.0-2 -> 1.58.1-1)
[2026-02-11T18:58:58+0530] [ALPM] upgraded talloc (2.4.3-2 -> 2.4.4-1)
[2026-02-11T18:58:58+0530] [ALPM] upgraded gvfs-smb (1.58.0-2 -> 1.58.1-1)
[2026-02-11T18:58:58+0530] [ALPM] upgraded gvfs-wsdd (1.58.0-2 -> 1.58.1-1)
[2026-02-11T18:58:58+0530] [ALPM] upgraded i3-wm (4.25-1 -> 4.25.1-1)
[2026-02-11T18:58:58+0530] [ALPM] upgraded iwd (3.10-1 -> 3.11-1)
[2026-02-11T18:58:58+0530] [ALPM] upgraded lazydocker (0.24.2-1 -> 0.24.4-1)
[2026-02-11T18:58:58+0530] [ALPM] upgraded less (1:691-1 -> 1:692-1)
[2026-02-11T18:58:58+0530] [ALPM] upgraded libdmapsharing (3.9.13-1 -> 3.9.13-2)
[2026-02-11T18:58:58+0530] [ALPM] upgraded libedataserverui4 (3.58.2-2 -> 3.58.3-1)
[2026-02-11T18:58:58+0530] [ALPM] upgraded libraqm (0.10.3-1 -> 0.10.4-1)
[2026-02-11T18:58:58+0530] [ALPM] upgraded libuv (1.51.0-1 -> 1.52.0-1)
[2026-02-11T18:58:59+0530] [ALPM] upgraded linux (6.18.7.arch1-1 -> 6.18.9.arch1-2)
[2026-02-11T18:59:01+0530] [ALPM] upgraded linux-headers (6.18.7.arch1-1 -> 6.18.9.arch1-2)
[2026-02-11T18:59:03+0530] [ALPM] upgraded linux-lts-headers (6.12.68-1 -> 6.12.69-2)
[2026-02-11T18:59:03+0530] [ALPM] upgraded multipath-tools (0.14.2-1 -> 0.14.3-1)
[2026-02-11T18:59:03+0530] [ALPM] upgraded nano (8.7-1 -> 8.7.1-1)
[2026-02-11T18:59:04+0530] [ALPM] upgraded nvidia-open-dkms (590.48.01-2 -> 590.48.01-4)
[2026-02-11T18:59:04+0530] [ALPM] upgraded openvpn (2.6.17-1 -> 2.6.19-1)
[2026-02-11T18:59:04+0530] [ALPM] upgraded papers (49.3-1 -> 49.4-1)
[2026-02-11T18:59:04+0530] [ALPM] upgraded python-sentry_sdk (2.51.0-1 -> 2.52.0-1)
[2026-02-11T18:59:04+0530] [ALPM] installed python-pkg_resources (81.0.0-1)
[2026-02-11T18:59:04+0530] [ALPM] upgraded python-setuptools (1:80.9.0-4 -> 1:82.0.0-1)
[2026-02-11T18:59:04+0530] [ALPM] upgraded spotify-launcher (0.6.4-1 -> 0.6.5-1)
[2026-02-11T18:59:05+0530] [ALPM] upgraded vim-runtime (9.1.2077-1 -> 9.1.2132-1)
[2026-02-11T18:59:05+0530] [ALPM] upgraded vim (9.1.2077-1 -> 9.1.2132-1)
[2026-02-11T18:59:05+0530] [ALPM] upgraded zlib-ng (2.3.2-1 -> 2.3.3-1)
[2026-02-11T18:59:05+0530] [ALPM] transaction completed
[2026-02-11T18:59:06+0530] [ALPM] running '20-systemd-sysusers.hook'...
[2026-02-11T18:59:06+0530] [ALPM] running '21-systemd-tmpfiles.hook'...
[2026-02-11T18:59:07+0530] [ALPM] running '25-systemd-catalog.hook'...
[2026-02-11T18:59:07+0530] [ALPM] running '25-systemd-hwdb.hook'...
[2026-02-11T18:59:07+0530] [ALPM] running '25-systemd-sysctl.hook'...
[2026-02-11T18:59:07+0530] [ALPM] running '30-systemd-daemon-reload-system.hook'...
[2026-02-11T18:59:07+0530] [ALPM] running '30-systemd-daemon-reload-user.hook'...
[2026-02-11T18:59:08+0530] [ALPM] running '30-update-mime-database.hook'...
[2026-02-11T18:59:08+0530] [ALPM] running '35-systemd-restart-marked.hook'...
[2026-02-11T18:59:08+0530] [ALPM] running '35-systemd-udev-reload.hook'...
[2026-02-11T18:59:09+0530] [ALPM] running '35-systemd-update.hook'...
[2026-02-11T18:59:09+0530] [ALPM] running '60-depmod.hook'...
[2026-02-11T18:59:11+0530] [ALPM] running '70-dkms-install.hook'...
[2026-02-11T18:59:11+0530] [ALPM-SCRIPTLET] ==> dkms install --no-depmod rtw89/r1673.84a2572 -k 6.18.9-arch1-2
[2026-02-11T18:59:11+0530] [ALPM-SCRIPTLET] Deprecated feature: CLEAN (/usr/src/rtw89-r1673.84a2572/dkms.conf)
[2026-02-11T18:59:29+0530] [ALPM-SCRIPTLET] ==> dkms install --no-depmod nvidia/590.48.01 -k 6.18.9-arch1-2
[2026-02-11T19:00:35+0530] [ALPM-SCRIPTLET] ==> depmod 6.18.9-arch1-2
[2026-02-11T19:00:36+0530] [ALPM-SCRIPTLET] ==> ERROR: Missing 6.12.69-2-lts kernel modules tree for module nvidia/590.48.01.
[2026-02-11T19:00:36+0530] [ALPM-SCRIPTLET] ==> ERROR: Missing 6.12.69-2-lts kernel modules tree for module rtw89/r1673.84a2572.
[2026-02-11T19:00:38+0530] [ALPM] running '90-mkinitcpio-install.hook'...
[2026-02-11T19:00:38+0530] [ALPM-SCRIPTLET] ==> Building image from preset: /etc/mkinitcpio.d/linux.preset: 'default'
[2026-02-11T19:00:38+0530] [ALPM-SCRIPTLET] ==> Using default configuration file: '/etc/mkinitcpio.conf'
[2026-02-11T19:00:38+0530] [ALPM-SCRIPTLET]   -> -k /boot/vmlinuz-linux -g /boot/initramfs-linux.img
[2026-02-11T19:00:38+0530] [ALPM-SCRIPTLET] ==> Starting build: '6.18.9-arch1-2'
[2026-02-11T19:00:38+0530] [ALPM-SCRIPTLET]   -> Running build hook: [base]
[2026-02-11T19:00:39+0530] [ALPM-SCRIPTLET]   -> Running build hook: [udev]
[2026-02-11T19:00:39+0530] [ALPM-SCRIPTLET]   -> Running build hook: [autodetect]
[2026-02-11T19:00:39+0530] [ALPM-SCRIPTLET]   -> Running build hook: [microcode]
[2026-02-11T19:00:39+0530] [ALPM-SCRIPTLET]   -> Running build hook: [modconf]
[2026-02-11T19:00:39+0530] [ALPM-SCRIPTLET]   -> Running build hook: [kms]
[2026-02-11T19:00:45+0530] [ALPM-SCRIPTLET]   -> Running build hook: [keyboard]
[2026-02-11T19:00:45+0530] [ALPM-SCRIPTLET]   -> Running build hook: [keymap]
[2026-02-11T19:00:45+0530] [ALPM-SCRIPTLET]   -> Running build hook: [consolefont]
[2026-02-11T19:00:45+0530] [ALPM-SCRIPTLET]   -> Running build hook: [block]
[2026-02-11T19:00:46+0530] [ALPM-SCRIPTLET]   -> Running build hook: [filesystems]
[2026-02-11T19:00:46+0530] [ALPM-SCRIPTLET]   -> Running build hook: [fsck]
[2026-02-11T19:00:46+0530] [ALPM-SCRIPTLET] ==> Generating module dependencies
[2026-02-11T19:00:46+0530] [ALPM-SCRIPTLET] ==> Creating zstd-compressed initcpio image: '/boot/initramfs-linux.img'
[2026-02-11T19:00:46+0530] [ALPM-SCRIPTLET]   -> Early uncompressed CPIO image generation successful
[2026-02-11T19:00:47+0530] [ALPM-SCRIPTLET] ==> Initcpio image generation successful
[2026-02-11T19:00:47+0530] [ALPM] running 'dbus-reload.hook'...
[2026-02-11T19:00:47+0530] [ALPM] running 'gio-querymodules.hook'...
[2026-02-11T19:00:47+0530] [ALPM] running 'glib-compile-schemas.hook'...
[2026-02-11T19:00:47+0530] [ALPM] running 'gtk-update-icon-cache.hook'...
[2026-02-11T19:00:47+0530] [ALPM] running 'gvfsd.hook'...
[2026-02-11T19:00:47+0530] [ALPM] running 'texinfo-install.hook'...
[2026-02-11T19:00:49+0530] [ALPM] running 'update-desktop-database.hook'...
[2026-02-16T20:38:41+0530] [PACMAN] Running 'pacman -Syu'
[2026-02-16T20:38:41+0530] [PACMAN] synchronizing package lists
[2026-02-16T20:38:42+0530] [PACMAN] starting full system upgrade
[2026-02-16T20:39:33+0530] [ALPM] running '71-dkms-remove.hook'...
[2026-02-16T20:39:33+0530] [ALPM] transaction started
[2026-02-16T20:39:33+0530] [ALPM] upgraded ncurses (6.5-4 -> 6.6-1)
[2026-02-16T20:39:33+0530] [ALPM] upgraded zstd (1.5.7-2 -> 1.5.7-3)
[2026-02-16T20:39:34+0530] [ALPM] upgraded apparmor (4.1.4-1 -> 4.1.6-1)
[2026-02-16T20:39:34+0530] [ALPM] upgraded llhttp (9.2.1-2 -> 9.3.1-1)
[2026-02-16T20:39:34+0530] [ALPM] upgraded libgit2 (1:1.9.2-1 -> 1:1.9.2-3)
[2026-02-16T20:39:34+0530] [ALPM] upgraded bat (0.26.1-1 -> 0.26.1-2)
[2026-02-16T20:39:34+0530] [ALPM] upgraded icu (78.2-1 -> 78.2-2)
[2026-02-16T20:39:34+0530] [ALPM] upgraded llvm-libs (21.1.6-2 -> 21.1.8-1)
[2026-02-16T20:39:34+0530] [ALPM] upgraded compiler-rt (21.1.6-1 -> 21.1.8-1)
[2026-02-16T20:39:34+0530] [ALPM] upgraded ca-certificates-mozilla (3.120-1 -> 3.120.1-1)
[2026-02-16T20:39:34+0530] [ALPM] upgraded gnutls (3.8.11-2 -> 3.8.12-2)
[2026-02-16T20:39:34+0530] [ALPM] upgraded clang (21.1.6-3 -> 21.1.8-1)
[2026-02-16T20:39:34+0530] [ALPM] upgraded bcc (0.36.0-1 -> 0.36.1-1)
[2026-02-16T20:39:35+0530] [ALPM] upgraded glib2 (2.86.3-2 -> 2.86.4-1)
[2026-02-16T20:39:35+0530] [ALPM] upgraded bluez (5.85-1 -> 5.86-2)
[2026-02-16T20:39:35+0530] [ALPM] upgraded bluez-libs (5.85-1 -> 5.86-2)
[2026-02-16T20:39:35+0530] [ALPM] upgraded bluez-obex (5.85-1 -> 5.86-2)
[2026-02-16T20:39:35+0530] [ALPM] upgraded bluez-utils (5.85-1 -> 5.86-2)
[2026-02-16T20:39:35+0530] [ALPM] upgraded capstone (5.0.6-2 -> 5.0.7-2)
[2026-02-16T20:39:35+0530] [ALPM] upgraded db5.3 (5.3.28-5 -> 5.3.28-7)
[2026-02-16T20:39:35+0530] [ALPM] upgraded dbus-broker (37-2 -> 37-3)
[2026-02-16T20:39:35+0530] [ALPM] upgraded dbus-broker-units (37-2 -> 37-3)
[2026-02-16T20:39:35+0530] [ALPM] upgraded dbus-units (37-2 -> 37-3)
[2026-02-16T20:39:35+0530] [ALPM] upgraded ell (0.81-1 -> 0.82-1)
[2026-02-16T20:39:35+0530] [ALPM] upgraded fastfetch (2.58.0-1 -> 2.59.0-1)
[2026-02-16T20:39:35+0530] [ALPM] upgraded freetype2 (2.14.1-1 -> 2.14.1-2)
[2026-02-16T20:39:35+0530] [ALPM] upgraded lame (3.100-6 -> 3.101.r6531-1)
[2026-02-16T20:39:35+0530] [ALPM] upgraded highway (1.3.0-1 -> 1.3.0-2)
[2026-02-16T20:39:35+0530] [ALPM] upgraded libjxl (0.11.2-1 -> 0.11.2-2)
[2026-02-16T20:39:35+0530] [ALPM] upgraded libplacebo (7.351.0-5 -> 7.360.0-1)
[2026-02-16T20:39:35+0530] [ALPM] upgraded graphite (1:1.3.14-5 -> 1:1.3.14-6)
[2026-02-16T20:39:35+0530] [ALPM] upgraded shared-mime-info (2.4-2 -> 2.4-3)
[2026-02-16T20:39:35+0530] [ALPM] upgraded librsvg (2:2.61.3-1 -> 2:2.61.4-1)
[2026-02-16T20:39:35+0530] [ALPM] upgraded libssh (0.11.3-1 -> 0.12.0-1)
[2026-02-16T20:39:35+0530] [ALPM] upgraded libvpl (2.16.0-1 -> 2.16.0-2)
[2026-02-16T20:39:35+0530] [ALPM] upgraded vmaf (3.0.0-1 -> 3.0.0-2)
[2026-02-16T20:39:35+0530] [ALPM] upgraded zeromq (4.3.5-2 -> 4.3.5-3)
[2026-02-16T20:39:35+0530] [ALPM] upgraded fftw (3.3.10-7 -> 3.3.10-8)
[2026-02-16T20:39:35+0530] [ALPM] upgraded ffmpeg (2:8.0.1-5 -> 2:8.0.1-6)
[2026-02-16T20:39:35+0530] [ALPM] upgraded libcups (2:2.4.16-1 -> 2:2.4.16-2)
[2026-02-16T20:39:35+0530] [ALPM] upgraded freerdp (2:3.22.0-1 -> 2:3.22.0-2)
[2026-02-16T20:39:35+0530] [ALPM] upgraded glu (9.0.3-2 -> 9.0.3-3)
[2026-02-16T20:39:35+0530] [ALPM] upgraded gnome-desktop-common (1:44.4-1 -> 1:44.5-1)
[2026-02-16T20:39:35+0530] [ALPM] upgraded libsoup3 (3.6.5-1 -> 3.6.6-1)
[2026-02-16T20:39:35+0530] [ALPM] upgraded gnome-desktop (1:44.4-1 -> 1:44.5-1)
[2026-02-16T20:39:35+0530] [ALPM] upgraded gstreamer (1.26.10-4 -> 1.28.0-2)
[2026-02-16T20:39:35+0530] [ALPM] upgraded gst-plugins-base-libs (1.26.10-4 -> 1.28.0-2)
[2026-02-16T20:39:35+0530] [ALPM] upgraded gst-plugins-bad-libs (1.26.10-4 -> 1.28.0-2)
[2026-02-16T20:39:35+0530] [ALPM] upgraded gnome-desktop-4 (1:44.4-1 -> 1:44.5-1)
[2026-02-16T20:39:35+0530] [ALPM] upgraded gnome-remote-desktop (49.2-1 -> 49.3-1)
[2026-02-16T20:39:35+0530] [ALPM] upgraded upower (1.91.0-1 -> 1.91.1-1)
[2026-02-16T20:39:35+0530] [ALPM] upgraded nss (3.120-1 -> 3.120.1-1)
[2026-02-16T20:39:35+0530] [ALPM] upgraded libnvme (1.16.1-2 -> 1.16.1-3)
[2026-02-16T20:39:35+0530] [ALPM] upgraded libwacom (2.18.0-1 -> 2.18.0-2)
[2026-02-16T20:39:35+0530] [ALPM] upgraded gnome-shell (1:49.4-1 -> 1:49.4-2)
[2026-02-16T20:39:37+0530] [ALPM] upgraded grafana (12.3.2-1 -> 12.3.3-1)
[2026-02-16T20:39:37+0530] [ALPM] upgraded gst-devtools-libs (1.26.10-4 -> 1.28.0-2)
[2026-02-16T20:39:37+0530] [ALPM] upgraded gst-python (1.26.10-4 -> 1.28.0-2)
[2026-02-16T20:39:37+0530] [ALPM] upgraded gst-editing-services (1.26.10-4 -> 1.28.0-2)
[2026-02-16T20:39:37+0530] [ALPM] upgraded gst-libav (1.26.10-4 -> 1.28.0-2)
[2026-02-16T20:39:37+0530] [ALPM] upgraded gst-plugin-gtk (1.26.10-4 -> 1.28.0-2)
[2026-02-16T20:39:37+0530] [ALPM] upgraded openh264 (2.6.0-1 -> 2.6.0-2)
[2026-02-16T20:39:37+0530] [ALPM] installed zint (2.16.0-1)
[2026-02-16T20:39:37+0530] [ALPM] upgraded zxing-cpp (2.3.0-5 -> 3.0.1-1)
[2026-02-16T20:39:37+0530] [ALPM] upgraded imagemagick (7.1.2.13-1 -> 7.1.2.13-2)
[2026-02-16T20:39:37+0530] [ALPM] upgraded gst-plugins-bad (1.26.10-4 -> 1.28.0-2)
[2026-02-16T20:39:37+0530] [ALPM] upgraded gst-plugins-base (1.26.10-4 -> 1.28.0-2)
[2026-02-16T20:39:37+0530] [ALPM] upgraded gst-plugins-good (1.26.10-4 -> 1.28.0-2)
[2026-02-16T20:39:37+0530] [ALPM] upgraded hwloc (2.12.2-1 -> 2.13.0-1)
[2026-02-16T20:39:37+0530] [ALPM] upgraded iwd (3.11-1 -> 3.11-2)
[2026-02-16T20:39:37+0530] [ALPM] upgraded kguiaddons (6.22.1-1 -> 6.23.0-1)
[2026-02-16T20:39:37+0530] [ALPM] upgraded libmtp (1.1.22-1 -> 1.1.23-1)
[2026-02-16T20:39:37+0530] [ALPM] upgraded libphonenumber (1:9.0.23-1 -> 1:9.0.24-1)
[2026-02-16T20:39:37+0530] [ALPM] upgraded libvirt (1:12.0.0-1 -> 1:12.0.0-2)
[2026-02-16T20:39:37+0530] [ALPM] upgraded libxdp (1.6.0-1 -> 1.6.1-1)
[2026-02-16T20:39:39+0530] [ALPM] upgraded linux-lts-headers (6.12.69-2 -> 6.12.71-1)
[2026-02-16T20:39:39+0530] [ALPM] upgraded luajit (2.1.1767980792+707c12b-1 -> 2.1.1767980792+707c12b-2)
[2026-02-16T20:39:39+0530] [ALPM] upgraded m4 (1.4.20-1 -> 1.4.21-1)
[2026-02-16T20:39:39+0530] [ALPM] upgraded man-pages (6.16-1 -> 6.17-1)
[2026-02-16T20:39:39+0530] [ALPM] upgraded nvtop (3.3.1-1 -> 3.3.2-1)
[2026-02-16T20:39:39+0530] [ALPM] upgraded onetbb (2022.3.0-3 -> 2022.3.0-4)
[2026-02-16T20:39:39+0530] [ALPM] upgraded openvpn (2.6.19-1 -> 2.7.0-1)
[2026-02-16T20:39:39+0530] [ALPM] warning: /etc/pacman.d/mirrorlist installed as /etc/pacman.d/mirrorlist.pacnew
[2026-02-16T20:39:39+0530] [ALPM] upgraded pacman-mirrorlist (20260105-1 -> 20260213-1)
[2026-02-16T20:39:39+0530] [ALPM] upgraded python-bcc (0.36.0-1 -> 0.36.1-1)
[2026-02-16T20:39:39+0530] [ALPM] upgraded python-cryptography (46.0.4-1 -> 46.0.5-1)
[2026-02-16T20:39:39+0530] [ALPM] upgraded proton-vpn-daemon (0.13.4-7 -> 0.13.4-8)
[2026-02-16T20:39:40+0530] [ALPM] upgraded proton-vpn-gtk-app (4.14.0-1 -> 4.14.1-2)
[2026-02-16T20:39:40+0530] [ALPM] upgraded python-platformdirs (4.5.1-3 -> 4.9.2-1)
[2026-02-16T20:39:40+0530] [ALPM] upgraded python-pyudev (0.24.3-3 -> 0.24.4-1)
[2026-02-16T20:39:40+0530] [ALPM] upgraded qemu-common (10.2.0-1 -> 10.2.0-2)
[2026-02-16T20:39:40+0530] [ALPM] upgraded qemu-audio-alsa (10.2.0-1 -> 10.2.0-2)
[2026-02-16T20:39:40+0530] [ALPM] upgraded qemu-audio-dbus (10.2.0-1 -> 10.2.0-2)
[2026-02-16T20:39:40+0530] [ALPM] upgraded qemu-audio-jack (10.2.0-1 -> 10.2.0-2)
[2026-02-16T20:39:40+0530] [ALPM] upgraded qemu-audio-oss (10.2.0-1 -> 10.2.0-2)
[2026-02-16T20:39:40+0530] [ALPM] upgraded qemu-audio-pa (10.2.0-1 -> 10.2.0-2)
[2026-02-16T20:39:40+0530] [ALPM] upgraded qemu-audio-pipewire (10.2.0-1 -> 10.2.0-2)
[2026-02-16T20:39:40+0530] [ALPM] upgraded qemu-audio-sdl (10.2.0-1 -> 10.2.0-2)
[2026-02-16T20:39:40+0530] [ALPM] upgraded qemu-ui-opengl (10.2.0-1 -> 10.2.0-2)
[2026-02-16T20:39:40+0530] [ALPM] upgraded qemu-ui-spice-core (10.2.0-1 -> 10.2.0-2)
[2026-02-16T20:39:40+0530] [ALPM] upgraded qemu-audio-spice (10.2.0-1 -> 10.2.0-2)
[2026-02-16T20:39:40+0530] [ALPM] upgraded qemu-img (10.2.0-1 -> 10.2.0-2)
[2026-02-16T20:39:40+0530] [ALPM] upgraded qemu-system-x86-firmware (10.2.0-1 -> 10.2.0-2)
[2026-02-16T20:39:40+0530] [ALPM] upgraded qemu-system-x86 (10.2.0-1 -> 10.2.0-2)
[2026-02-16T20:39:40+0530] [ALPM] upgraded qemu-base (10.2.0-1 -> 10.2.0-2)
[2026-02-16T20:39:40+0530] [ALPM] upgraded qemu-block-curl (10.2.0-1 -> 10.2.0-2)
[2026-02-16T20:39:40+0530] [ALPM] upgraded qemu-block-dmg (10.2.0-1 -> 10.2.0-2)
[2026-02-16T20:39:40+0530] [ALPM] upgraded qemu-block-gluster (10.2.0-1 -> 10.2.0-2)
[2026-02-16T20:39:40+0530] [ALPM] upgraded qemu-block-iscsi (10.2.0-1 -> 10.2.0-2)
[2026-02-16T20:39:40+0530] [ALPM] upgraded qemu-block-nfs (10.2.0-1 -> 10.2.0-2)
[2026-02-16T20:39:40+0530] [ALPM] upgraded qemu-block-ssh (10.2.0-1 -> 10.2.0-2)
[2026-02-16T20:39:40+0530] [ALPM] upgraded qemu-chardev-baum (10.2.0-1 -> 10.2.0-2)
[2026-02-16T20:39:40+0530] [ALPM] upgraded qemu-chardev-spice (10.2.0-1 -> 10.2.0-2)
[2026-02-16T20:39:40+0530] [ALPM] upgraded qemu-hw-display-qxl (10.2.0-1 -> 10.2.0-2)
[2026-02-16T20:39:40+0530] [ALPM] upgraded qemu-hw-display-virtio-gpu (10.2.0-1 -> 10.2.0-2)
[2026-02-16T20:39:40+0530] [ALPM] upgraded qemu-hw-display-virtio-gpu-gl (10.2.0-1 -> 10.2.0-2)
[2026-02-16T20:39:40+0530] [ALPM] upgraded qemu-hw-display-virtio-gpu-rutabaga (10.2.0-1 -> 10.2.0-2)
[2026-02-16T20:39:40+0530] [ALPM] upgraded qemu-hw-display-virtio-gpu-pci (10.2.0-1 -> 10.2.0-2)
[2026-02-16T20:39:40+0530] [ALPM] upgraded qemu-hw-display-virtio-gpu-pci-gl (10.2.0-1 -> 10.2.0-2)
[2026-02-16T20:39:40+0530] [ALPM] upgraded qemu-hw-display-virtio-gpu-pci-rutabaga (10.2.0-1 -> 10.2.0-2)
[2026-02-16T20:39:40+0530] [ALPM] upgraded qemu-hw-display-virtio-vga (10.2.0-1 -> 10.2.0-2)
[2026-02-16T20:39:40+0530] [ALPM] upgraded qemu-hw-display-virtio-vga-gl (10.2.0-1 -> 10.2.0-2)
[2026-02-16T20:39:40+0530] [ALPM] upgraded qemu-hw-display-virtio-vga-rutabaga (10.2.0-1 -> 10.2.0-2)
[2026-02-16T20:39:40+0530] [ALPM] upgraded qemu-hw-uefi-vars (10.2.0-1 -> 10.2.0-2)
[2026-02-16T20:39:40+0530] [ALPM] upgraded qemu-hw-usb-host (10.2.0-1 -> 10.2.0-2)
[2026-02-16T20:39:40+0530] [ALPM] upgraded qemu-hw-usb-redirect (10.2.0-1 -> 10.2.0-2)
[2026-02-16T20:39:40+0530] [ALPM] upgraded qemu-hw-usb-smartcard (10.2.0-1 -> 10.2.0-2)
[2026-02-16T20:39:40+0530] [ALPM] upgraded qemu-ui-curses (10.2.0-1 -> 10.2.0-2)
[2026-02-16T20:39:40+0530] [ALPM] upgraded qemu-ui-dbus (10.2.0-1 -> 10.2.0-2)
[2026-02-16T20:39:40+0530] [ALPM] upgraded qemu-ui-egl-headless (10.2.0-1 -> 10.2.0-2)
[2026-02-16T20:39:40+0530] [ALPM] upgraded qemu-ui-gtk (10.2.0-1 -> 10.2.0-2)
[2026-02-16T20:39:40+0530] [ALPM] upgraded qemu-ui-sdl (10.2.0-1 -> 10.2.0-2)
[2026-02-16T20:39:40+0530] [ALPM] upgraded qemu-ui-spice-app (10.2.0-1 -> 10.2.0-2)
[2026-02-16T20:39:40+0530] [ALPM] upgraded qemu-vhost-user-gpu (10.2.0-1 -> 10.2.0-2)
[2026-02-16T20:39:40+0530] [ALPM] upgraded qemu-desktop (10.2.0-1 -> 10.2.0-2)
[2026-02-16T20:39:40+0530] [ALPM] upgraded qemu-docs (10.2.0-1 -> 10.2.0-2)
[2026-02-16T20:39:40+0530] [ALPM] upgraded qemu-system-aarch64 (10.2.0-1 -> 10.2.0-2)
[2026-02-16T20:39:40+0530] [ALPM] upgraded qemu-system-alpha-firmware (10.2.0-1 -> 10.2.0-2)
[2026-02-16T20:39:40+0530] [ALPM] upgraded qemu-system-alpha (10.2.0-1 -> 10.2.0-2)
[2026-02-16T20:39:40+0530] [ALPM] upgraded qemu-system-arm-firmware (10.2.0-1 -> 10.2.0-2)
[2026-02-16T20:39:40+0530] [ALPM] upgraded qemu-system-arm (10.2.0-1 -> 10.2.0-2)
[2026-02-16T20:39:40+0530] [ALPM] upgraded qemu-system-avr (10.2.0-1 -> 10.2.0-2)
[2026-02-16T20:39:40+0530] [ALPM] upgraded qemu-system-hppa-firmware (10.2.0-1 -> 10.2.0-2)
[2026-02-16T20:39:40+0530] [ALPM] upgraded qemu-system-hppa (10.2.0-1 -> 10.2.0-2)
[2026-02-16T20:39:40+0530] [ALPM] upgraded qemu-system-loongarch64 (10.2.0-1 -> 10.2.0-2)
[2026-02-16T20:39:40+0530] [ALPM] upgraded qemu-system-m68k (10.2.0-1 -> 10.2.0-2)
[2026-02-16T20:39:40+0530] [ALPM] upgraded qemu-system-microblaze-firmware (10.2.0-1 -> 10.2.0-2)
[2026-02-16T20:39:40+0530] [ALPM] upgraded qemu-system-microblaze (10.2.0-1 -> 10.2.0-2)
[2026-02-16T20:39:40+0530] [ALPM] upgraded qemu-system-mips (10.2.0-1 -> 10.2.0-2)
[2026-02-16T20:39:40+0530] [ALPM] upgraded qemu-system-or1k (10.2.0-1 -> 10.2.0-2)
[2026-02-16T20:39:40+0530] [ALPM] upgraded qemu-system-ppc-firmware (10.2.0-1 -> 10.2.0-2)
[2026-02-16T20:39:40+0530] [ALPM] upgraded qemu-system-ppc (10.2.0-1 -> 10.2.0-2)
[2026-02-16T20:39:40+0530] [ALPM] upgraded qemu-system-riscv-firmware (10.2.0-1 -> 10.2.0-2)
[2026-02-16T20:39:40+0530] [ALPM] upgraded qemu-system-riscv (10.2.0-1 -> 10.2.0-2)
[2026-02-16T20:39:40+0530] [ALPM] upgraded qemu-system-rx (10.2.0-1 -> 10.2.0-2)
[2026-02-16T20:39:40+0530] [ALPM] upgraded qemu-system-s390x-firmware (10.2.0-1 -> 10.2.0-2)
[2026-02-16T20:39:40+0530] [ALPM] upgraded qemu-system-s390x (10.2.0-1 -> 10.2.0-2)
[2026-02-16T20:39:41+0530] [ALPM] upgraded qemu-system-sh4 (10.2.0-1 -> 10.2.0-2)
[2026-02-16T20:39:41+0530] [ALPM] upgraded qemu-system-sparc-firmware (10.2.0-1 -> 10.2.0-2)
[2026-02-16T20:39:41+0530] [ALPM] upgraded qemu-system-sparc (10.2.0-1 -> 10.2.0-2)
[2026-02-16T20:39:41+0530] [ALPM] upgraded qemu-system-tricore (10.2.0-1 -> 10.2.0-2)
[2026-02-16T20:39:41+0530] [ALPM] upgraded qemu-system-xtensa (10.2.0-1 -> 10.2.0-2)
[2026-02-16T20:39:41+0530] [ALPM] upgraded qemu-user (10.2.0-1 -> 10.2.0-2)
[2026-02-16T20:39:41+0530] [ALPM] upgraded qemu-emulators-full (10.2.0-1 -> 10.2.0-2)
[2026-02-16T20:39:41+0530] [ALPM] upgraded qemu-hw-s390x-virtio-gpu-ccw (10.2.0-1 -> 10.2.0-2)
[2026-02-16T20:39:41+0530] [ALPM] upgraded qemu-pr-helper (10.2.0-1 -> 10.2.0-2)
[2026-02-16T20:39:41+0530] [ALPM] upgraded qemu-tests (10.2.0-1 -> 10.2.0-2)
[2026-02-16T20:39:41+0530] [ALPM] upgraded qemu-tools (10.2.0-1 -> 10.2.0-2)
[2026-02-16T20:39:41+0530] [ALPM] upgraded qemu-vmsr-helper (10.2.0-1 -> 10.2.0-2)
[2026-02-16T20:39:41+0530] [ALPM] upgraded qemu-full (10.2.0-1 -> 10.2.0-2)
[2026-02-16T20:39:41+0530] [ALPM] transaction completed
[2026-02-16T20:39:42+0530] [ALPM] running '20-systemd-sysusers.hook'...
[2026-02-16T20:39:42+0530] [ALPM] running '21-systemd-tmpfiles.hook'...
[2026-02-16T20:39:42+0530] [ALPM] running '25-systemd-catalog.hook'...
[2026-02-16T20:39:42+0530] [ALPM] running '25-systemd-hwdb.hook'...
[2026-02-16T20:39:42+0530] [ALPM] running '25-systemd-sysctl.hook'...
[2026-02-16T20:39:42+0530] [ALPM] running '30-systemd-daemon-reload-system.hook'...
[2026-02-16T20:39:43+0530] [ALPM] running '30-systemd-daemon-reload-user.hook'...
[2026-02-16T20:39:43+0530] [ALPM] running '30-update-mime-database.hook'...
[2026-02-16T20:39:43+0530] [ALPM] running '35-systemd-restart-marked.hook'...
[2026-02-16T20:39:43+0530] [ALPM] running '35-systemd-udev-reload.hook'...
[2026-02-16T20:39:44+0530] [ALPM] running '35-systemd-update.hook'...
[2026-02-16T20:39:44+0530] [ALPM] running '40-update-ca-trust.hook'...
[2026-02-16T20:39:45+0530] [ALPM] running '60-depmod.hook'...
[2026-02-16T20:39:45+0530] [ALPM] running '70-dkms-install.hook'...
[2026-02-16T20:39:45+0530] [ALPM-SCRIPTLET] ==> ERROR: Missing 6.12.71-1-lts kernel modules tree for module nvidia/590.48.01.
[2026-02-16T20:39:45+0530] [ALPM-SCRIPTLET] ==> ERROR: Missing 6.12.71-1-lts kernel modules tree for module rtw89/r1673.84a2572.
[2026-02-16T20:39:45+0530] [ALPM] running 'dbus-reload.hook'...
[2026-02-16T20:39:45+0530] [ALPM] running 'detect-old-perl-modules.hook'...
[2026-02-16T20:39:45+0530] [ALPM] running 'glib-compile-schemas.hook'...
[2026-02-16T20:39:45+0530] [ALPM] running 'gtk-update-icon-cache.hook'...
[2026-02-16T20:39:45+0530] [ALPM] running 'texinfo-install.hook'...
[2026-02-16T20:39:45+0530] [ALPM] running 'update-desktop-database.hook'...
[2026-03-07T15:51:34+0530] [PACMAN] Running 'pacman -S vlc'
[2026-03-07T15:52:32+0530] [ALPM] transaction started
[2026-03-07T15:52:32+0530] [ALPM] installed libvlc (3.0.21-32)
[2026-03-07T15:52:32+0530] [ALPM] installed qt5-svg (5.15.18+kde+r5-1)
[2026-03-07T15:52:32+0530] [ALPM] installed qt5-declarative (5.15.18+kde+r23-1)
[2026-03-07T15:52:32+0530] [ALPM] installed qt5-wayland (5.15.18+kde+r55-1)
[2026-03-07T15:52:32+0530] [ALPM] installed vlc-plugin-alsa (3.0.21-32)
[2026-03-07T15:52:32+0530] [ALPM] installed a52dec (0.8.0-2)
[2026-03-07T15:52:32+0530] [ALPM] installed vlc-plugin-a52dec (3.0.21-32)
[2026-03-07T15:52:32+0530] [ALPM] installed vlc-plugin-archive (3.0.21-32)
[2026-03-07T15:52:32+0530] [ALPM] installed vlc-plugin-dav1d (3.0.21-32)
[2026-03-07T15:52:32+0530] [ALPM] installed vlc-plugin-dbus (3.0.21-32)
[2026-03-07T15:52:32+0530] [ALPM] installed vlc-plugin-dbus-screensaver (3.0.21-32)
[2026-03-07T15:52:32+0530] [ALPM] installed vlc-plugin-faad2 (3.0.21-32)
[2026-03-07T15:52:32+0530] [ALPM] installed vlc-plugin-flac (3.0.21-32)
[2026-03-07T15:52:32+0530] [ALPM] installed vlc-plugin-gnutls (3.0.21-32)
[2026-03-07T15:52:32+0530] [ALPM] installed vlc-plugin-inflate (3.0.21-32)
[2026-03-07T15:52:32+0530] [ALPM] installed vlc-plugin-jpeg (3.0.21-32)
[2026-03-07T15:52:32+0530] [ALPM] installed vlc-plugin-journal (3.0.21-32)
[2026-03-07T15:52:32+0530] [ALPM] installed vlc-plugin-mpg123 (3.0.21-32)
[2026-03-07T15:52:32+0530] [ALPM] installed vlc-plugin-ogg (3.0.21-32)
[2026-03-07T15:52:32+0530] [ALPM] installed vlc-plugin-opus (3.0.21-32)
[2026-03-07T15:52:32+0530] [ALPM] installed vlc-plugin-png (3.0.21-32)
[2026-03-07T15:52:32+0530] [ALPM] installed vlc-plugin-shout (3.0.21-32)
[2026-03-07T15:52:32+0530] [ALPM] installed vlc-plugin-speex (3.0.21-32)
[2026-03-07T15:52:32+0530] [ALPM] installed vlc-plugin-tag (3.0.21-32)
[2026-03-07T15:52:32+0530] [ALPM] installed vlc-plugin-theora (3.0.21-32)
[2026-03-07T15:52:32+0530] [ALPM] installed vlc-plugin-twolame (3.0.21-32)
[2026-03-07T15:52:32+0530] [ALPM] installed vlc-plugin-vorbis (3.0.21-32)
[2026-03-07T15:52:32+0530] [ALPM] installed vlc-plugin-vpx (3.0.21-32)
[2026-03-07T15:52:32+0530] [ALPM] installed vlc-plugin-xml (3.0.21-32)
[2026-03-07T15:52:32+0530] [ALPM] installed vlc-plugins-base (3.0.21-32)
[2026-03-07T15:52:32+0530] [ALPM] installed vlc-cli (3.0.21-32)
[2026-03-07T15:52:32+0530] [ALPM] installed vlc-plugin-lua (3.0.21-32)
[2026-03-07T15:52:32+0530] [ALPM] installed vlc-plugin-pulse (3.0.21-32)
[2026-03-07T15:52:32+0530] [ALPM] installed vlc-plugins-video-output (3.0.21-32)
[2026-03-07T15:52:32+0530] [ALPM] installed vlc-gui-qt (3.0.21-32)
[2026-03-07T15:52:32+0530] [ALPM] installed vlc (3.0.21-32)
[2026-03-07T15:52:32+0530] [ALPM] transaction completed
[2026-03-07T15:52:32+0530] [ALPM] running '35-systemd-update.hook'...
[2026-03-07T15:52:32+0530] [ALPM] running 'gtk-update-icon-cache.hook'...
[2026-03-07T15:52:32+0530] [ALPM] running 'update-desktop-database.hook'...
[2026-03-07T15:52:32+0530] [ALPM] running 'update-vlc-plugin-cache.hook'...
[2026-03-07T15:55:32+0530] [PACMAN] Running 'pacman -S ffmpeg'
[2026-03-07T15:55:33+0530] [ALPM] transaction started
[2026-03-07T15:55:33+0530] [ALPM] reinstalled ffmpeg (2:8.0.1-6)
[2026-03-07T15:55:33+0530] [ALPM] transaction completed
[2026-03-07T15:55:33+0530] [ALPM] running '35-systemd-update.hook'...
[2026-03-07T15:56:17+0530] [PACMAN] Running 'pacman -S vlc'
[2026-03-07T15:56:17+0530] [ALPM] transaction started
[2026-03-07T15:56:18+0530] [ALPM] reinstalled vlc (3.0.21-32)
[2026-03-07T15:56:18+0530] [ALPM] transaction completed
[2026-03-07T15:56:18+0530] [ALPM] running '35-systemd-update.hook'...
[2026-03-07T15:56:18+0530] [ALPM] running 'gtk-update-icon-cache.hook'...
[2026-03-07T15:56:18+0530] [ALPM] running 'update-desktop-database.hook'...
[2026-03-07T15:57:40+0530] [PACMAN] Running 'pacman -S vlc-plugin-ffmpeg'
[2026-03-07T15:57:42+0530] [ALPM] transaction started
[2026-03-07T15:57:42+0530] [ALPM] installed libmfx (23.2.2-6)
[2026-03-07T15:57:42+0530] [ALPM] installed ffmpeg4.4 (4.4.6-4)
[2026-03-07T15:57:42+0530] [ALPM] installed vlc-plugin-ffmpeg (3.0.21-32)
[2026-03-07T15:57:42+0530] [ALPM] transaction completed
[2026-03-07T15:57:42+0530] [ALPM] running '35-systemd-update.hook'...
[2026-03-07T15:57:42+0530] [ALPM] running 'update-vlc-plugin-cache.hook'...
[2026-03-09T19:38:49+0530] [PACMAN] Running 'pacman -S --config /etc/pacman.conf -- extra/kdenlive'
[2026-03-09T19:39:16+0530] [PACMAN] Running 'pacman -S --config /etc/pacman.conf -- extra/kdenlive'
[2026-03-09T19:39:37+0530] [PACMAN] Running 'pacman -Syu'
[2026-03-09T19:39:37+0530] [PACMAN] synchronizing package lists
[2026-03-09T19:39:41+0530] [PACMAN] starting full system upgrade
[2026-03-09T19:42:16+0530] [ALPM] running '60-mkinitcpio-remove.hook'...
[2026-03-09T19:42:17+0530] [ALPM] running '71-dkms-remove.hook'...
[2026-03-09T19:42:18+0530] [ALPM-SCRIPTLET] ==> dkms remove --no-depmod nvidia/590.48.01 -k 6.18.9-arch1-2
[2026-03-09T19:42:18+0530] [ALPM-SCRIPTLET] ==> dkms remove --no-depmod rtw89/r1673.84a2572 -k 6.18.9-arch1-2
[2026-03-09T19:42:19+0530] [ALPM-SCRIPTLET] ==> depmod 6.18.9-arch1-2
[2026-03-09T19:42:22+0530] [ALPM] transaction started
[2026-03-09T19:42:22+0530] [ALPM] upgraded tzdata (2025c-1 -> 2026a-1)
[2026-03-09T19:42:22+0530] [ALPM] upgraded iana-etc (20260203-1 -> 20260306-1)
[2026-03-09T19:42:22+0530] [ALPM] upgraded libgpg-error (1.58-1 -> 1.59-1)
[2026-03-09T19:42:22+0530] [ALPM] upgraded libgcrypt (1.12.0-1 -> 1.12.1-1)
[2026-03-09T19:42:22+0530] [ALPM] upgraded zlib (1:1.3.1-2 -> 1:1.3.2-3)
[2026-03-09T19:42:22+0530] [ALPM] upgraded systemd-libs (259.1-1 -> 259.3-1)
[2026-03-09T19:42:22+0530] [ALPM] upgraded hwdata (0.404-1 -> 0.405-1)
[2026-03-09T19:42:22+0530] [ALPM] upgraded gmp (6.3.0-2 -> 6.3.0-3)
[2026-03-09T19:42:22+0530] [ALPM] upgraded libngtcp2 (1.20.0-1 -> 1.21.0-1)
[2026-03-09T19:42:22+0530] [ALPM] upgraded lmdb (0.9.33-1 -> 0.9.35-1)
[2026-03-09T19:42:22+0530] [ALPM] upgraded sqlite (3.51.2-1 -> 3.52.0-1)
[2026-03-09T19:42:22+0530] [ALPM] upgraded libcap-ng (0.9-1 -> 0.9.1-1)
[2026-03-09T19:42:22+0530] [ALPM] upgraded audit (4.1.2-2 -> 4.1.3-1)
[2026-03-09T19:42:22+0530] [ALPM] upgraded ca-certificates-mozilla (3.120.1-1 -> 3.121-1)
[2026-03-09T19:42:22+0530] [ALPM] upgraded libelf (0.194-1 -> 0.194-2)
[2026-03-09T19:42:22+0530] [ALPM] upgraded file (5.46-5 -> 5.47-1)
[2026-03-09T19:42:22+0530] [ALPM] upgraded systemd (259.1-1 -> 259.3-1)
[2026-03-09T19:42:23+0530] [ALPM] upgraded accountsservice (23.13.9-2 -> 25.34.76-2)
[2026-03-09T19:42:23+0530] [ALPM] upgraded adwaita-fonts (49.0-2 -> 50.0-1)
[2026-03-09T19:42:23+0530] [ALPM] upgraded alsa-card-profiles (1:1.4.10-2 -> 1:1.6.0-2)
[2026-03-09T19:42:23+0530] [ALPM] upgraded amd-ucode (20260110-1 -> 20260221-1)
[2026-03-09T19:42:23+0530] [ALPM] upgraded python (3.14.2-2 -> 3.14.3-1)
[2026-03-09T19:42:23+0530] [ALPM] upgraded apparmor (4.1.6-1 -> 4.1.6-2)
[2026-03-09T19:42:23+0530] [ALPM] upgraded gawk (5.3.2-1 -> 5.4.0-1)
[2026-03-09T19:42:23+0530] [ALPM] upgraded libxml2 (2.15.1-5 -> 2.15.2-1)
[2026-03-09T19:42:24+0530] [ALPM] upgraded gettext (1.0-1 -> 1.0-2)
[2026-03-09T19:42:24+0530] [ALPM] upgraded libksba (1.6.7-2 -> 1.6.8-1)
[2026-03-09T19:42:24+0530] [ALPM] upgraded gpgme (2.0.1-1 -> 2.0.1-3)
[2026-03-09T19:42:24+0530] [ALPM] upgraded archlinux-keyring (20260206-1 -> 20260301-1)
[2026-03-09T19:42:24+0530] [ALPM-SCRIPTLET] ==> Appending keys from archlinux.gpg...
[2026-03-09T19:42:26+0530] [ALPM-SCRIPTLET] ==> Updating trust database...
[2026-03-09T19:42:26+0530] [ALPM-SCRIPTLET] gpg: next trustdb check due at 2026-03-13
[2026-03-09T19:42:26+0530] [ALPM] upgraded bluez (5.86-2 -> 5.86-4)
[2026-03-09T19:42:26+0530] [ALPM] upgraded bluez-libs (5.86-2 -> 5.86-4)
[2026-03-09T19:42:26+0530] [ALPM] upgraded bluez-obex (5.86-2 -> 5.86-4)
[2026-03-09T19:42:26+0530] [ALPM] upgraded bluez-utils (5.86-2 -> 5.86-4)
[2026-03-09T19:42:26+0530] [ALPM] upgraded bubblewrap (0.11.0-1 -> 0.11.0-2)
[2026-03-09T19:42:26+0530] [ALPM] upgraded libavif (1.3.0-5 -> 1.4.0-1)
[2026-03-09T19:42:26+0530] [ALPM] upgraded gtest (1.17.0-1 -> 1.17.0-2)
[2026-03-09T19:42:26+0530] [ALPM] upgraded freetype2 (2.14.1-2 -> 2.14.2-1)
[2026-03-09T19:42:26+0530] [ALPM] upgraded chafa (1.18.0-1 -> 1.18.1-1)
[2026-03-09T19:42:26+0530] [ALPM] upgraded libwbclient (2:4.23.5-1 -> 2:4.23.6-1)
[2026-03-09T19:42:26+0530] [ALPM] upgraded cifs-utils (7.4-1 -> 7.5-1)
[2026-03-09T19:42:26+0530] [ALPM] upgraded compiler-rt (21.1.8-1 -> 21.1.8-2)
[2026-03-09T19:42:26+0530] [ALPM] upgraded iproute2 (6.18.0-1 -> 6.19.0-2)
[2026-03-09T19:42:26+0530] [ALPM] upgraded nftables (1:1.1.6-2 -> 1:1.1.6-3)
[2026-03-09T19:42:26+0530] [ALPM] upgraded docker (1:29.2.1-1 -> 1:29.3.0-1)
[2026-03-09T19:42:26+0530] [ALPM] upgraded docker-compose (5.0.2-1 -> 5.1.0-1)
[2026-03-09T19:42:26+0530] [ALPM] upgraded spirv-tools (1:1.4.341.0-1 -> 1:1.4.341.0-2)
[2026-03-09T19:42:26+0530] [ALPM] upgraded egl-x11 (1.0.4-1 -> 1.0.5-1)
[2026-03-09T19:42:26+0530] [ALPM] upgraded mesa (1:25.3.5-1 -> 1:26.0.1-1)
[2026-03-09T19:42:26+0530] [ALPM] upgraded egl-wayland2 (1.0.0.rc.r57.g1893c37-1 -> 1.0.1-1)
[2026-03-09T19:42:26+0530] [ALPM] upgraded enchant (2.8.14-1 -> 2.8.15-1)
[2026-03-09T19:42:26+0530] [ALPM] upgraded gstreamer (1.28.0-2 -> 1.28.1-1)
[2026-03-09T19:42:26+0530] [ALPM] upgraded gst-plugins-base-libs (1.28.0-2 -> 1.28.1-1)
[2026-03-09T19:42:26+0530] [ALPM] upgraded xkeyboard-config (2.46-1 -> 2.47-1)
[2026-03-09T19:42:26+0530] [ALPM] upgraded gst-plugins-bad-libs (1.28.0-2 -> 1.28.1-1)
[2026-03-09T19:42:26+0530] [ALPM] upgraded libfyaml (0.9.4-1 -> 0.9.5-1)
[2026-03-09T19:42:27+0530] [ALPM] upgraded epiphany (49.2-1 -> 49.3-1)
[2026-03-09T19:42:27+0530] [ALPM] upgraded ethtool (1:6.15-1 -> 1:6.19-1)
[2026-03-09T19:42:27+0530] [ALPM] upgraded fastfetch (2.59.0-1 -> 2.60.0-1)
[2026-03-09T19:42:27+0530] [ALPM] upgraded feh (3.11.2-2 -> 3.11.3-1)
[2026-03-09T19:42:27+0530] [ALPM] upgraded glslang (1:1.4.341.0-1 -> 1:1.4.341.0-2)
[2026-03-09T19:42:27+0530] [ALPM] upgraded gsm (1.0.23-1 -> 1.0.24-1)
[2026-03-09T19:42:27+0530] [ALPM] upgraded libpipewire (1:1.4.10-2 -> 1:1.6.0-2)
[2026-03-09T19:42:27+0530] [ALPM] upgraded pipewire (1:1.4.10-2 -> 1:1.6.0-2)
[2026-03-09T19:42:27+0530] [ALPM] upgraded libldac (2.0.2.3-2 -> 2.0.2.3-3)
[2026-03-09T19:42:27+0530] [ALPM] upgraded serd (0.32.6-1 -> 0.32.8-1)
[2026-03-09T19:42:27+0530] [ALPM] upgraded sord (0.16.20-1 -> 0.16.22-1)
[2026-03-09T19:42:27+0530] [ALPM] upgraded sratom (0.6.20-1 -> 0.6.22-1)
[2026-03-09T19:42:27+0530] [ALPM] upgraded lilv (0.26.2-3 -> 0.26.4-1)
[2026-03-09T19:42:27+0530] [ALPM] upgraded spandsp (0.0.6-6 -> 0.0.6-7)
[2026-03-09T19:42:27+0530] [ALPM] upgraded pipewire-audio (1:1.4.10-2 -> 1:1.6.0-2)
[2026-03-09T19:42:27+0530] [ALPM] upgraded pipewire-jack (1:1.4.10-2 -> 1:1.6.0-2)
[2026-03-09T19:42:27+0530] [ALPM] upgraded shaderc (2026.1-1 -> 2026.1-2)
[2026-03-09T19:42:27+0530] [ALPM] upgraded libplacebo (7.360.0-1 -> 7.360.0-2)
[2026-03-09T19:42:27+0530] [ALPM] upgraded libvpx (1.15.2-2 -> 1.15.2-3)
[2026-03-09T19:42:27+0530] [ALPM] upgraded snappy (1.2.2-2 -> 1.2.2-3)
[2026-03-09T19:42:27+0530] [ALPM] upgraded v4l-utils (1.32.0-1 -> 1.32.0-2)
[2026-03-09T19:42:27+0530] [ALPM] upgraded sdl3 (3.4.0-3 -> 3.4.2-1)
[2026-03-09T19:42:27+0530] [ALPM] upgraded libsodium (1.0.20-1 -> 1.0.21-1)
[2026-03-09T19:42:27+0530] [ALPM] upgraded ffmpeg (2:8.0.1-6 -> 2:8.0.1-7)
[2026-03-09T19:42:27+0530] [ALPM] upgraded fluidsynth (2.5.2-1 -> 2.5.3-1)
[2026-03-09T19:42:27+0530] [ALPM] upgraded fmt (12.1.0-1 -> 12.1.0-2)
[2026-03-09T19:42:27+0530] [ALPM] upgraded freerdp (2:3.22.0-2 -> 2:3.23.0-1)
[2026-03-09T19:42:27+0530] [ALPM] upgraded github-cli (2.86.0-1 -> 2.87.3-1)
[2026-03-09T19:42:27+0530] [ALPM] upgraded js140 (140.7.0-1 -> 140.8.0-1)
[2026-03-09T19:42:27+0530] [ALPM] upgraded gjs (2:1.86.0-1 -> 2:1.86.0-2)
[2026-03-09T19:42:27+0530] [ALPM] upgraded taglib (2.1.1-1 -> 2.2.1-1)
[2026-03-09T19:42:27+0530] [ALPM] upgraded gst-plugins-good (1.28.0-2 -> 1.28.1-1)
[2026-03-09T19:42:27+0530] [ALPM] upgraded nss (3.120.1-1 -> 3.121-1)
[2026-03-09T19:42:27+0530] [ALPM] upgraded libnm (1.54.3-1 -> 1.56.0-1)
[2026-03-09T19:42:27+0530] [ALPM] upgraded ldb (2:4.23.5-1 -> 2:4.23.6-1)
[2026-03-09T19:42:27+0530] [ALPM] upgraded smbclient (2:4.23.5-1 -> 2:4.23.6-1)
[2026-03-09T19:42:27+0530] [ALPM] upgraded mdadm (4.4-2 -> 4.5-2)
[2026-03-09T19:42:27+0530] [ALPM] upgraded udisks2 (2.11.0-1 -> 2.11.1-2)
[2026-03-09T19:42:27+0530] [ALPM] upgraded gnome-keybindings (49.4-1 -> 49.5-1)
[2026-03-09T19:42:27+0530] [ALPM] upgraded libplist (2.7.0-2 -> 2.7.0-3)
[2026-03-09T19:42:27+0530] [ALPM] upgraded libusbmuxd (2.1.1-1 -> 2.1.1-2)
[2026-03-09T19:42:27+0530] [ALPM] upgraded pipewire-pulse (1:1.4.10-2 -> 1:1.6.0-2)
[2026-03-09T19:42:28+0530] [ALPM] upgraded gvfs (1.58.1-1 -> 1.58.2-1)
[2026-03-09T19:42:28+0530] [ALPM] upgraded libinih (61-1 -> 62-2)
[2026-03-09T19:42:28+0530] [ALPM] upgraded poppler (26.01.0-1 -> 26.02.0-2)
[2026-03-09T19:42:28+0530] [ALPM] upgraded poppler-glib (26.01.0-1 -> 26.02.0-2)
[2026-03-09T19:42:28+0530] [ALPM] installed libmbim (1.34.0-1)
[2026-03-09T19:42:28+0530] [ALPM] installed libqrtr-glib (1.4.0-1)
[2026-03-09T19:42:28+0530] [ALPM] installed libqmi (1.38.0-1)
[2026-03-09T19:42:28+0530] [ALPM] upgraded protobuf (33.1-3 -> 33.1-4)
[2026-03-09T19:42:28+0530] [ALPM] installed libssc (0.4.1-1)
[2026-03-09T19:42:28+0530] [ALPM] upgraded iio-sensor-proxy (3.8-1 -> 3.9-1)
[2026-03-09T19:42:28+0530] [ALPM] upgraded gnome-control-center (49.4-1 -> 49.5-1)
[2026-03-09T19:42:29+0530] [ALPM] upgraded go (2:1.25.7-1 -> 2:1.26.1-1)
[2026-03-09T19:42:29+0530] [ALPM] upgraded go-tools (4:0.42.0-1 -> 4:0.42.0-2)
[2026-03-09T19:42:29+0530] [ALPM] upgraded gom (0.5.5-2 -> 0.5.6-1)
[2026-03-09T19:42:31+0530] [ALPM] upgraded grafana (12.3.3-1 -> 12.4.0-1)
[2026-03-09T19:42:31+0530] [ALPM] upgraded groff (1.23.0-7 -> 1.24.0-2)
[2026-03-09T19:42:31+0530] [ALPM] upgraded gst-devtools-libs (1.28.0-2 -> 1.28.1-1)
[2026-03-09T19:42:31+0530] [ALPM] upgraded gst-python (1.28.0-2 -> 1.28.1-1)
[2026-03-09T19:42:31+0530] [ALPM] upgraded gst-editing-services (1.28.0-2 -> 1.28.1-1)
[2026-03-09T19:42:31+0530] [ALPM] upgraded gst-libav (1.28.0-2 -> 1.28.1-1)
[2026-03-09T19:42:31+0530] [ALPM] upgraded gst-plugin-gtk (1.28.0-2 -> 1.28.1-1)
[2026-03-09T19:42:31+0530] [ALPM] upgraded gst-plugin-gtk4 (0.14.4-1 -> 0.15.1-1)
[2026-03-09T19:42:31+0530] [ALPM] upgraded gst-plugin-pipewire (1:1.4.10-2 -> 1:1.6.0-2)
[2026-03-09T19:42:31+0530] [ALPM] installed openjph (0.26.3-3)
[2026-03-09T19:42:31+0530] [ALPM] upgraded openexr (3.4.4-1 -> 3.4.6-1)
[2026-03-09T19:42:31+0530] [ALPM] upgraded zxing-cpp (3.0.1-1 -> 3.0.2-1)
[2026-03-09T19:42:31+0530] [ALPM] upgraded imagemagick (7.1.2.13-2 -> 7.1.2.16-1)
[2026-03-09T19:42:31+0530] [ALPM] upgraded gst-plugins-bad (1.28.0-2 -> 1.28.1-1)
[2026-03-09T19:42:31+0530] [ALPM] upgraded gst-plugins-base (1.28.0-2 -> 1.28.1-1)
[2026-03-09T19:42:31+0530] [ALPM] upgraded gvfs-afc (1.58.1-1 -> 1.58.2-1)
[2026-03-09T19:42:31+0530] [ALPM] upgraded gvfs-dnssd (1.58.1-1 -> 1.58.2-1)
[2026-03-09T19:42:31+0530] [ALPM] upgraded gvfs-goa (1.58.1-1 -> 1.58.2-1)
[2026-03-09T19:42:31+0530] [ALPM] upgraded libgdata (0.18.1-4 -> 0.18.1-5)
[2026-03-09T19:42:31+0530] [ALPM] upgraded gvfs-google (1.58.1-1 -> 1.58.2-1)
[2026-03-09T19:42:31+0530] [ALPM] upgraded gvfs-gphoto2 (1.58.1-1 -> 1.58.2-1)
[2026-03-09T19:42:31+0530] [ALPM] upgraded gvfs-mtp (1.58.1-1 -> 1.58.2-1)
[2026-03-09T19:42:31+0530] [ALPM] upgraded gvfs-nfs (1.58.1-1 -> 1.58.2-1)
[2026-03-09T19:42:31+0530] [ALPM] upgraded gvfs-onedrive (1.58.1-1 -> 1.58.2-1)
[2026-03-09T19:42:31+0530] [ALPM] upgraded gvfs-smb (1.58.1-1 -> 1.58.2-1)
[2026-03-09T19:42:31+0530] [ALPM] upgraded gvfs-wsdd (1.58.1-1 -> 1.58.2-1)
[2026-03-09T19:42:32+0530] [ALPM] upgraded highlight (4.18-2 -> 4.19-3)
[2026-03-09T19:42:32+0530] [ALPM] upgraded kguiaddons (6.23.0-1 -> 6.23.1-1)
[2026-03-09T19:42:32+0530] [ALPM] upgraded libcgif (0.5.1-1 -> 0.5.2-1)
[2026-03-09T19:42:32+0530] [ALPM] upgraded libmaxminddb (1.12.2-2 -> 1.13.3-1)
[2026-03-09T19:42:32+0530] [ALPM] upgraded libnbd (1.24.0-2 -> 1.24.2-1)
[2026-03-09T19:42:32+0530] [ALPM] upgraded libphonenumber (1:9.0.24-1 -> 1:9.0.25-1)
[2026-03-09T19:42:32+0530] [ALPM] upgraded libsynctex (2025.2-3 -> 2026.0-1)
[2026-03-09T19:42:32+0530] [ALPM] upgraded libtraceevent (1:1.8.7-1 -> 1:1.9.0-1)
[2026-03-09T19:42:32+0530] [ALPM] upgraded liburcu (0.15.5-1 -> 0.15.6-1)
[2026-03-09T19:42:32+0530] [ALPM] upgraded libuv (1.52.0-1 -> 1.52.1-1)
[2026-03-09T19:42:32+0530] [ALPM] upgraded libva-nvidia-driver (0.0.15-1 -> 0.0.16-1)
[2026-03-09T19:42:32+0530] [ALPM] upgraded libvirt (1:12.0.0-2 -> 1:12.1.0-1)
[2026-03-09T19:42:32+0530] [ALPM] upgraded libvirt-python (1:12.0.0-1 -> 1:12.1.0-1)
[2026-03-09T19:42:32+0530] [ALPM] upgraded libvncserver (0.9.14-4 -> 0.9.15-1)
[2026-03-09T19:42:32+0530] [ALPM] upgraded libxdp (1.6.1-1 -> 1.6.2-1)
[2026-03-09T19:42:33+0530] [ALPM] upgraded linux (6.18.9.arch1-2 -> 6.19.6.arch1-1)
[2026-03-09T19:42:33+0530] [ALPM] upgraded linux-firmware-whence (20260110-1 -> 20260221-1)
[2026-03-09T19:42:33+0530] [ALPM] upgraded linux-firmware-amdgpu (20260110-1 -> 20260221-1)
[2026-03-09T19:42:33+0530] [ALPM] upgraded linux-firmware-atheros (20260110-1 -> 20260221-1)
[2026-03-09T19:42:33+0530] [ALPM] upgraded linux-firmware-broadcom (20260110-1 -> 20260221-1)
[2026-03-09T19:42:33+0530] [ALPM] upgraded linux-firmware-cirrus (20260110-1 -> 20260221-1)
[2026-03-09T19:42:33+0530] [ALPM] upgraded linux-firmware-intel (20260110-1 -> 20260221-1)
[2026-03-09T19:42:33+0530] [ALPM] upgraded linux-firmware-mediatek (20260110-1 -> 20260221-1)
[2026-03-09T19:42:34+0530] [ALPM] upgraded linux-firmware-nvidia (20260110-1 -> 20260221-1)
[2026-03-09T19:42:34+0530] [ALPM] upgraded linux-firmware-other (20260110-1 -> 20260221-1)
[2026-03-09T19:42:34+0530] [ALPM] upgraded linux-firmware-radeon (20260110-1 -> 20260221-1)
[2026-03-09T19:42:34+0530] [ALPM] upgraded linux-firmware-realtek (20260110-1 -> 20260221-1)
[2026-03-09T19:42:34+0530] [ALPM] upgraded linux-firmware (20260110-1 -> 20260221-1)
[2026-03-09T19:42:36+0530] [ALPM] upgraded linux-headers (6.18.9.arch1-2 -> 6.19.6.arch1-1)
[2026-03-09T19:42:38+0530] [ALPM] upgraded linux-lts-headers (6.12.71-1 -> 6.18.16-1)
[2026-03-09T19:42:38+0530] [ALPM] upgraded lsof (4.99.5-2 -> 4.99.6-1)
[2026-03-09T19:42:38+0530] [ALPM] upgraded ndctl (79-1 -> 81-1)
[2026-03-09T19:42:38+0530] [ALPM] upgraded networkmanager (1.54.3-1 -> 1.56.0-1)
[2026-03-09T19:42:38+0530] [ALPM] upgraded perl-clone (0.47-2 -> 0.48-1)
[2026-03-09T19:42:38+0530] [ALPM] upgraded perl-timedate (2.33-9 -> 2.34-1)
[2026-03-09T19:42:38+0530] [ALPM] upgraded pipewire-alsa (1:1.4.10-2 -> 1:1.6.0-2)
[2026-03-09T19:42:38+0530] [ALPM] upgraded python-cryptography (46.0.5-1 -> 46.0.5-2)
[2026-03-09T19:42:39+0530] [ALPM] upgraded python-sentry_sdk (2.52.0-1 -> 2.54.0-1)
[2026-03-09T19:42:39+0530] [ALPM] upgraded python-markupsafe (3.0.2-2 -> 3.0.3-1)
[2026-03-09T19:42:39+0530] [ALPM] upgraded python-requests (2.32.5-3 -> 2.32.5-4)
[2026-03-09T19:42:39+0530] [ALPM] upgraded python-proton-vpn-api-core (4.14.3-1 -> 4.15.2-1)
[2026-03-09T19:42:39+0530] [ALPM] upgraded wireguard-tools (1.0.20250521-1 -> 1.0.20260223-1)
[2026-03-09T19:42:39+0530] [ALPM] upgraded proton-vpn-daemon (0.13.4-8 -> 0.13.5-2)
[2026-03-09T19:42:39+0530] [ALPM] upgraded python-secretstorage (3.3.3-7 -> 3.4.0-1)
[2026-03-09T19:42:39+0530] [ALPM] upgraded proton-vpn-gtk-app (4.14.1-2 -> 4.14.2-1)
[2026-03-09T19:42:39+0530] [ALPM] upgraded python-libevdev (0.11-6 -> 0.13.1-1)
[2026-03-09T19:42:39+0530] [ALPM] upgraded python-platformdirs (4.9.2-1 -> 4.9.4-1)
[2026-03-09T19:42:39+0530] [ALPM] upgraded qemu-common (10.2.0-2 -> 10.2.0-3)
[2026-03-09T19:42:39+0530] [ALPM] upgraded qemu-audio-alsa (10.2.0-2 -> 10.2.0-3)
[2026-03-09T19:42:39+0530] [ALPM] upgraded qemu-audio-dbus (10.2.0-2 -> 10.2.0-3)
[2026-03-09T19:42:39+0530] [ALPM] upgraded qemu-audio-jack (10.2.0-2 -> 10.2.0-3)
[2026-03-09T19:42:39+0530] [ALPM] upgraded qemu-audio-oss (10.2.0-2 -> 10.2.0-3)
[2026-03-09T19:42:39+0530] [ALPM] upgraded qemu-audio-pa (10.2.0-2 -> 10.2.0-3)
[2026-03-09T19:42:39+0530] [ALPM] upgraded qemu-audio-pipewire (10.2.0-2 -> 10.2.0-3)
[2026-03-09T19:42:39+0530] [ALPM] upgraded qemu-audio-sdl (10.2.0-2 -> 10.2.0-3)
[2026-03-09T19:42:39+0530] [ALPM] upgraded qemu-ui-opengl (10.2.0-2 -> 10.2.0-3)
[2026-03-09T19:42:39+0530] [ALPM] upgraded qemu-ui-spice-core (10.2.0-2 -> 10.2.0-3)
[2026-03-09T19:42:39+0530] [ALPM] upgraded qemu-audio-spice (10.2.0-2 -> 10.2.0-3)
[2026-03-09T19:42:39+0530] [ALPM] upgraded qemu-img (10.2.0-2 -> 10.2.0-3)
[2026-03-09T19:42:39+0530] [ALPM] upgraded rdma-core (61.0-1 -> 62.0-1)
[2026-03-09T19:42:39+0530] [ALPM] upgraded qemu-system-x86-firmware (10.2.0-2 -> 10.2.0-3)
[2026-03-09T19:42:40+0530] [ALPM] upgraded qemu-system-x86 (10.2.0-2 -> 10.2.0-3)
[2026-03-09T19:42:40+0530] [ALPM] upgraded qemu-base (10.2.0-2 -> 10.2.0-3)
[2026-03-09T19:42:40+0530] [ALPM] upgraded qemu-block-curl (10.2.0-2 -> 10.2.0-3)
[2026-03-09T19:42:40+0530] [ALPM] upgraded qemu-block-dmg (10.2.0-2 -> 10.2.0-3)
[2026-03-09T19:42:40+0530] [ALPM] upgraded qemu-block-gluster (10.2.0-2 -> 10.2.0-3)
[2026-03-09T19:42:40+0530] [ALPM] upgraded qemu-block-iscsi (10.2.0-2 -> 10.2.0-3)
[2026-03-09T19:42:40+0530] [ALPM] upgraded qemu-block-nfs (10.2.0-2 -> 10.2.0-3)
[2026-03-09T19:42:40+0530] [ALPM] upgraded qemu-block-ssh (10.2.0-2 -> 10.2.0-3)
[2026-03-09T19:42:40+0530] [ALPM] upgraded qemu-chardev-baum (10.2.0-2 -> 10.2.0-3)
[2026-03-09T19:42:40+0530] [ALPM] upgraded qemu-chardev-spice (10.2.0-2 -> 10.2.0-3)
[2026-03-09T19:42:40+0530] [ALPM] upgraded qemu-hw-display-qxl (10.2.0-2 -> 10.2.0-3)
[2026-03-09T19:42:40+0530] [ALPM] upgraded qemu-hw-display-virtio-gpu (10.2.0-2 -> 10.2.0-3)
[2026-03-09T19:42:40+0530] [ALPM] upgraded qemu-hw-display-virtio-gpu-gl (10.2.0-2 -> 10.2.0-3)
[2026-03-09T19:42:40+0530] [ALPM] upgraded qemu-hw-display-virtio-gpu-rutabaga (10.2.0-2 -> 10.2.0-3)
[2026-03-09T19:42:40+0530] [ALPM] upgraded qemu-hw-display-virtio-gpu-pci (10.2.0-2 -> 10.2.0-3)
[2026-03-09T19:42:40+0530] [ALPM] upgraded qemu-hw-display-virtio-gpu-pci-gl (10.2.0-2 -> 10.2.0-3)
[2026-03-09T19:42:40+0530] [ALPM] upgraded qemu-hw-display-virtio-gpu-pci-rutabaga (10.2.0-2 -> 10.2.0-3)
[2026-03-09T19:42:40+0530] [ALPM] upgraded qemu-hw-display-virtio-vga (10.2.0-2 -> 10.2.0-3)
[2026-03-09T19:42:40+0530] [ALPM] upgraded qemu-hw-display-virtio-vga-gl (10.2.0-2 -> 10.2.0-3)
[2026-03-09T19:42:40+0530] [ALPM] upgraded qemu-hw-display-virtio-vga-rutabaga (10.2.0-2 -> 10.2.0-3)
[2026-03-09T19:42:40+0530] [ALPM] upgraded qemu-hw-uefi-vars (10.2.0-2 -> 10.2.0-3)
[2026-03-09T19:42:40+0530] [ALPM] upgraded qemu-hw-usb-host (10.2.0-2 -> 10.2.0-3)
[2026-03-09T19:42:40+0530] [ALPM] upgraded qemu-hw-usb-redirect (10.2.0-2 -> 10.2.0-3)
[2026-03-09T19:42:40+0530] [ALPM] upgraded qemu-hw-usb-smartcard (10.2.0-2 -> 10.2.0-3)
[2026-03-09T19:42:40+0530] [ALPM] upgraded qemu-ui-curses (10.2.0-2 -> 10.2.0-3)
[2026-03-09T19:42:40+0530] [ALPM] upgraded qemu-ui-dbus (10.2.0-2 -> 10.2.0-3)
[2026-03-09T19:42:40+0530] [ALPM] upgraded qemu-ui-egl-headless (10.2.0-2 -> 10.2.0-3)
[2026-03-09T19:42:40+0530] [ALPM] upgraded qemu-ui-gtk (10.2.0-2 -> 10.2.0-3)
[2026-03-09T19:42:40+0530] [ALPM] upgraded qemu-ui-sdl (10.2.0-2 -> 10.2.0-3)
[2026-03-09T19:42:40+0530] [ALPM] upgraded qemu-ui-spice-app (10.2.0-2 -> 10.2.0-3)
[2026-03-09T19:42:40+0530] [ALPM] upgraded qemu-vhost-user-gpu (10.2.0-2 -> 10.2.0-3)
[2026-03-09T19:42:40+0530] [ALPM] upgraded qemu-desktop (10.2.0-2 -> 10.2.0-3)
[2026-03-09T19:42:40+0530] [ALPM] upgraded qemu-docs (10.2.0-2 -> 10.2.0-3)
[2026-03-09T19:42:40+0530] [ALPM] upgraded qemu-system-aarch64 (10.2.0-2 -> 10.2.0-3)
[2026-03-09T19:42:40+0530] [ALPM] upgraded qemu-system-alpha-firmware (10.2.0-2 -> 10.2.0-3)
[2026-03-09T19:42:40+0530] [ALPM] upgraded qemu-system-alpha (10.2.0-2 -> 10.2.0-3)
[2026-03-09T19:42:40+0530] [ALPM] upgraded qemu-system-arm-firmware (10.2.0-2 -> 10.2.0-3)
[2026-03-09T19:42:40+0530] [ALPM] upgraded qemu-system-arm (10.2.0-2 -> 10.2.0-3)
[2026-03-09T19:42:40+0530] [ALPM] upgraded qemu-system-avr (10.2.0-2 -> 10.2.0-3)
[2026-03-09T19:42:40+0530] [ALPM] upgraded qemu-system-hppa-firmware (10.2.0-2 -> 10.2.0-3)
[2026-03-09T19:42:40+0530] [ALPM] upgraded qemu-system-hppa (10.2.0-2 -> 10.2.0-3)
[2026-03-09T19:42:40+0530] [ALPM] upgraded qemu-system-loongarch64 (10.2.0-2 -> 10.2.0-3)
[2026-03-09T19:42:40+0530] [ALPM] upgraded qemu-system-m68k (10.2.0-2 -> 10.2.0-3)
[2026-03-09T19:42:40+0530] [ALPM] upgraded qemu-system-microblaze-firmware (10.2.0-2 -> 10.2.0-3)
[2026-03-09T19:42:40+0530] [ALPM] upgraded qemu-system-microblaze (10.2.0-2 -> 10.2.0-3)
[2026-03-09T19:42:40+0530] [ALPM] upgraded qemu-system-mips (10.2.0-2 -> 10.2.0-3)
[2026-03-09T19:42:40+0530] [ALPM] upgraded qemu-system-or1k (10.2.0-2 -> 10.2.0-3)
[2026-03-09T19:42:40+0530] [ALPM] upgraded qemu-system-ppc-firmware (10.2.0-2 -> 10.2.0-3)
[2026-03-09T19:42:40+0530] [ALPM] upgraded qemu-system-ppc (10.2.0-2 -> 10.2.0-3)
[2026-03-09T19:42:40+0530] [ALPM] upgraded qemu-system-riscv-firmware (10.2.0-2 -> 10.2.0-3)
[2026-03-09T19:42:40+0530] [ALPM] upgraded qemu-system-riscv (10.2.0-2 -> 10.2.0-3)
[2026-03-09T19:42:40+0530] [ALPM] upgraded qemu-system-rx (10.2.0-2 -> 10.2.0-3)
[2026-03-09T19:42:40+0530] [ALPM] upgraded qemu-system-s390x-firmware (10.2.0-2 -> 10.2.0-3)
[2026-03-09T19:42:40+0530] [ALPM] upgraded qemu-system-s390x (10.2.0-2 -> 10.2.0-3)
[2026-03-09T19:42:40+0530] [ALPM] upgraded qemu-system-sh4 (10.2.0-2 -> 10.2.0-3)
[2026-03-09T19:42:40+0530] [ALPM] upgraded qemu-system-sparc-firmware (10.2.0-2 -> 10.2.0-3)
[2026-03-09T19:42:40+0530] [ALPM] upgraded qemu-system-sparc (10.2.0-2 -> 10.2.0-3)
[2026-03-09T19:42:40+0530] [ALPM] upgraded qemu-system-tricore (10.2.0-2 -> 10.2.0-3)
[2026-03-09T19:42:40+0530] [ALPM] upgraded qemu-system-xtensa (10.2.0-2 -> 10.2.0-3)
[2026-03-09T19:42:40+0530] [ALPM] upgraded qemu-user (10.2.0-2 -> 10.2.0-3)
[2026-03-09T19:42:41+0530] [ALPM] upgraded qemu-emulators-full (10.2.0-2 -> 10.2.0-3)
[2026-03-09T19:42:41+0530] [ALPM] upgraded qemu-hw-s390x-virtio-gpu-ccw (10.2.0-2 -> 10.2.0-3)
[2026-03-09T19:42:41+0530] [ALPM] upgraded qemu-pr-helper (10.2.0-2 -> 10.2.0-3)
[2026-03-09T19:42:41+0530] [ALPM] upgraded qemu-tests (10.2.0-2 -> 10.2.0-3)
[2026-03-09T19:42:41+0530] [ALPM] upgraded qemu-tools (10.2.0-2 -> 10.2.0-3)
[2026-03-09T19:42:41+0530] [ALPM] upgraded qemu-vmsr-helper (10.2.0-2 -> 10.2.0-3)
[2026-03-09T19:42:41+0530] [ALPM] upgraded qemu-full (10.2.0-2 -> 10.2.0-3)
[2026-03-09T19:42:41+0530] [ALPM] upgraded sane (1.4.0-3 -> 1.4.0-4)
[2026-03-09T19:42:41+0530] [ALPM] upgraded spdlog (1.17.0-1 -> 1.17.0-2)
[2026-03-09T19:42:41+0530] [ALPM] upgraded squashfs-tools (4.7.4-1 -> 4.7.5-1)
[2026-03-09T19:42:41+0530] [ALPM] upgraded systemd-sysvcompat (259.1-1 -> 259.3-1)
[2026-03-09T19:42:41+0530] [ALPM] upgraded vim-runtime (9.1.2132-1 -> 9.2.0081-1)
[2026-03-09T19:42:41+0530] [ALPM] upgraded vim (9.1.2132-1 -> 9.2.0081-1)
[2026-03-09T19:42:41+0530] [ALPM] upgraded whois (5.6.5-1 -> 5.6.6-1)
[2026-03-09T19:42:41+0530] [ALPM] upgraded wireless-regdb (2025.10.07-1 -> 2026.02.04-1)
[2026-03-09T19:42:41+0530] [ALPM] upgraded wireshark-cli (4.6.3-1 -> 4.6.4-1)
[2026-03-09T19:42:42+0530] [ALPM] upgraded xterm (406-1 -> 407-1)
[2026-03-09T19:42:42+0530] [ALPM] transaction completed
[2026-03-09T19:42:43+0530] [ALPM] running '20-systemd-sysusers.hook'...
[2026-03-09T19:42:43+0530] [ALPM] running '21-systemd-tmpfiles.hook'...
[2026-03-09T19:42:44+0530] [ALPM] running '25-systemd-catalog.hook'...
[2026-03-09T19:42:44+0530] [ALPM] running '25-systemd-hwdb.hook'...
[2026-03-09T19:42:44+0530] [ALPM] running '25-systemd-sysctl.hook'...
[2026-03-09T19:42:44+0530] [ALPM] running '30-systemd-daemon-reload-system.hook'...
[2026-03-09T19:42:44+0530] [ALPM] running '30-systemd-daemon-reload-user.hook'...
[2026-03-09T19:42:45+0530] [ALPM] running '30-update-mime-database.hook'...
[2026-03-09T19:42:45+0530] [ALPM] running '35-systemd-restart-marked.hook'...
[2026-03-09T19:42:45+0530] [ALPM] running '35-systemd-udev-reload.hook'...
[2026-03-09T19:42:46+0530] [ALPM] running '35-systemd-update.hook'...
[2026-03-09T19:42:46+0530] [ALPM] running '40-update-ca-trust.hook'...
[2026-03-09T19:42:47+0530] [ALPM] running '60-depmod.hook'...
[2026-03-09T19:42:48+0530] [ALPM] running '70-dkms-install.hook'...
[2026-03-09T19:42:48+0530] [ALPM-SCRIPTLET] ==> dkms install --no-depmod nvidia/590.48.01 -k 6.19.6-arch1-1
[2026-03-09T19:43:58+0530] [ALPM-SCRIPTLET] ==> dkms install --no-depmod rtw89/r1673.84a2572 -k 6.19.6-arch1-1
[2026-03-09T19:43:58+0530] [ALPM-SCRIPTLET] Deprecated feature: CLEAN (/usr/src/rtw89-r1673.84a2572/dkms.conf)
[2026-03-09T19:44:17+0530] [ALPM-SCRIPTLET] ==> depmod 6.19.6-arch1-1
[2026-03-09T19:44:18+0530] [ALPM-SCRIPTLET] ==> ERROR: Missing 6.18.16-1-lts kernel modules tree for module nvidia/590.48.01.
[2026-03-09T19:44:18+0530] [ALPM-SCRIPTLET] ==> ERROR: Missing 6.18.16-1-lts kernel modules tree for module rtw89/r1673.84a2572.
[2026-03-09T19:44:20+0530] [ALPM] running '90-mkinitcpio-install.hook'...
[2026-03-09T19:44:21+0530] [ALPM-SCRIPTLET] ==> Building image from preset: /etc/mkinitcpio.d/linux.preset: 'default'
[2026-03-09T19:44:21+0530] [ALPM-SCRIPTLET] ==> Using default configuration file: '/etc/mkinitcpio.conf'
[2026-03-09T19:44:21+0530] [ALPM-SCRIPTLET]   -> -k /boot/vmlinuz-linux -g /boot/initramfs-linux.img
[2026-03-09T19:44:21+0530] [ALPM-SCRIPTLET] ==> Starting build: '6.19.6-arch1-1'
[2026-03-09T19:44:21+0530] [ALPM-SCRIPTLET]   -> Running build hook: [base]
[2026-03-09T19:44:21+0530] [ALPM-SCRIPTLET]   -> Running build hook: [udev]
[2026-03-09T19:44:21+0530] [ALPM-SCRIPTLET]   -> Running build hook: [autodetect]
[2026-03-09T19:44:21+0530] [ALPM-SCRIPTLET]   -> Running build hook: [microcode]
[2026-03-09T19:44:21+0530] [ALPM-SCRIPTLET]   -> Running build hook: [modconf]
[2026-03-09T19:44:21+0530] [ALPM-SCRIPTLET]   -> Running build hook: [kms]
[2026-03-09T19:44:27+0530] [ALPM-SCRIPTLET]   -> Running build hook: [keyboard]
[2026-03-09T19:44:27+0530] [ALPM-SCRIPTLET]   -> Running build hook: [keymap]
[2026-03-09T19:44:27+0530] [ALPM-SCRIPTLET]   -> Running build hook: [consolefont]
[2026-03-09T19:44:27+0530] [ALPM-SCRIPTLET]   -> Running build hook: [block]
[2026-03-09T19:44:28+0530] [ALPM-SCRIPTLET]   -> Running build hook: [filesystems]
[2026-03-09T19:44:28+0530] [ALPM-SCRIPTLET]   -> Running build hook: [fsck]
[2026-03-09T19:44:28+0530] [ALPM-SCRIPTLET] ==> Generating module dependencies
[2026-03-09T19:44:28+0530] [ALPM-SCRIPTLET] ==> Creating zstd-compressed initcpio image: '/boot/initramfs-linux.img'
[2026-03-09T19:44:29+0530] [ALPM-SCRIPTLET]   -> Early uncompressed CPIO image generation successful
[2026-03-09T19:44:29+0530] [ALPM-SCRIPTLET] ==> Initcpio image generation successful
[2026-03-09T19:44:29+0530] [ALPM] running 'accounts-daemon-restart.hook'...
[2026-03-09T19:44:29+0530] [ALPM] running 'dbus-reload.hook'...
[2026-03-09T19:44:29+0530] [ALPM] running 'detect-old-perl-modules.hook'...
[2026-03-09T19:44:29+0530] [ALPM] running 'fontconfig.hook'...
[2026-03-09T19:44:29+0530] [ALPM] running 'gio-querymodules.hook'...
[2026-03-09T19:44:29+0530] [ALPM] running 'glib-compile-schemas.hook'...
[2026-03-09T19:44:30+0530] [ALPM] running 'gtk-update-icon-cache.hook'...
[2026-03-09T19:44:30+0530] [ALPM] running 'gvfsd.hook'...
[2026-03-09T19:44:30+0530] [ALPM] running 'texinfo-install.hook'...
[2026-03-09T19:44:30+0530] [ALPM] running 'update-desktop-database.hook'...
[2026-03-09T19:45:48+0530] [PACMAN] Running 'pacman -S --config /etc/pacman.conf -- extra/kdenlive'
[2026-03-09T19:45:58+0530] [ALPM] transaction started
[2026-03-09T19:45:58+0530] [ALPM] installed frei0r-plugins (2.5.5-1)
[2026-03-09T19:45:58+0530] [ALPM] installed karchive (6.23.0-1)
[2026-03-09T19:45:58+0530] [ALPM] installed qt6-declarative (6.10.2-1)
[2026-03-09T19:45:58+0530] [ALPM] installed kconfig (6.23.0-1)
[2026-03-09T19:45:58+0530] [ALPM] installed kcoreaddons (6.23.0-1)
[2026-03-09T19:45:58+0530] [ALPM] installed kwidgetsaddons (6.23.0-1)
[2026-03-09T19:45:58+0530] [ALPM] installed kbookmarks (6.23.0-1)
[2026-03-09T19:45:58+0530] [ALPM] installed kcodecs (6.23.0-1)
[2026-03-09T19:45:58+0530] [ALPM] installed ki18n (6.23.0-1)
[2026-03-09T19:45:58+0530] [ALPM] installed kcolorscheme (6.23.0-1)
[2026-03-09T19:45:58+0530] [ALPM] installed kcompletion (6.23.0-1)
[2026-03-09T19:45:58+0530] [ALPM] installed kconfigwidgets (6.23.0-1)
[2026-03-09T19:45:58+0530] [ALPM] installed kcrash (6.23.0-1)
[2026-03-09T19:45:58+0530] [ALPM] installed kdbusaddons (6.23.0-1)
[2026-03-09T19:45:58+0530] [ALPM] installed kddockwidgets (2.4.0-2)
[2026-03-09T19:45:58+0530] [ALPM] installed libtommath (1.3.0-2)
[2026-03-09T19:45:58+0530] [ALPM] installed convertlit (1.8-13)
[2026-03-09T19:45:58+0530] [ALPM] installed libzip (1.11.4-1)
[2026-03-09T19:45:58+0530] [ALPM] installed ebook-tools (0.2.2-9)
[2026-03-09T19:45:58+0530] [ALPM] installed poppler-qt6 (26.02.0-2)
[2026-03-09T19:45:58+0530] [ALPM] installed kfilemetadata (6.23.0-1)
[2026-03-09T19:46:00+0530] [ALPM] installed breeze-icons (6.23.0-1)
[2026-03-09T19:46:00+0530] [ALPM] installed kiconthemes (6.23.0-1)
[2026-03-09T19:46:00+0530] [ALPM] installed kitemviews (6.23.0-1)
[2026-03-09T19:46:00+0530] [ALPM] installed knotifications (6.23.0-1)
[2026-03-09T19:46:00+0530] [ALPM] installed kjobwidgets (6.23.0-1)
[2026-03-09T19:46:00+0530] [ALPM] installed kservice (6.23.1-1)
[2026-03-09T19:46:00+0530] [ALPM] installed kwindowsystem (6.23.0-1)
[2026-03-09T19:46:00+0530] [ALPM] installed qt6-shadertools (6.10.2-1)
[2026-03-09T19:46:00+0530] [ALPM] installed qt6-5compat (6.10.2-1)
[2026-03-09T19:46:00+0530] [ALPM] installed qca-qt6 (2.3.10-4)
[2026-03-09T19:46:00+0530] [ALPM] installed kwallet (6.23.0-1)
[2026-03-09T19:46:00+0530] [ALPM] installed media-player-info (26-1)
[2026-03-09T19:46:00+0530] [ALPM] installed solid (6.23.0-1)
[2026-03-09T19:46:00+0530] [ALPM] installed kio (6.23.0-1)
[2026-03-09T19:46:00+0530] [ALPM] installed attica (6.23.0-1)
[2026-03-09T19:46:00+0530] [ALPM] installed kirigami (6.23.1-1)
[2026-03-09T19:46:00+0530] [ALPM] installed kglobalaccel (6.23.0-1)
[2026-03-09T19:46:00+0530] [ALPM] installed kxmlgui (6.23.0-1)
[2026-03-09T19:46:00+0530] [ALPM] installed kcmutils (6.23.0-1)
[2026-03-09T19:46:00+0530] [ALPM] installed kpackage (6.23.0-1)
[2026-03-09T19:46:00+0530] [ALPM] installed syndication (6.23.0-1)
[2026-03-09T19:46:00+0530] [ALPM] installed knewstuff (6.23.0-1)
[2026-03-09T19:46:00+0530] [ALPM] installed knotifyconfig (6.23.0-1)
[2026-03-09T19:46:00+0530] [ALPM] installed qt6-multimedia-ffmpeg (6.10.2-1)
[2026-03-09T19:46:00+0530] [ALPM] installed qt6-multimedia (6.10.2-1)
[2026-03-09T19:46:00+0530] [ALPM] installed qt6-speech (6.10.2-1)
[2026-03-09T19:46:00+0530] [ALPM] installed sonnet (6.23.0-1)
[2026-03-09T19:46:00+0530] [ALPM] installed ktextwidgets (6.23.0-1)
[2026-03-09T19:46:00+0530] [ALPM] installed mlt (7.36.1-4)
[2026-03-09T19:46:00+0530] [ALPM] installed python-aaf2 (1.7.1-4)
[2026-03-09T19:46:00+0530] [ALPM] installed opentimelineio (0.18.1-2)
[2026-03-09T19:46:00+0530] [ALPM] installed libaccounts-glib (1.27-3)
[2026-03-09T19:46:00+0530] [ALPM] installed libaccounts-qt (1.17-1)
[2026-03-09T19:46:00+0530] [ALPM] installed signond (8.61-3)
[2026-03-09T19:46:00+0530] [ALPM] installed accounts-qml-module (0.7-6)
[2026-03-09T19:46:00+0530] [ALPM] installed signon-kwallet-extension (25.12.3-1)
[2026-03-09T19:46:00+0530] [ALPM] installed signon-plugin-oauth2 (0.25-3)
[2026-03-09T19:46:00+0530] [ALPM] installed minizip (1:1.3.2-3)
[2026-03-09T19:46:00+0530] [ALPM] installed qt6-positioning (6.10.2-1)
[2026-03-09T19:46:00+0530] [ALPM] installed qt6-webchannel (6.10.2-1)
[2026-03-09T19:46:00+0530] [ALPM] installed re2 (2:2025.11.05-1)
[2026-03-09T19:46:01+0530] [ALPM] installed qt6-webengine (6.10.2-1)
[2026-03-09T19:46:01+0530] [ALPM] installed signon-ui (0.17+20231016-3)
[2026-03-09T19:46:01+0530] [ALPM] installed kaccounts-integration (25.12.3-1)
[2026-03-09T19:46:01+0530] [ALPM] installed purpose (6.23.0-1)
[2026-03-09T19:46:01+0530] [ALPM] installed qqc2-desktop-style (6.23.0-2)
[2026-03-09T19:46:01+0530] [ALPM] installed qt6-networkauth (6.10.2-1)
[2026-03-09T19:46:01+0530] [ALPM] installed kdenlive (25.12.3-1)
[2026-03-09T19:46:01+0530] [ALPM] transaction completed
[2026-03-09T19:46:01+0530] [ALPM] running '25-systemd-hwdb.hook'...
[2026-03-09T19:46:02+0530] [ALPM] running '30-update-mime-database.hook'...
[2026-03-09T19:46:02+0530] [ALPM] running '35-systemd-udev-reload.hook'...
[2026-03-09T19:46:03+0530] [ALPM] running '35-systemd-update.hook'...
[2026-03-09T19:46:03+0530] [ALPM] running 'gtk-update-icon-cache.hook'...
[2026-03-09T19:46:03+0530] [ALPM] running 'update-desktop-database.hook'...
[2026-03-09T19:46:03+0530] [PACMAN] Running 'pacman -D -q --asexplicit --config /etc/pacman.conf -- kdenlive'
[2026-03-23T13:55:45+0530] [PACMAN] Running 'pacman -S hugo'
[2026-03-23T13:56:13+0530] [PACMAN] Running 'pacman -Syu'
[2026-03-23T13:56:13+0530] [PACMAN] synchronizing package lists
[2026-03-23T13:56:13+0530] [PACMAN] starting full system upgrade
[2026-03-23T14:01:43+0530] [ALPM] running '60-mkinitcpio-remove.hook'...
[2026-03-23T14:01:43+0530] [ALPM] running '71-dkms-remove.hook'...
[2026-03-23T14:01:44+0530] [ALPM-SCRIPTLET] ==> dkms remove --no-depmod nvidia/590.48.01 -k 6.19.6-arch1-1
[2026-03-23T14:01:44+0530] [ALPM-SCRIPTLET] ==> dkms remove --no-depmod rtw89/r1673.84a2572 -k 6.19.6-arch1-1
[2026-03-23T14:01:45+0530] [ALPM-SCRIPTLET] ==> depmod 6.19.6-arch1-1
[2026-03-23T14:01:48+0530] [ALPM] transaction started
[2026-03-23T14:01:48+0530] [ALPM] upgraded a52dec (0.8.0-2 -> 0.8.0-3)
[2026-03-23T14:01:48+0530] [ALPM] upgraded ncurses (6.6-1 -> 6.6-2)
[2026-03-23T14:01:48+0530] [ALPM] upgraded systemd-libs (259.3-1 -> 260-1)
[2026-03-23T14:01:48+0530] [ALPM] upgraded e2fsprogs (1.47.3-2 -> 1.47.4-1)
[2026-03-23T14:01:48+0530] [ALPM] upgraded libldap (2.6.12-1 -> 2.6.13-1)
[2026-03-23T14:01:48+0530] [ALPM] upgraded device-mapper (2.03.38-1 -> 2.03.39-1)
[2026-03-23T14:01:49+0530] [ALPM] upgraded expat (2.7.4-1 -> 2.7.5-1)
[2026-03-23T14:01:49+0530] [ALPM] upgraded libnghttp2 (1.68.0-1 -> 1.68.1-1)
[2026-03-23T14:01:49+0530] [ALPM] upgraded ca-certificates-mozilla (3.121-1 -> 3.122-1)
[2026-03-23T14:01:49+0530] [ALPM] upgraded curl (8.18.0-3 -> 8.19.0-1)
[2026-03-23T14:01:49+0530] [ALPM] upgraded systemd (259.3-1 -> 260-1)
[2026-03-23T14:01:50+0530] [ALPM-SCRIPTLET] :: This is a systemd feature update. You may want to have a look at
[2026-03-23T14:01:50+0530] [ALPM-SCRIPTLET]    NEWS for what changed, or if you observe unexpected behavior:
[2026-03-23T14:01:50+0530] [ALPM-SCRIPTLET]      /usr/share/doc/systemd/NEWS
[2026-03-23T14:01:50+0530] [ALPM-SCRIPTLET] Created symlink '/etc/systemd/system/autovt@.service' → '/usr/lib/systemd/system/getty@.service'.
[2026-03-23T14:01:50+0530] [ALPM] upgraded accountsservice (25.34.76-2 -> 26.12.8-1)
[2026-03-23T14:01:50+0530] [ALPM] upgraded alsa-card-profiles (1:1.6.0-2 -> 1:1.6.2-1)
[2026-03-23T14:01:50+0530] [ALPM] upgraded amd-ucode (20260221-1 -> 20260309-1)
[2026-03-23T14:01:50+0530] [ALPM] upgraded aom (3.13.1-2 -> 3.13.2-1)
[2026-03-23T14:01:50+0530] [ALPM] upgraded mpdecimal (4.0.1-1 -> 4.0.1-3)
[2026-03-23T14:01:50+0530] [ALPM] upgraded apparmor (4.1.6-2 -> 4.1.7-1)
[2026-03-23T14:01:50+0530] [ALPM] upgraded at-spi2-core (2.58.3-1 -> 2.58.4-1)
[2026-03-23T14:01:50+0530] [ALPM] upgraded icu (78.2-2 -> 78.3-1)
[2026-03-23T14:01:50+0530] [ALPM] upgraded harfbuzz (12.3.2-1 -> 13.2.1-1)
[2026-03-23T14:01:50+0530] [ALPM] upgraded libedit (20250104_3.1-1 -> 20251016_3.1-1)
[2026-03-23T14:01:51+0530] [ALPM] upgraded llvm-libs (21.1.8-1 -> 22.1.1-1)
[2026-03-23T14:01:51+0530] [ALPM] upgraded libpciaccess (0.18.1-2 -> 0.19-1)
[2026-03-23T14:01:51+0530] [ALPM] upgraded mesa (1:26.0.1-1 -> 1:26.0.3-1)
[2026-03-23T14:01:51+0530] [ALPM] upgraded attica (6.23.0-1 -> 6.24.0-1)
[2026-03-23T14:01:51+0530] [ALPM] upgraded compiler-rt (21.1.8-2 -> 22.1.1-1)
[2026-03-23T14:01:51+0530] [ALPM] upgraded clang (21.1.8-1 -> 22.1.1-1)
[2026-03-23T14:01:51+0530] [ALPM] upgraded bcc (0.36.1-1 -> 0.36.1-3)
[2026-03-23T14:01:54+0530] [ALPM] upgraded breeze-icons (6.23.0-1 -> 6.24.0-1)
[2026-03-23T14:01:54+0530] [ALPM] installed pcaudiolib (1.3-1)
[2026-03-23T14:01:54+0530] [ALPM] installed libsonic (0.2.0-2)
[2026-03-23T14:01:54+0530] [ALPM] installed espeak-ng (1.52.0-1)
[2026-03-23T14:01:54+0530] [ALPM] upgraded liblouis (3.36.0-2 -> 3.37.0-1)
[2026-03-23T14:01:54+0530] [ALPM] upgraded brltty (6.8-6 -> 6.9-2)
[2026-03-23T14:01:54+0530] [ALPM-SCRIPTLET] Please add your user to the brlapi group.
[2026-03-23T14:01:54+0530] [ALPM] upgraded bubblewrap (0.11.0-2 -> 0.11.1-1)
[2026-03-23T14:01:54+0530] [ALPM] upgraded libarchive (3.8.5-1 -> 3.8.6-1)
[2026-03-23T14:01:55+0530] [ALPM] upgraded cmake (4.2.3-1 -> 4.3.0-2)
[2026-03-23T14:01:55+0530] [ALPM] upgraded runc (1.4.0-1 -> 1.4.1-1)
[2026-03-23T14:01:55+0530] [ALPM] upgraded containerd (2.2.1-1 -> 2.2.2-1)
[2026-03-23T14:01:55+0530] [ALPM] upgraded djvulibre (3.5.29-1 -> 3.5.29-2)
[2026-03-23T14:01:55+0530] [ALPM] upgraded docker-compose (5.1.0-1 -> 5.1.1-1)
[2026-03-23T14:01:55+0530] [ALPM] upgraded ell (0.82-1 -> 0.83-1)
[2026-03-23T14:01:55+0530] [ALPM] upgraded enchant (2.8.15-1 -> 2.8.15-2)
[2026-03-23T14:01:55+0530] [ALPM] upgraded libsoup3 (3.6.6-1 -> 3.6.6-2)
[2026-03-23T14:01:55+0530] [ALPM] upgraded harfbuzz-icu (12.3.2-1 -> 13.2.1-1)
[2026-03-23T14:01:55+0530] [ALPM] upgraded libavif (1.4.0-1 -> 1.4.1-1)
[2026-03-23T14:01:55+0530] [ALPM] upgraded libmanette (0.2.13-1 -> 0.2.13-2)
[2026-03-23T14:01:55+0530] [ALPM] upgraded gperftools (2.17.2-1 -> 2.18.1-1)
[2026-03-23T14:01:55+0530] [ALPM] upgraded libva (2.22.0-1 -> 2.23.0-1)
[2026-03-23T14:01:55+0530] [ALPM] upgraded perl (5.42.0-1 -> 5.42.1-1)
[2026-03-23T14:01:56+0530] [ALPM] upgraded webkitgtk-6.0 (2.50.5-1 -> 2.50.6-1)
[2026-03-23T14:01:56+0530] [ALPM] upgraded libfyaml (0.9.5-1 -> 0.9.6-1)
[2026-03-23T14:01:56+0530] [ALPM] upgraded epiphany (49.3-1 -> 49.6-1)
[2026-03-23T14:01:56+0530] [ALPM] upgraded exempi (2.6.6-2 -> 2.6.6-3)
[2026-03-23T14:01:56+0530] [ALPM] upgraded exiv2 (0.28.7-1 -> 0.28.8-1)
[2026-03-23T14:01:56+0530] [ALPM] upgraded libpipewire (1:1.6.0-2 -> 1:1.6.2-1)
[2026-03-23T14:01:56+0530] [ALPM] upgraded pipewire (1:1.6.0-2 -> 1:1.6.2-1)
[2026-03-23T14:01:56+0530] [ALPM] upgraded pipewire-audio (1:1.6.0-2 -> 1:1.6.2-1)
[2026-03-23T14:01:56+0530] [ALPM] upgraded pipewire-jack (1:1.6.0-2 -> 1:1.6.2-1)
[2026-03-23T14:01:56+0530] [ALPM] upgraded libbluray (1.4.0-2 -> 1.4.1-1)
[2026-03-23T14:01:56+0530] [ALPM] upgraded libmodplug (0.8.9.0-6 -> 0.8.9.0-7)
[2026-03-23T14:01:56+0530] [ALPM] upgraded libplacebo (7.360.0-2 -> 7.360.1-1)
[2026-03-23T14:01:56+0530] [ALPM] upgraded portaudio (1:19.7.0-3 -> 1:19.7.0-4)
[2026-03-23T14:01:56+0530] [ALPM] upgraded ffmpeg (2:8.0.1-7 -> 2:8.1-2)
[2026-03-23T14:01:56+0530] [ALPM] upgraded fuse-common (3.18.1-1 -> 3.18.2-1)
[2026-03-23T14:01:56+0530] [ALPM] upgraded fuse3 (3.18.1-1 -> 3.18.2-1)
[2026-03-23T14:01:56+0530] [ALPM] upgraded freerdp (2:3.23.0-1 -> 2:3.24.1-1)
[2026-03-23T14:01:56+0530] [ALPM] upgraded frei0r-plugins (2.5.5-1 -> 2.5.5-2)
[2026-03-23T14:01:56+0530] [ALPM] upgraded gexiv2 (0.16.0-1 -> 0.16.0-2)
[2026-03-23T14:01:56+0530] [ALPM] upgraded ghostscript (10.06.0-1 -> 10.07.0-1)
[2026-03-23T14:01:56+0530] [ALPM] upgraded github-cli (2.87.3-1 -> 2.88.1-1)
[2026-03-23T14:01:56+0530] [ALPM] upgraded libgoa (3.56.4-1 -> 3.56.5-1)
[2026-03-23T14:01:56+0530] [ALPM] upgraded gnome-online-accounts (3.56.4-1 -> 3.56.5-1)
[2026-03-23T14:01:56+0530] [ALPM] upgraded python-argcomplete (3.6.2-2 -> 3.6.3-1)
[2026-03-23T14:01:56+0530] [ALPM] upgraded pipewire-pulse (1:1.6.0-2 -> 1:1.6.2-1)
[2026-03-23T14:01:56+0530] [ALPM] upgraded nss (3.121-1 -> 3.122-1)
[2026-03-23T14:01:56+0530] [ALPM] upgraded libssc (0.4.1-1 -> 0.4.2-1)
[2026-03-23T14:01:56+0530] [ALPM] upgraded mutter (49.4-1 -> 49.5-1)
[2026-03-23T14:01:57+0530] [ALPM] upgraded libcdio-paranoia (10.2+2.0.2-1 -> 10.2+2.0.2-2)
[2026-03-23T14:01:57+0530] [ALPM] upgraded mdadm (4.5-2 -> 4.6-1)
[2026-03-23T14:01:57+0530] [ALPM] upgraded libatasmart (0.19-7 -> 0.19-8)
[2026-03-23T14:01:57+0530] [ALPM] upgraded gvfs (1.58.2-1 -> 1.58.3-1)
[2026-03-23T14:01:57+0530] [ALPM] upgraded libnautilus-extension (49.4-1 -> 49.5-1)
[2026-03-23T14:01:57+0530] [ALPM] upgraded libgsf (1.14.55-1 -> 1.14.56-1)
[2026-03-23T14:01:57+0530] [ALPM] upgraded libosinfo (1.12.0-2 -> 1.12.0-3)
[2026-03-23T14:01:57+0530] [ALPM] upgraded poppler (26.02.0-2 -> 26.03.0-1)
[2026-03-23T14:01:57+0530] [ALPM] upgraded poppler-glib (26.02.0-2 -> 26.03.0-1)
[2026-03-23T14:01:57+0530] [ALPM] upgraded uchardet (0.0.8-3 -> 0.0.8-4)
[2026-03-23T14:01:57+0530] [ALPM] upgraded nautilus (49.4-1 -> 49.5-1)
[2026-03-23T14:01:57+0530] [ALPM] upgraded gnome-shell (1:49.4-2 -> 1:49.5-1)
[2026-03-23T14:01:57+0530] [ALPM] upgraded gsound (1.0.3-3 -> 1.0.3-4)
[2026-03-23T14:01:57+0530] [ALPM] upgraded ldb (2:4.23.6-1 -> 2:4.24.0-1)
[2026-03-23T14:01:57+0530] [ALPM] upgraded libwbclient (2:4.23.6-1 -> 2:4.24.0-1)
[2026-03-23T14:01:57+0530] [ALPM] upgraded smbclient (2:4.23.6-1 -> 2:4.24.0-1)
[2026-03-23T14:01:57+0530] [ALPM] upgraded gnome-keybindings (49.5-1 -> 49.6-1)
[2026-03-23T14:01:57+0530] [ALPM] upgraded libcaca (0.99.beta20-6 -> 0.99.beta20-7)
[2026-03-23T14:01:57+0530] [ALPM] upgraded libdv (1.0.0-11 -> 1.0.0-12)
[2026-03-23T14:01:57+0530] [ALPM] upgraded gnome-control-center (49.5-1 -> 49.6-1)
[2026-03-23T14:01:57+0530] [ALPM] upgraded gnome-maps (49.4-1 -> 49.5-1)
[2026-03-23T14:01:57+0530] [ALPM] upgraded go-tools (4:0.42.0-2 -> 4:0.43.0-1)
[2026-03-23T14:01:59+0530] [ALPM] upgraded grafana (12.4.0-1 -> 12.4.1-1)
[2026-03-23T14:01:59+0530] [ALPM] upgraded groff (1.24.0-2 -> 1.24.1-1)
[2026-03-23T14:01:59+0530] [ALPM] upgraded gspell (1.14.2-1 -> 1.14.3-1)
[2026-03-23T14:01:59+0530] [ALPM] upgraded gst-plugin-pipewire (1:1.6.0-2 -> 1:1.6.2-1)
[2026-03-23T14:01:59+0530] [ALPM] upgraded gvfs-afc (1.58.2-1 -> 1.58.3-1)
[2026-03-23T14:01:59+0530] [ALPM] upgraded gvfs-dnssd (1.58.2-1 -> 1.58.3-1)
[2026-03-23T14:01:59+0530] [ALPM] upgraded gvfs-goa (1.58.2-1 -> 1.58.3-1)
[2026-03-23T14:01:59+0530] [ALPM] upgraded gvfs-google (1.58.2-1 -> 1.58.3-1)
[2026-03-23T14:01:59+0530] [ALPM] upgraded libde265 (1.0.16-2 -> 1.0.18-1)
[2026-03-23T14:01:59+0530] [ALPM] upgraded gvfs-gphoto2 (1.58.2-1 -> 1.58.3-1)
[2026-03-23T14:01:59+0530] [ALPM] upgraded gvfs-mtp (1.58.2-1 -> 1.58.3-1)
[2026-03-23T14:01:59+0530] [ALPM] upgraded gvfs-nfs (1.58.2-1 -> 1.58.3-1)
[2026-03-23T14:01:59+0530] [ALPM] upgraded gvfs-onedrive (1.58.2-1 -> 1.58.3-1)
[2026-03-23T14:01:59+0530] [ALPM] upgraded gvfs-smb (1.58.2-1 -> 1.58.3-1)
[2026-03-23T14:01:59+0530] [ALPM] upgraded gvfs-wsdd (1.58.2-1 -> 1.58.3-1)
[2026-03-23T14:01:59+0530] [ALPM] upgraded imagemagick (7.1.2.16-1 -> 7.1.2.18-1)
[2026-03-23T14:01:59+0530] [ALPM] upgraded iwd (3.11-2 -> 3.12-1)
[2026-03-23T14:01:59+0530] [ALPM] upgraded karchive (6.23.0-1 -> 6.24.0-2)
[2026-03-23T14:02:00+0530] [ALPM] upgraded kconfig (6.23.0-1 -> 6.24.0-2)
[2026-03-23T14:02:00+0530] [ALPM] upgraded kcoreaddons (6.23.0-1 -> 6.24.0-2)
[2026-03-23T14:02:00+0530] [ALPM] upgraded kwidgetsaddons (6.23.0-1 -> 6.24.0-1)
[2026-03-23T14:02:00+0530] [ALPM] upgraded kbookmarks (6.23.0-1 -> 6.24.0-2)
[2026-03-23T14:02:00+0530] [ALPM] upgraded kcodecs (6.23.0-1 -> 6.24.0-2)
[2026-03-23T14:02:00+0530] [ALPM] upgraded kguiaddons (6.23.1-1 -> 6.24.0-1)
[2026-03-23T14:02:00+0530] [ALPM] upgraded ki18n (6.23.0-1 -> 6.24.0-2)
[2026-03-23T14:02:00+0530] [ALPM] upgraded kcolorscheme (6.23.0-1 -> 6.24.0-1)
[2026-03-23T14:02:00+0530] [ALPM] upgraded kconfigwidgets (6.23.0-1 -> 6.24.0-2)
[2026-03-23T14:02:00+0530] [ALPM] upgraded kcompletion (6.23.0-1 -> 6.24.0-2)
[2026-03-23T14:02:00+0530] [ALPM] upgraded kcrash (6.23.0-1 -> 6.24.0-2)
[2026-03-23T14:02:00+0530] [ALPM] upgraded kdbusaddons (6.23.0-1 -> 6.24.0-2)
[2026-03-23T14:02:00+0530] [ALPM] upgraded kiconthemes (6.23.0-1 -> 6.24.0-2)
[2026-03-23T14:02:00+0530] [ALPM] upgraded kitemviews (6.23.0-1 -> 6.24.0-2)
[2026-03-23T14:02:00+0530] [ALPM] upgraded knotifications (6.23.0-1 -> 6.24.0-2)
[2026-03-23T14:02:00+0530] [ALPM] upgraded kjobwidgets (6.23.0-1 -> 6.24.0-2)
[2026-03-23T14:02:00+0530] [ALPM] upgraded kservice (6.23.1-1 -> 6.24.0-1)
[2026-03-23T14:02:00+0530] [ALPM] upgraded kwindowsystem (6.23.0-1 -> 6.24.0-1)
[2026-03-23T14:02:00+0530] [ALPM] upgraded qca-qt6 (2.3.10-4 -> 2.3.10-5)
[2026-03-23T14:02:00+0530] [ALPM] upgraded kwallet (6.23.0-1 -> 6.24.0-1)
[2026-03-23T14:02:00+0530] [ALPM] upgraded solid (6.23.0-1 -> 6.24.0-1)
[2026-03-23T14:02:00+0530] [ALPM] upgraded kio (6.23.0-1 -> 6.24.0-2)
[2026-03-23T14:02:00+0530] [ALPM] upgraded kirigami (6.23.1-1 -> 6.24.0-1)
[2026-03-23T14:02:00+0530] [ALPM] upgraded kglobalaccel (6.23.0-1 -> 6.24.0-2)
[2026-03-23T14:02:00+0530] [ALPM] upgraded kxmlgui (6.23.0-1 -> 6.24.0-1)
[2026-03-23T14:02:00+0530] [ALPM] upgraded kcmutils (6.23.0-1 -> 6.24.0-2)
[2026-03-23T14:02:00+0530] [ALPM] upgraded poppler-qt6 (26.02.0-2 -> 26.03.0-1)
[2026-03-23T14:02:00+0530] [ALPM] upgraded kfilemetadata (6.23.0-1 -> 6.24.0-2)
[2026-03-23T14:02:00+0530] [ALPM] upgraded kitty-terminfo (0.45.0-4 -> 0.46.2-1)
[2026-03-23T14:02:00+0530] [ALPM] upgraded kitty-shell-integration (0.45.0-4 -> 0.46.2-1)
[2026-03-23T14:02:00+0530] [ALPM] upgraded kitty (0.45.0-4 -> 0.46.2-1)
[2026-03-23T14:02:00+0530] [ALPM] upgraded kpackage (6.23.0-1 -> 6.24.0-2)
[2026-03-23T14:02:00+0530] [ALPM] upgraded syndication (6.23.0-1 -> 6.24.0-2)
[2026-03-23T14:02:00+0530] [ALPM] upgraded knewstuff (6.23.0-1 -> 6.24.0-2)
[2026-03-23T14:02:00+0530] [ALPM] upgraded knotifyconfig (6.23.0-1 -> 6.24.0-2)
[2026-03-23T14:02:00+0530] [ALPM] upgraded sonnet (6.23.0-1 -> 6.24.0-1)
[2026-03-23T14:02:00+0530] [ALPM] upgraded ktextwidgets (6.23.0-1 -> 6.24.0-1)
[2026-03-23T14:02:00+0530] [ALPM] upgraded lazydocker (0.24.4-1 -> 0.25.0-1)
[2026-03-23T14:02:00+0530] [ALPM] upgraded libcurl-gnutls (8.18.0-3 -> 8.19.0-1)
[2026-03-23T14:02:00+0530] [ALPM] upgraded libdc1394 (2.2.7-1 -> 2.2.7-2)
[2026-03-23T14:02:00+0530] [ALPM] upgraded libdca (0.0.7-2 -> 0.0.7-3)
[2026-03-23T14:02:00+0530] [ALPM] upgraded libgme (0.6.4-1 -> 0.6.4-2)
[2026-03-23T14:02:00+0530] [ALPM] upgraded libmediaart (1.9.7-1 -> 1.9.7-2)
[2026-03-23T14:02:01+0530] [ALPM] upgraded libphonenumber (1:9.0.25-1 -> 1:9.0.26-1)
[2026-03-23T14:02:01+0530] [ALPM] upgraded libsrtp (1:2.7.0-1 -> 1:2.8.0-1)
[2026-03-23T14:02:01+0530] [ALPM] upgraded linux (6.19.6.arch1-1 -> 6.19.9.arch1-1)
[2026-03-23T14:02:01+0530] [ALPM] upgraded linux-firmware-whence (20260221-1 -> 20260309-1)
[2026-03-23T14:02:01+0530] [ALPM] upgraded linux-firmware-amdgpu (20260221-1 -> 20260309-1)
[2026-03-23T14:02:02+0530] [ALPM] upgraded linux-firmware-atheros (20260221-1 -> 20260309-1)
[2026-03-23T14:02:02+0530] [ALPM] upgraded linux-firmware-broadcom (20260221-1 -> 20260309-1)
[2026-03-23T14:02:02+0530] [ALPM] upgraded linux-firmware-cirrus (20260221-1 -> 20260309-1)
[2026-03-23T14:02:02+0530] [ALPM] upgraded linux-firmware-intel (20260221-1 -> 20260309-1)
[2026-03-23T14:02:02+0530] [ALPM] upgraded linux-firmware-mediatek (20260221-1 -> 20260309-1)
[2026-03-23T14:02:02+0530] [ALPM] upgraded linux-firmware-nvidia (20260221-1 -> 20260309-1)
[2026-03-23T14:02:02+0530] [ALPM] upgraded linux-firmware-other (20260221-1 -> 20260309-1)
[2026-03-23T14:02:02+0530] [ALPM] upgraded linux-firmware-radeon (20260221-1 -> 20260309-1)
[2026-03-23T14:02:02+0530] [ALPM] upgraded linux-firmware-realtek (20260221-1 -> 20260309-1)
[2026-03-23T14:02:02+0530] [ALPM] upgraded linux-firmware (20260221-1 -> 20260309-1)
[2026-03-23T14:02:04+0530] [ALPM] upgraded linux-headers (6.19.6.arch1-1 -> 6.19.9.arch1-1)
[2026-03-23T14:02:06+0530] [ALPM] upgraded linux-lts-headers (6.18.16-1 -> 6.18.19-1)
[2026-03-23T14:02:06+0530] [ALPM] upgraded luajit (2.1.1767980792+707c12b-2 -> 2.1.1772619647+659a616-1)
[2026-03-23T14:02:07+0530] [ALPM] upgraded m4 (1.4.21-1 -> 1.4.21-2)
[2026-03-23T14:02:07+0530] [ALPM] upgraded mjpegtools (2.2.1-3 -> 2.2.1-4)
[2026-03-23T14:02:07+0530] [ALPM] upgraded mod_dnssd (0.6-9 -> 0.6-10)
[2026-03-23T14:02:07+0530] [ALPM] upgraded ndctl (81-1 -> 82-1)
[2026-03-23T14:02:07+0530] [ALPM] upgraded neon (0.36.0-1 -> 0.37.1-1)
[2026-03-23T14:02:07+0530] [ALPM] upgraded openexr (3.4.6-1 -> 3.4.7-2)
[2026-03-23T14:02:07+0530] [ALPM] installed python-brltty (6.9-2)
[2026-03-23T14:02:07+0530] [ALPM] upgraded orca (49.5-2 -> 49.6-1)
[2026-03-23T14:02:07+0530] [ALPM] upgraded papers (49.4-1 -> 49.4-2)
[2026-03-23T14:02:07+0530] [ALPM] upgraded perl-timedate (2.34-1 -> 2.35-1)
[2026-03-23T14:02:07+0530] [ALPM] installed perl-class-inspector (1.36-10)
[2026-03-23T14:02:07+0530] [ALPM] installed perl-file-sharedir (1.118-8)
[2026-03-23T14:02:07+0530] [ALPM] upgraded perl-xml-parser (2.47-3 -> 2.48-1)
[2026-03-23T14:02:07+0530] [ALPM] upgraded pipewire-alsa (1:1.6.0-2 -> 1:1.6.2-1)
[2026-03-23T14:02:07+0530] [ALPM] upgraded python-dbus-fast (3.1.2-2 -> 4.0.0-1)
[2026-03-23T14:02:07+0530] [ALPM] upgraded python-bcc (0.36.1-1 -> 0.36.1-3)
[2026-03-23T14:02:07+0530] [ALPM] upgraded python-proton-vpn-local-agent (1.6.0-3 -> 1.6.1-1)
[2026-03-23T14:02:07+0530] [ALPM] upgraded python-certifi (2026.01.04-1 -> 2026.02.25-1)
[2026-03-23T14:02:07+0530] [ALPM] upgraded python-sentry_sdk (2.54.0-1 -> 2.55.0-1)
[2026-03-23T14:02:07+0530] [ALPM] upgraded python-pycparser (2.23-2 -> 3.00-1)
[2026-03-23T14:02:07+0530] [ALPM] upgraded python-pyopenssl (25.3.0-2 -> 26.0.0-1)
[2026-03-23T14:02:07+0530] [ALPM] upgraded python-charset-normalizer (3.4.4-2 -> 3.4.6-1)
[2026-03-23T14:02:07+0530] [ALPM] upgraded python-attrs (25.4.0-3 -> 26.1.0-1)
[2026-03-23T14:02:07+0530] [ALPM] upgraded python-proton-vpn-api-core (4.15.2-1 -> 4.16.0-1)
[2026-03-23T14:02:07+0530] [ALPM] upgraded proton-vpn-daemon (0.13.5-2 -> 0.13.6-1)
[2026-03-23T14:02:08+0530] [ALPM] upgraded python-secretstorage (3.4.0-1 -> 3.4.1-1)
[2026-03-23T14:02:08+0530] [ALPM] upgraded proton-vpn-gtk-app (4.14.2-1 -> 4.15.0-1)
[2026-03-23T14:02:08+0530] [ALPM] installed kitemmodels (6.24.0-2)
[2026-03-23T14:02:08+0530] [ALPM] upgraded purpose (6.23.0-1 -> 6.24.0-1)
[2026-03-23T14:02:08+0530] [ALPM] upgraded python-docutils (1:0.22.3-2 -> 1:0.22.4-1)
[2026-03-23T14:02:08+0530] [ALPM] upgraded python-setuptools (1:82.0.0-1 -> 1:82.0.1-1)
[2026-03-23T14:02:08+0530] [ALPM] upgraded qemu-common (10.2.0-3 -> 10.2.2-1)
[2026-03-23T14:02:08+0530] [ALPM] upgraded qemu-audio-alsa (10.2.0-3 -> 10.2.2-1)
[2026-03-23T14:02:08+0530] [ALPM] upgraded qemu-audio-dbus (10.2.0-3 -> 10.2.2-1)
[2026-03-23T14:02:08+0530] [ALPM] upgraded qemu-audio-jack (10.2.0-3 -> 10.2.2-1)
[2026-03-23T14:02:08+0530] [ALPM] upgraded qemu-audio-oss (10.2.0-3 -> 10.2.2-1)
[2026-03-23T14:02:08+0530] [ALPM] upgraded qemu-audio-pa (10.2.0-3 -> 10.2.2-1)
[2026-03-23T14:02:08+0530] [ALPM] upgraded qemu-audio-pipewire (10.2.0-3 -> 10.2.2-1)
[2026-03-23T14:02:08+0530] [ALPM] upgraded qemu-audio-sdl (10.2.0-3 -> 10.2.2-1)
[2026-03-23T14:02:08+0530] [ALPM] upgraded qemu-ui-opengl (10.2.0-3 -> 10.2.2-1)
[2026-03-23T14:02:08+0530] [ALPM] upgraded qemu-ui-spice-core (10.2.0-3 -> 10.2.2-1)
[2026-03-23T14:02:08+0530] [ALPM] upgraded qemu-audio-spice (10.2.0-3 -> 10.2.2-1)
[2026-03-23T14:02:08+0530] [ALPM] upgraded qemu-img (10.2.0-3 -> 10.2.2-1)
[2026-03-23T14:02:08+0530] [ALPM] upgraded qemu-system-x86-firmware (10.2.0-3 -> 10.2.2-1)
[2026-03-23T14:02:08+0530] [ALPM] upgraded wolfssl (5.8.4-1 -> 5.9.0-1)
[2026-03-23T14:02:08+0530] [ALPM] upgraded qemu-system-x86 (10.2.0-3 -> 10.2.2-1)
[2026-03-23T14:02:08+0530] [ALPM] upgraded qemu-base (10.2.0-3 -> 10.2.2-1)
[2026-03-23T14:02:08+0530] [ALPM] upgraded qemu-block-curl (10.2.0-3 -> 10.2.2-1)
[2026-03-23T14:02:08+0530] [ALPM] upgraded qemu-block-dmg (10.2.0-3 -> 10.2.2-1)
[2026-03-23T14:02:08+0530] [ALPM] upgraded qemu-block-gluster (10.2.0-3 -> 10.2.2-1)
[2026-03-23T14:02:08+0530] [ALPM] upgraded qemu-block-iscsi (10.2.0-3 -> 10.2.2-1)
[2026-03-23T14:02:08+0530] [ALPM] upgraded qemu-block-nfs (10.2.0-3 -> 10.2.2-1)
[2026-03-23T14:02:08+0530] [ALPM] upgraded qemu-block-ssh (10.2.0-3 -> 10.2.2-1)
[2026-03-23T14:02:08+0530] [ALPM] upgraded qemu-chardev-baum (10.2.0-3 -> 10.2.2-1)
[2026-03-23T14:02:08+0530] [ALPM] upgraded qemu-chardev-spice (10.2.0-3 -> 10.2.2-1)
[2026-03-23T14:02:08+0530] [ALPM] upgraded qemu-hw-display-qxl (10.2.0-3 -> 10.2.2-1)
[2026-03-23T14:02:08+0530] [ALPM] upgraded qemu-hw-display-virtio-gpu (10.2.0-3 -> 10.2.2-1)
[2026-03-23T14:02:08+0530] [ALPM] upgraded qemu-hw-display-virtio-gpu-gl (10.2.0-3 -> 10.2.2-1)
[2026-03-23T14:02:08+0530] [ALPM] upgraded qemu-hw-display-virtio-gpu-rutabaga (10.2.0-3 -> 10.2.2-1)
[2026-03-23T14:02:08+0530] [ALPM] upgraded qemu-hw-display-virtio-gpu-pci (10.2.0-3 -> 10.2.2-1)
[2026-03-23T14:02:08+0530] [ALPM] upgraded qemu-hw-display-virtio-gpu-pci-gl (10.2.0-3 -> 10.2.2-1)
[2026-03-23T14:02:08+0530] [ALPM] upgraded qemu-hw-display-virtio-gpu-pci-rutabaga (10.2.0-3 -> 10.2.2-1)
[2026-03-23T14:02:08+0530] [ALPM] upgraded qemu-hw-display-virtio-vga (10.2.0-3 -> 10.2.2-1)
[2026-03-23T14:02:08+0530] [ALPM] upgraded qemu-hw-display-virtio-vga-gl (10.2.0-3 -> 10.2.2-1)
[2026-03-23T14:02:08+0530] [ALPM] upgraded qemu-hw-display-virtio-vga-rutabaga (10.2.0-3 -> 10.2.2-1)
[2026-03-23T14:02:08+0530] [ALPM] upgraded qemu-hw-uefi-vars (10.2.0-3 -> 10.2.2-1)
[2026-03-23T14:02:08+0530] [ALPM] upgraded qemu-hw-usb-host (10.2.0-3 -> 10.2.2-1)
[2026-03-23T14:02:08+0530] [ALPM] upgraded qemu-hw-usb-redirect (10.2.0-3 -> 10.2.2-1)
[2026-03-23T14:02:08+0530] [ALPM] upgraded qemu-hw-usb-smartcard (10.2.0-3 -> 10.2.2-1)
[2026-03-23T14:02:08+0530] [ALPM] upgraded qemu-ui-curses (10.2.0-3 -> 10.2.2-1)
[2026-03-23T14:02:08+0530] [ALPM] upgraded qemu-ui-dbus (10.2.0-3 -> 10.2.2-1)
[2026-03-23T14:02:08+0530] [ALPM] upgraded qemu-ui-egl-headless (10.2.0-3 -> 10.2.2-1)
[2026-03-23T14:02:08+0530] [ALPM] upgraded qemu-ui-gtk (10.2.0-3 -> 10.2.2-1)
[2026-03-23T14:02:08+0530] [ALPM] upgraded qemu-ui-sdl (10.2.0-3 -> 10.2.2-1)
[2026-03-23T14:02:08+0530] [ALPM] upgraded qemu-ui-spice-app (10.2.0-3 -> 10.2.2-1)
[2026-03-23T14:02:08+0530] [ALPM] upgraded qemu-vhost-user-gpu (10.2.0-3 -> 10.2.2-1)
[2026-03-23T14:02:08+0530] [ALPM] upgraded qemu-desktop (10.2.0-3 -> 10.2.2-1)
[2026-03-23T14:02:08+0530] [ALPM] upgraded qemu-docs (10.2.0-3 -> 10.2.2-1)
[2026-03-23T14:02:08+0530] [ALPM] upgraded qemu-system-aarch64 (10.2.0-3 -> 10.2.2-1)
[2026-03-23T14:02:08+0530] [ALPM] upgraded qemu-system-alpha-firmware (10.2.0-3 -> 10.2.2-1)
[2026-03-23T14:02:08+0530] [ALPM] upgraded qemu-system-alpha (10.2.0-3 -> 10.2.2-1)
[2026-03-23T14:02:08+0530] [ALPM] upgraded qemu-system-arm-firmware (10.2.0-3 -> 10.2.2-1)
[2026-03-23T14:02:08+0530] [ALPM] upgraded qemu-system-arm (10.2.0-3 -> 10.2.2-1)
[2026-03-23T14:02:08+0530] [ALPM] upgraded qemu-system-avr (10.2.0-3 -> 10.2.2-1)
[2026-03-23T14:02:08+0530] [ALPM] upgraded qemu-system-hppa-firmware (10.2.0-3 -> 10.2.2-1)
[2026-03-23T14:02:08+0530] [ALPM] upgraded qemu-system-hppa (10.2.0-3 -> 10.2.2-1)
[2026-03-23T14:02:08+0530] [ALPM] upgraded qemu-system-loongarch64 (10.2.0-3 -> 10.2.2-1)
[2026-03-23T14:02:08+0530] [ALPM] upgraded qemu-system-m68k (10.2.0-3 -> 10.2.2-1)
[2026-03-23T14:02:08+0530] [ALPM] upgraded qemu-system-microblaze-firmware (10.2.0-3 -> 10.2.2-1)
[2026-03-23T14:02:08+0530] [ALPM] upgraded qemu-system-microblaze (10.2.0-3 -> 10.2.2-1)
[2026-03-23T14:02:09+0530] [ALPM] upgraded qemu-system-mips (10.2.0-3 -> 10.2.2-1)
[2026-03-23T14:02:09+0530] [ALPM] upgraded qemu-system-or1k (10.2.0-3 -> 10.2.2-1)
[2026-03-23T14:02:09+0530] [ALPM] upgraded qemu-system-ppc-firmware (10.2.0-3 -> 10.2.2-1)
[2026-03-23T14:02:09+0530] [ALPM] upgraded qemu-system-ppc (10.2.0-3 -> 10.2.2-1)
[2026-03-23T14:02:09+0530] [ALPM] upgraded qemu-system-riscv-firmware (10.2.0-3 -> 10.2.2-1)
[2026-03-23T14:02:09+0530] [ALPM] upgraded qemu-system-riscv (10.2.0-3 -> 10.2.2-1)
[2026-03-23T14:02:09+0530] [ALPM] upgraded qemu-system-rx (10.2.0-3 -> 10.2.2-1)
[2026-03-23T14:02:09+0530] [ALPM] upgraded qemu-system-s390x-firmware (10.2.0-3 -> 10.2.2-1)
[2026-03-23T14:02:09+0530] [ALPM] upgraded qemu-system-s390x (10.2.0-3 -> 10.2.2-1)
[2026-03-23T14:02:09+0530] [ALPM] upgraded qemu-system-sh4 (10.2.0-3 -> 10.2.2-1)
[2026-03-23T14:02:09+0530] [ALPM] upgraded qemu-system-sparc-firmware (10.2.0-3 -> 10.2.2-1)
[2026-03-23T14:02:09+0530] [ALPM] upgraded qemu-system-sparc (10.2.0-3 -> 10.2.2-1)
[2026-03-23T14:02:09+0530] [ALPM] upgraded qemu-system-tricore (10.2.0-3 -> 10.2.2-1)
[2026-03-23T14:02:09+0530] [ALPM] upgraded qemu-system-xtensa (10.2.0-3 -> 10.2.2-1)
[2026-03-23T14:02:09+0530] [ALPM] upgraded qemu-user (10.2.0-3 -> 10.2.2-1)
[2026-03-23T14:02:09+0530] [ALPM] upgraded qemu-emulators-full (10.2.0-3 -> 10.2.2-1)
[2026-03-23T14:02:09+0530] [ALPM] upgraded qemu-hw-s390x-virtio-gpu-ccw (10.2.0-3 -> 10.2.2-1)
[2026-03-23T14:02:09+0530] [ALPM] upgraded qemu-pr-helper (10.2.0-3 -> 10.2.2-1)
[2026-03-23T14:02:09+0530] [ALPM] upgraded qemu-tests (10.2.0-3 -> 10.2.2-1)
[2026-03-23T14:02:09+0530] [ALPM] upgraded qemu-tools (10.2.0-3 -> 10.2.2-1)
[2026-03-23T14:02:09+0530] [ALPM] upgraded qemu-vmsr-helper (10.2.0-3 -> 10.2.2-1)
[2026-03-23T14:02:09+0530] [ALPM] upgraded qemu-full (10.2.0-3 -> 10.2.2-1)
[2026-03-23T14:02:09+0530] [ALPM] upgraded qqc2-desktop-style (6.23.0-2 -> 6.24.0-1)
[2026-03-23T14:02:09+0530] [ALPM] upgraded qt5-tools (5.15.18+kde+r3-1 -> 5.15.18+kde+r3-2)
[2026-03-23T14:02:09+0530] [ALPM] upgraded systemd-sysvcompat (259.3-1 -> 260-1)
[2026-03-23T14:02:09+0530] [ALPM] upgraded tree-sitter-lua (0.4.0-1 -> 0.5.0-1)
[2026-03-23T14:02:09+0530] [ALPM] upgraded tree-sitter-vim (0.7.0-1 -> 0.8.1-1)
[2026-03-23T14:02:10+0530] [ALPM] upgraded vim-runtime (9.2.0081-1 -> 9.2.0204-1)
[2026-03-23T14:02:10+0530] [ALPM] upgraded vim (9.2.0081-1 -> 9.2.0204-1)
[2026-03-23T14:02:10+0530] [ALPM] upgraded webkit2gtk-4.1 (2.50.5-1 -> 2.50.6-1)
[2026-03-23T14:02:10+0530] [ALPM] upgraded zenity (4.2.1-1 -> 4.2.2-1)
[2026-03-23T14:02:10+0530] [ALPM] transaction completed
[2026-03-23T14:02:12+0530] [ALPM] running '20-systemd-sysusers.hook'...
[2026-03-23T14:02:13+0530] [ALPM] running '21-systemd-tmpfiles.hook'...
[2026-03-23T14:02:13+0530] [ALPM] running '25-systemd-catalog.hook'...
[2026-03-23T14:02:13+0530] [ALPM] running '25-systemd-hwdb.hook'...
[2026-03-23T14:02:13+0530] [ALPM] running '25-systemd-sysctl.hook'...
[2026-03-23T14:02:14+0530] [ALPM] running '30-systemd-daemon-reload-system.hook'...
[2026-03-23T14:02:14+0530] [ALPM] running '30-systemd-daemon-reload-user.hook'...
[2026-03-23T14:02:14+0530] [ALPM] running '30-update-mime-database.hook'...
[2026-03-23T14:02:15+0530] [ALPM] running '35-systemd-enqueue-marked.hook'...
[2026-03-23T14:02:15+0530] [ALPM] running '35-systemd-udev-reload.hook'...
[2026-03-23T14:02:16+0530] [ALPM] running '35-systemd-update.hook'...
[2026-03-23T14:02:16+0530] [ALPM] running '40-update-ca-trust.hook'...
[2026-03-23T14:02:17+0530] [ALPM] running '60-depmod.hook'...
[2026-03-23T14:02:18+0530] [ALPM] running '70-dkms-install.hook'...
[2026-03-23T14:02:18+0530] [ALPM-SCRIPTLET] ==> dkms install --no-depmod nvidia/590.48.01 -k 6.19.9-arch1-1
[2026-03-23T14:03:36+0530] [ALPM-SCRIPTLET] ==> dkms install --no-depmod rtw89/r1673.84a2572 -k 6.19.9-arch1-1
[2026-03-23T14:03:36+0530] [ALPM-SCRIPTLET] Deprecated feature: CLEAN (/usr/src/rtw89-r1673.84a2572/dkms.conf)
[2026-03-23T14:03:57+0530] [ALPM-SCRIPTLET] ==> depmod 6.19.9-arch1-1
[2026-03-23T14:03:59+0530] [ALPM-SCRIPTLET] ==> ERROR: Missing 6.18.19-1-lts kernel modules tree for module nvidia/590.48.01.
[2026-03-23T14:03:59+0530] [ALPM-SCRIPTLET] ==> ERROR: Missing 6.18.19-1-lts kernel modules tree for module rtw89/r1673.84a2572.
[2026-03-23T14:04:00+0530] [ALPM] running '90-mkinitcpio-install.hook'...
[2026-03-23T14:04:01+0530] [ALPM-SCRIPTLET] ==> Building image from preset: /etc/mkinitcpio.d/linux.preset: 'default'
[2026-03-23T14:04:01+0530] [ALPM-SCRIPTLET] ==> Using default configuration file: '/etc/mkinitcpio.conf'
[2026-03-23T14:04:01+0530] [ALPM-SCRIPTLET]   -> -k /boot/vmlinuz-linux -g /boot/initramfs-linux.img
[2026-03-23T14:04:01+0530] [ALPM-SCRIPTLET] ==> Starting build: '6.19.9-arch1-1'
[2026-03-23T14:04:01+0530] [ALPM-SCRIPTLET]   -> Running build hook: [base]
[2026-03-23T14:04:01+0530] [ALPM-SCRIPTLET]   -> Running build hook: [udev]
[2026-03-23T14:04:01+0530] [ALPM-SCRIPTLET]   -> Running build hook: [autodetect]
[2026-03-23T14:04:01+0530] [ALPM-SCRIPTLET]   -> Running build hook: [microcode]
[2026-03-23T14:04:01+0530] [ALPM-SCRIPTLET]   -> Running build hook: [modconf]
[2026-03-23T14:04:01+0530] [ALPM-SCRIPTLET]   -> Running build hook: [kms]
[2026-03-23T14:04:07+0530] [ALPM-SCRIPTLET]   -> Running build hook: [keyboard]
[2026-03-23T14:04:07+0530] [ALPM-SCRIPTLET]   -> Running build hook: [keymap]
[2026-03-23T14:04:08+0530] [ALPM-SCRIPTLET]   -> Running build hook: [consolefont]
[2026-03-23T14:04:08+0530] [ALPM-SCRIPTLET]   -> Running build hook: [block]
[2026-03-23T14:04:08+0530] [ALPM-SCRIPTLET]   -> Running build hook: [filesystems]
[2026-03-23T14:04:08+0530] [ALPM-SCRIPTLET]   -> Running build hook: [fsck]
[2026-03-23T14:04:09+0530] [ALPM-SCRIPTLET] ==> Generating module dependencies
[2026-03-23T14:04:09+0530] [ALPM-SCRIPTLET] ==> Creating zstd-compressed initcpio image: '/boot/initramfs-linux.img'
[2026-03-23T14:04:09+0530] [ALPM-SCRIPTLET]   -> Early uncompressed CPIO image generation successful
[2026-03-23T14:04:09+0530] [ALPM-SCRIPTLET] ==> Initcpio image generation successful
[2026-03-23T14:04:09+0530] [ALPM] running 'accounts-daemon-restart.hook'...
[2026-03-23T14:04:10+0530] [ALPM] running 'dbus-reload.hook'...
[2026-03-23T14:04:10+0530] [ALPM] running 'detect-old-perl-modules.hook'...
[2026-03-23T14:04:10+0530] [ALPM] running 'gio-querymodules.hook'...
[2026-03-23T14:04:10+0530] [ALPM] running 'glib-compile-schemas.hook'...
[2026-03-23T14:04:10+0530] [ALPM] running 'gtk-update-icon-cache.hook'...
[2026-03-23T14:04:11+0530] [ALPM] running 'gvfsd.hook'...
[2026-03-23T14:04:11+0530] [ALPM] running 'texinfo-install.hook'...
[2026-03-23T14:04:11+0530] [ALPM] running 'update-desktop-database.hook'...
[2026-03-23T14:05:05+0530] [PACMAN] Running 'pacman -S hugo'
[2026-03-23T14:05:08+0530] [ALPM] transaction started
[2026-03-23T14:05:08+0530] [ALPM] installed hugo (0.158.0-1)
[2026-03-23T14:05:08+0530] [ALPM] transaction completed
[2026-03-23T14:05:08+0530] [ALPM] running '35-systemd-update.hook'...
[2026-03-23T14:25:50+0530] [PACMAN] Running 'pacman -S --config /etc/pacman.conf -- extra/xorg-xdpyinfo extra/bc'
[2026-03-23T14:25:52+0530] [ALPM] transaction started
[2026-03-23T14:25:52+0530] [ALPM] installed xorg-xdpyinfo (1.4.0-1)
[2026-03-23T14:25:52+0530] [ALPM] installed bc (1.08.2-1)
[2026-03-23T14:25:52+0530] [ALPM] transaction completed
[2026-03-23T14:25:52+0530] [ALPM] running '35-systemd-update.hook'...
[2026-03-23T14:25:52+0530] [ALPM] running 'texinfo-install.hook'...
[2026-03-23T14:25:52+0530] [PACMAN] Running 'pacman -D -q --asdeps --config /etc/pacman.conf -- xorg-xdpyinfo bc'
[2026-03-23T14:26:08+0530] [PACMAN] Running 'pacman -U --config /etc/pacman.conf -- /home/soi/.cache/yay/i3lock-color/i3lock-color-2.13.c.5-3-x86_64.pkg.tar.zst /home/soi/.cache/yay/i3lock-color/i3lock-color-debug-2.13.c.5-3-x86_64.pkg.tar.zst'
[2026-03-23T14:26:13+0530] [PACMAN] Running 'pacman -S --config /etc/pacman.conf -- extra/bc extra/xorg-xdpyinfo'
[2026-03-23T14:26:14+0530] [ALPM] transaction started
[2026-03-23T14:26:14+0530] [ALPM] reinstalled bc (1.08.2-1)
[2026-03-23T14:26:14+0530] [ALPM] reinstalled xorg-xdpyinfo (1.4.0-1)
[2026-03-23T14:26:14+0530] [ALPM] transaction completed
[2026-03-23T14:26:14+0530] [ALPM] running '35-systemd-update.hook'...
[2026-03-23T14:26:15+0530] [ALPM] running 'texinfo-install.hook'...
[2026-03-23T14:26:15+0530] [PACMAN] Running 'pacman -D -q --asdeps --config /etc/pacman.conf -- xorg-xdpyinfo bc'
[2026-03-23T14:26:18+0530] [PACMAN] Running 'pacman -U --config /etc/pacman.conf -- /home/soi/.cache/yay/i3lock-color/i3lock-color-2.13.c.5-3-x86_64.pkg.tar.zst /home/soi/.cache/yay/i3lock-color/i3lock-color-debug-2.13.c.5-3-x86_64.pkg.tar.zst'
[2026-03-23T14:26:35+0530] [PACMAN] Running 'pacman -U --config /etc/pacman.conf -- /home/soi/.cache/yay/i3lock-color/i3lock-color-2.13.c.5-3-x86_64.pkg.tar.zst /home/soi/.cache/yay/i3lock-color/i3lock-color-debug-2.13.c.5-3-x86_64.pkg.tar.zst'
[2026-03-23T14:26:39+0530] [ALPM] transaction started
[2026-03-23T14:26:39+0530] [ALPM] removed i3lock (2.16-1)
[2026-03-23T14:26:39+0530] [ALPM] installed i3lock-color (2.13.c.5-3)
[2026-03-23T14:26:39+0530] [ALPM] installed i3lock-color-debug (2.13.c.5-3)
[2026-03-23T14:26:39+0530] [ALPM] transaction completed
[2026-03-23T14:26:39+0530] [ALPM] running '35-systemd-update.hook'...
[2026-03-23T14:26:39+0530] [PACMAN] Running 'pacman -D --asdeps -q --config /etc/pacman.conf -- i3lock-color i3lock-color-debug'
[2026-03-23T14:26:42+0530] [PACMAN] Running 'pacman -U --config /etc/pacman.conf -- /home/soi/.cache/yay/betterlockscreen/betterlockscreen-4.4.0-1-any.pkg.tar.zst'
[2026-03-23T14:26:44+0530] [ALPM] transaction started
[2026-03-23T14:26:44+0530] [ALPM] installed betterlockscreen (4.4.0-1)
[2026-03-23T14:26:44+0530] [ALPM] transaction completed
[2026-03-23T14:26:44+0530] [ALPM] running '30-systemd-daemon-reload-system.hook'...
[2026-03-23T14:26:44+0530] [ALPM] running '35-systemd-update.hook'...
[2026-03-23T14:26:44+0530] [PACMAN] Running 'pacman -D -q --asexplicit --config /etc/pacman.conf -- betterlockscreen'
[2026-03-26T20:27:44+0530] [PACMAN] Running 'pacman -S pavucontrol'
[2026-03-26T20:27:49+0530] [ALPM] transaction started
[2026-03-26T20:27:49+0530] [ALPM] installed pavucontrol (1:6.2-1)
[2026-03-26T20:27:49+0530] [ALPM] transaction completed
[2026-03-26T20:27:49+0530] [ALPM] running '35-systemd-update.hook'...
[2026-03-26T20:27:49+0530] [ALPM] running 'gtk-update-icon-cache.hook'...
[2026-03-26T20:27:49+0530] [ALPM] running 'update-desktop-database.hook'...
[2026-03-27T11:37:20+0530] [PACMAN] Running 'pacman -Syu'
[2026-03-27T11:37:20+0530] [PACMAN] synchronizing package lists
[2026-03-27T11:37:21+0530] [PACMAN] starting full system upgrade
[2026-03-27T11:39:09+0530] [ALPM] running '71-dkms-remove.hook'...
[2026-03-27T11:39:10+0530] [ALPM-SCRIPTLET] ==> dkms remove --no-depmod nvidia/590.48.01 -k 6.19.9-arch1-1
[2026-03-27T11:39:11+0530] [ALPM-SCRIPTLET] ==> depmod 6.19.9-arch1-1
[2026-03-27T11:39:13+0530] [ALPM] transaction started
[2026-03-27T11:39:13+0530] [ALPM] upgraded apache (2.4.66-1 -> 2.4.66-2)
[2026-03-27T11:39:14+0530] [ALPM] upgraded systemd-libs (260-1 -> 260.1-1)
[2026-03-27T11:39:14+0530] [ALPM] upgraded leancrypto (1.6.0-1 -> 1.7.0-1)
[2026-03-27T11:39:14+0530] [ALPM] upgraded systemd (260-1 -> 260.1-1)
[2026-03-27T11:39:15+0530] [ALPM] upgraded archlinux-keyring (20260301-1 -> 20260323-1)
[2026-03-27T11:39:15+0530] [ALPM-SCRIPTLET] ==> Appending keys from archlinux.gpg...
[2026-03-27T11:39:17+0530] [ALPM-SCRIPTLET] ==> Disabling revoked keys in keyring...
[2026-03-27T11:39:17+0530] [ALPM-SCRIPTLET]   -> Disabled 2 keys.
[2026-03-27T11:39:17+0530] [ALPM-SCRIPTLET] ==> Updating trust database...
[2026-03-27T11:39:17+0530] [ALPM-SCRIPTLET] gpg: Note: third-party key signatures using the SHA1 algorithm are rejected
[2026-03-27T11:39:17+0530] [ALPM-SCRIPTLET] gpg: (use option "--allow-weak-key-signatures" to override)
[2026-03-27T11:39:17+0530] [ALPM-SCRIPTLET] gpg: marginals needed: 3  completes needed: 1  trust model: pgp
[2026-03-27T11:39:17+0530] [ALPM-SCRIPTLET] gpg: depth: 0  valid:   1  signed:   5  trust: 0-, 0q, 0n, 0m, 0f, 1u
[2026-03-27T11:39:17+0530] [ALPM-SCRIPTLET] gpg: depth: 1  valid:   5  signed:  85  trust: 0-, 0q, 0n, 5m, 0f, 0u
[2026-03-27T11:39:17+0530] [ALPM-SCRIPTLET] gpg: depth: 2  valid:  72  signed:  18  trust: 72-, 0q, 0n, 0m, 0f, 0u
[2026-03-27T11:39:17+0530] [ALPM-SCRIPTLET] gpg: next trustdb check due at 2026-10-21
[2026-03-27T11:39:17+0530] [ALPM] upgraded libpng (1.6.55-1 -> 1.6.56-1)
[2026-03-27T11:39:17+0530] [ALPM] upgraded freetype2 (2.14.2-1 -> 2.14.3-1)
[2026-03-27T11:39:17+0530] [ALPM] installed lua54 (5.4.8-6)
[2026-03-27T11:39:17+0530] [ALPM] upgraded libinput (1.30.1-1 -> 1.31.0-1)
[2026-03-27T11:39:17+0530] [ALPM] upgraded qt6-translations (6.10.2-1 -> 6.11.0-1)
[2026-03-27T11:39:19+0530] [ALPM] upgraded nvidia-utils (590.48.01-4 -> 595.58.03-1)
[2026-03-27T11:39:19+0530] [ALPM-SCRIPTLET] Disabling nvidia-resume (no longer needed with open kernel modules)...
[2026-03-27T11:39:19+0530] [ALPM-SCRIPTLET] Removed '/etc/systemd/system/systemd-hibernate.service.wants/nvidia-resume.service'.
[2026-03-27T11:39:19+0530] [ALPM-SCRIPTLET] Removed '/etc/systemd/system/systemd-suspend-then-hibernate.service.wants/nvidia-resume.service'.
[2026-03-27T11:39:19+0530] [ALPM-SCRIPTLET] Removed '/etc/systemd/system/systemd-suspend.service.wants/nvidia-resume.service'.
[2026-03-27T11:39:19+0530] [ALPM-SCRIPTLET] Disabling nvidia-hibernate (no longer needed with open kernel modules)...
[2026-03-27T11:39:19+0530] [ALPM-SCRIPTLET] Removed '/etc/systemd/system/systemd-hibernate.service.wants/nvidia-hibernate.service'.
[2026-03-27T11:39:20+0530] [ALPM-SCRIPTLET] Disabling nvidia-suspend (no longer needed with open kernel modules)...
[2026-03-27T11:39:20+0530] [ALPM-SCRIPTLET] Removed '/etc/systemd/system/systemd-suspend.service.wants/nvidia-suspend.service'.
[2026-03-27T11:39:20+0530] [ALPM-SCRIPTLET] Disabling nvidia-suspend-then-hibernate (no longer needed with open kernel modules)...
[2026-03-27T11:39:20+0530] [ALPM-SCRIPTLET] Removed '/etc/systemd/system/systemd-suspend-then-hibernate.service.wants/nvidia-suspend-then-hibernate.service'.
[2026-03-27T11:39:21+0530] [ALPM] upgraded qt6-base (6.10.2-1 -> 6.11.0-1)
[2026-03-27T11:39:21+0530] [ALPM] upgraded attica (6.24.0-1 -> 6.24.0-2)
[2026-03-27T11:39:21+0530] [ALPM] upgraded brltty (6.9-2 -> 6.9-3)
[2026-03-27T11:39:21+0530] [ALPM-SCRIPTLET] Please add your user to the brlapi group.
[2026-03-27T11:39:21+0530] [ALPM] upgraded btop (1.4.6-1 -> 1.4.6-2)
[2026-03-27T11:39:21+0530] [ALPM] upgraded docker (1:29.3.0-1 -> 1:29.3.1-1)
[2026-03-27T11:39:21+0530] [ALPM] upgraded faac (1.31.1-1 -> 1.40-1)
[2026-03-27T11:39:21+0530] [ALPM] upgraded lua (5.4.8-2 -> 5.5.0-2)
[2026-03-27T11:39:21+0530] [ALPM] upgraded libwireplumber (0.5.13-1 -> 0.5.13-2)
[2026-03-27T11:39:21+0530] [ALPM] upgraded wireplumber (0.5.13-1 -> 0.5.13-2)
[2026-03-27T11:39:21+0530] [ALPM] upgraded libopenmpt (0.8.4-1 -> 0.8.6-1)
[2026-03-27T11:39:21+0530] [ALPM] upgraded libvpx (1.15.2-3 -> 1.16.0-2)
[2026-03-27T11:39:21+0530] [ALPM] upgraded pango (1:1.57.0-2 -> 1:1.57.1-1)
[2026-03-27T11:39:21+0530] [ALPM] upgraded ffmpeg (2:8.1-2 -> 2:8.1-3)
[2026-03-27T11:39:22+0530] [ALPM] upgraded ffmpeg4.4 (4.4.6-4 -> 4.4.6-5)
[2026-03-27T11:39:22+0530] [ALPM] upgraded freerdp (2:3.24.1-1 -> 2:3.24.2-1)
[2026-03-27T11:39:22+0530] [ALPM] upgraded frei0r-plugins (2.5.5-2 -> 2.5.6-1)
[2026-03-27T11:39:22+0530] [ALPM] upgraded github-cli (2.88.1-1 -> 2.89.0-1)
[2026-03-27T11:39:24+0530] [ALPM] upgraded grafana (12.4.1-1 -> 12.4.2-1)
[2026-03-27T11:39:24+0530] [ALPM] upgraded gstreamer (1.28.1-1 -> 1.28.1-2)
[2026-03-27T11:39:24+0530] [ALPM] upgraded gst-plugins-base-libs (1.28.1-1 -> 1.28.1-2)
[2026-03-27T11:39:24+0530] [ALPM] upgraded gst-plugins-bad-libs (1.28.1-1 -> 1.28.1-2)
[2026-03-27T11:39:24+0530] [ALPM] upgraded openexr (3.4.7-2 -> 3.4.8-1)
[2026-03-27T11:39:24+0530] [ALPM] upgraded gst-plugins-bad (1.28.1-1 -> 1.28.1-2)
[2026-03-27T11:39:24+0530] [ALPM] upgraded grilo-plugins (1:0.3.18-1 -> 1:0.3.18-2)
[2026-03-27T11:39:24+0530] [ALPM] upgraded gst-devtools-libs (1.28.1-1 -> 1.28.1-2)
[2026-03-27T11:39:24+0530] [ALPM] upgraded gst-python (1.28.1-1 -> 1.28.1-2)
[2026-03-27T11:39:24+0530] [ALPM] upgraded gst-editing-services (1.28.1-1 -> 1.28.1-2)
[2026-03-27T11:39:24+0530] [ALPM] upgraded gst-libav (1.28.1-1 -> 1.28.1-2)
[2026-03-27T11:39:24+0530] [ALPM] upgraded gtk3 (1:3.24.51-1 -> 1:3.24.52-1)
[2026-03-27T11:39:24+0530] [ALPM] upgraded gst-plugin-gtk (1.28.1-1 -> 1.28.1-2)
[2026-03-27T11:39:24+0530] [ALPM] upgraded gst-plugins-base (1.28.1-1 -> 1.28.1-2)
[2026-03-27T11:39:24+0530] [ALPM] upgraded gst-plugins-good (1.28.1-1 -> 1.28.1-2)
[2026-03-27T11:39:24+0530] [ALPM] upgraded highlight (4.19-3 -> 4.19-4)
[2026-03-27T11:39:24+0530] [ALPM] upgraded hugo (0.158.0-1 -> 0.159.1-1)
[2026-03-27T11:39:25+0530] [ALPM] upgraded js140 (140.8.0-1 -> 140.9.0-1)
[2026-03-27T11:39:25+0530] [ALPM] upgraded kcoreaddons (6.24.0-2 -> 6.24.0-3)
[2026-03-27T11:39:25+0530] [ALPM] upgraded kguiaddons (6.24.0-1 -> 6.24.0-3)
[2026-03-27T11:39:25+0530] [ALPM] upgraded qt6-declarative (6.10.2-1 -> 6.11.0-1)
[2026-03-27T11:39:25+0530] [ALPM] upgraded knotifications (6.24.0-2 -> 6.24.0-3)
[2026-03-27T11:39:25+0530] [ALPM] upgraded kwidgetsaddons (6.24.0-1 -> 6.24.0-3)
[2026-03-27T11:39:25+0530] [ALPM] upgraded kjobwidgets (6.24.0-2 -> 6.24.0-3)
[2026-03-27T11:39:25+0530] [ALPM] upgraded kservice (6.24.0-1 -> 6.24.0-2)
[2026-03-27T11:39:25+0530] [ALPM] upgraded qt6-multimedia-ffmpeg (6.10.2-1 -> 6.11.0-1)
[2026-03-27T11:39:25+0530] [ALPM] upgraded qt6-multimedia (6.10.2-1 -> 6.11.0-1)
[2026-03-27T11:39:25+0530] [ALPM] upgraded qt6-speech (6.10.2-1 -> 6.11.0-1)
[2026-03-27T11:39:25+0530] [ALPM] upgraded sonnet (6.24.0-1 -> 6.24.0-2)
[2026-03-27T11:39:25+0530] [ALPM] upgraded ktextwidgets (6.24.0-1 -> 6.24.0-2)
[2026-03-27T11:39:25+0530] [ALPM] upgraded kwindowsystem (6.24.0-1 -> 6.24.0-2)
[2026-03-27T11:39:25+0530] [ALPM] upgraded qt6-shadertools (6.10.2-1 -> 6.11.0-1)
[2026-03-27T11:39:26+0530] [ALPM] upgraded qt6-5compat (6.10.2-1 -> 6.11.0-1)
[2026-03-27T11:39:26+0530] [ALPM] upgraded kwallet (6.24.0-1 -> 6.24.0-2)
[2026-03-27T11:39:26+0530] [ALPM] upgraded qt6-svg (6.10.2-1 -> 6.11.0-1)
[2026-03-27T11:39:26+0530] [ALPM] upgraded kxmlgui (6.24.0-1 -> 6.24.0-3)
[2026-03-27T11:39:26+0530] [ALPM] upgraded libaccounts-qt (1.17-1 -> 1.17-2)
[2026-03-27T11:39:26+0530] [ALPM] upgraded libblockdev (3.4.0-2 -> 3.4.0-3)
[2026-03-27T11:39:26+0530] [ALPM] upgraded libblockdev-crypto (3.4.0-2 -> 3.4.0-3)
[2026-03-27T11:39:26+0530] [ALPM] upgraded libblockdev-fs (3.4.0-2 -> 3.4.0-3)
[2026-03-27T11:39:26+0530] [ALPM] upgraded libblockdev-loop (3.4.0-2 -> 3.4.0-3)
[2026-03-27T11:39:26+0530] [ALPM] upgraded libblockdev-mdraid (3.4.0-2 -> 3.4.0-3)
[2026-03-27T11:39:26+0530] [ALPM] upgraded libblockdev-nvme (3.4.0-2 -> 3.4.0-3)
[2026-03-27T11:39:26+0530] [ALPM] upgraded libblockdev-part (3.4.0-2 -> 3.4.0-3)
[2026-03-27T11:39:26+0530] [ALPM] upgraded libblockdev-smart (3.4.0-2 -> 3.4.0-3)
[2026-03-27T11:39:26+0530] [ALPM] upgraded libblockdev-swap (3.4.0-2 -> 3.4.0-3)
[2026-03-27T11:39:26+0530] [ALPM] upgraded libfyaml (0.9.6-1 -> 0.9.6-2)
[2026-03-27T11:39:26+0530] [ALPM] upgraded libinput-tools (1.30.1-1 -> 1.31.0-1)
[2026-03-27T11:39:26+0530] [ALPM] upgraded libluv (1.51.0-1 -> 1.52.1-1)
[2026-03-27T11:39:26+0530] [ALPM] upgraded libnbd (1.24.2-1 -> 1.24.2-2)
[2026-03-27T11:39:26+0530] [ALPM] upgraded libphonenumber (1:9.0.26-1 -> 1:9.0.27-1)
[2026-03-27T11:39:26+0530] [ALPM] upgraded libvlc (3.0.21-32 -> 3.0.22-1)
[2026-03-27T11:39:26+0530] [ALPM] upgraded libxnvctrl (590.48.01-1 -> 595.58.03-1)
[2026-03-27T11:39:28+0530] [ALPM] upgraded linux-lts-headers (6.18.19-1 -> 6.18.20-1)
[2026-03-27T11:39:28+0530] [ALPM] upgraded lua51-lpeg (1.1.0-4 -> 1.1.0-5)
[2026-03-27T11:39:29+0530] [ALPM] upgraded nvidia-open-dkms (590.48.01-4 -> 595.58.03-1)
[2026-03-27T11:39:29+0530] [ALPM] upgraded nvidia-settings (590.48.01-1 -> 595.58.03-1)
[2026-03-27T11:39:29+0530] [ALPM] upgraded solid (6.24.0-1 -> 6.24.0-2)
[2026-03-27T11:39:29+0530] [ALPM] upgraded qt6-positioning (6.10.2-1 -> 6.11.0-1)
[2026-03-27T11:39:29+0530] [ALPM] upgraded qt6-webchannel (6.10.2-1 -> 6.11.0-1)
[2026-03-27T11:39:29+0530] [ALPM] upgraded qt6-webengine (6.10.2-1 -> 6.11.0-2)
[2026-03-27T11:39:29+0530] [ALPM] upgraded purpose (6.24.0-1 -> 6.24.0-2)
[2026-03-27T11:39:29+0530] [ALPM] upgraded python-brltty (6.9-2 -> 6.9-3)
[2026-03-27T11:39:30+0530] [ALPM] upgraded python-sentry_sdk (2.55.0-1 -> 2.56.0-1)
[2026-03-27T11:39:30+0530] [ALPM] upgraded qqc2-desktop-style (6.24.0-1 -> 6.24.0-2)
[2026-03-27T11:39:30+0530] [ALPM] upgraded qt6-networkauth (6.10.2-1 -> 6.11.0-1)
[2026-03-27T11:39:30+0530] [ALPM] upgraded systemd-sysvcompat (260-1 -> 260.1-1)
[2026-03-27T11:39:30+0530] [ALPM] upgraded tree-sitter-vim (0.8.1-1 -> 0.8.1-2)
[2026-03-27T11:39:30+0530] [ALPM] upgraded vim-runtime (9.2.0204-1 -> 9.2.0204-2)
[2026-03-27T11:39:30+0530] [ALPM] upgraded vim (9.2.0204-1 -> 9.2.0204-2)
[2026-03-27T11:39:30+0530] [ALPM] upgraded vlc-plugin-alsa (3.0.21-32 -> 3.0.22-1)
[2026-03-27T11:39:30+0530] [ALPM] upgraded vlc-plugin-a52dec (3.0.21-32 -> 3.0.22-1)
[2026-03-27T11:39:30+0530] [ALPM] upgraded vlc-plugin-archive (3.0.21-32 -> 3.0.22-1)
[2026-03-27T11:39:30+0530] [ALPM] upgraded vlc-plugin-dav1d (3.0.21-32 -> 3.0.22-1)
[2026-03-27T11:39:30+0530] [ALPM] upgraded vlc-plugin-dbus (3.0.21-32 -> 3.0.22-1)
[2026-03-27T11:39:30+0530] [ALPM] upgraded vlc-plugin-dbus-screensaver (3.0.21-32 -> 3.0.22-1)
[2026-03-27T11:39:30+0530] [ALPM] upgraded vlc-plugin-faad2 (3.0.21-32 -> 3.0.22-1)
[2026-03-27T11:39:30+0530] [ALPM] upgraded vlc-plugin-flac (3.0.21-32 -> 3.0.22-1)
[2026-03-27T11:39:30+0530] [ALPM] upgraded vlc-plugin-gnutls (3.0.21-32 -> 3.0.22-1)
[2026-03-27T11:39:30+0530] [ALPM] upgraded vlc-plugin-inflate (3.0.21-32 -> 3.0.22-1)
[2026-03-27T11:39:30+0530] [ALPM] upgraded vlc-plugin-jpeg (3.0.21-32 -> 3.0.22-1)
[2026-03-27T11:39:30+0530] [ALPM] upgraded vlc-plugin-journal (3.0.21-32 -> 3.0.22-1)
[2026-03-27T11:39:30+0530] [ALPM] upgraded vlc-plugin-mpg123 (3.0.21-32 -> 3.0.22-1)
[2026-03-27T11:39:30+0530] [ALPM] upgraded vlc-plugin-ogg (3.0.21-32 -> 3.0.22-1)
[2026-03-27T11:39:30+0530] [ALPM] upgraded vlc-plugin-opus (3.0.21-32 -> 3.0.22-1)
[2026-03-27T11:39:30+0530] [ALPM] upgraded vlc-plugin-png (3.0.21-32 -> 3.0.22-1)
[2026-03-27T11:39:30+0530] [ALPM] upgraded vlc-plugin-shout (3.0.21-32 -> 3.0.22-1)
[2026-03-27T11:39:30+0530] [ALPM] upgraded vlc-plugin-speex (3.0.21-32 -> 3.0.22-1)
[2026-03-27T11:39:30+0530] [ALPM] upgraded vlc-plugin-tag (3.0.21-32 -> 3.0.22-1)
[2026-03-27T11:39:30+0530] [ALPM] upgraded vlc-plugin-theora (3.0.21-32 -> 3.0.22-1)
[2026-03-27T11:39:30+0530] [ALPM] upgraded vlc-plugin-twolame (3.0.21-32 -> 3.0.22-1)
[2026-03-27T11:39:30+0530] [ALPM] upgraded vlc-plugin-vorbis (3.0.21-32 -> 3.0.22-1)
[2026-03-27T11:39:30+0530] [ALPM] upgraded vlc-plugin-vpx (3.0.21-32 -> 3.0.22-1)
[2026-03-27T11:39:30+0530] [ALPM] upgraded vlc-plugin-xml (3.0.21-32 -> 3.0.22-1)
[2026-03-27T11:39:30+0530] [ALPM] upgraded vlc-plugins-base (3.0.21-32 -> 3.0.22-1)
[2026-03-27T11:39:30+0530] [ALPM] upgraded vlc-cli (3.0.21-32 -> 3.0.22-1)
[2026-03-27T11:39:30+0530] [ALPM] upgraded vlc-plugin-lua (3.0.21-32 -> 3.0.22-1)
[2026-03-27T11:39:30+0530] [ALPM] upgraded vlc-plugin-pulse (3.0.21-32 -> 3.0.22-1)
[2026-03-27T11:39:30+0530] [ALPM] upgraded vlc-plugins-video-output (3.0.21-32 -> 3.0.22-1)
[2026-03-27T11:39:30+0530] [ALPM] upgraded vlc-gui-qt (3.0.21-32 -> 3.0.22-1)
[2026-03-27T11:39:30+0530] [ALPM] upgraded vlc (3.0.21-32 -> 3.0.22-1)
[2026-03-27T11:39:30+0530] [ALPM] upgraded vlc-plugin-ffmpeg (3.0.21-32 -> 3.0.22-1)
[2026-03-27T11:39:30+0530] [ALPM] upgraded xfsprogs (6.18.0-1 -> 6.19.0-1)
[2026-03-27T11:39:30+0530] [ALPM] transaction completed
[2026-03-27T11:39:31+0530] [ALPM] running '20-systemd-sysusers.hook'...
[2026-03-27T11:39:31+0530] [ALPM] running '21-systemd-tmpfiles.hook'...
[2026-03-27T11:39:32+0530] [ALPM] running '25-systemd-catalog.hook'...
[2026-03-27T11:39:32+0530] [ALPM] running '25-systemd-hwdb.hook'...
[2026-03-27T11:39:32+0530] [ALPM] running '25-systemd-sysctl.hook'...
[2026-03-27T11:39:32+0530] [ALPM] running '30-systemd-daemon-reload-system.hook'...
[2026-03-27T11:39:33+0530] [ALPM] running '30-systemd-daemon-reload-user.hook'...
[2026-03-27T11:39:33+0530] [ALPM] running '30-update-mime-database.hook'...
[2026-03-27T11:39:33+0530] [ALPM] running '35-systemd-enqueue-marked.hook'...
[2026-03-27T11:39:34+0530] [ALPM] running '35-systemd-udev-reload.hook'...
[2026-03-27T11:39:34+0530] [ALPM] running '35-systemd-update.hook'...
[2026-03-27T11:39:34+0530] [ALPM] running '60-depmod.hook'...
[2026-03-27T11:39:34+0530] [ALPM] running '70-dkms-install.hook'...
[2026-03-27T11:39:35+0530] [ALPM-SCRIPTLET] ==> dkms install --no-depmod nvidia/595.58.03 -k 6.19.9-arch1-1
[2026-03-27T11:40:51+0530] [ALPM-SCRIPTLET] ==> depmod 6.19.9-arch1-1
[2026-03-27T11:40:52+0530] [ALPM-SCRIPTLET] ==> ERROR: Missing 6.18.20-1-lts kernel modules tree for module nvidia/595.58.03.
[2026-03-27T11:40:52+0530] [ALPM-SCRIPTLET] ==> ERROR: Missing 6.18.20-1-lts kernel modules tree for module rtw89/r1673.84a2572.
[2026-03-27T11:40:54+0530] [ALPM] running '90-mkinitcpio-install.hook'...
[2026-03-27T11:40:54+0530] [ALPM-SCRIPTLET] ==> Building image from preset: /etc/mkinitcpio.d/linux.preset: 'default'
[2026-03-27T11:40:54+0530] [ALPM-SCRIPTLET] ==> Using default configuration file: '/etc/mkinitcpio.conf'
[2026-03-27T11:40:54+0530] [ALPM-SCRIPTLET]   -> -k /boot/vmlinuz-linux -g /boot/initramfs-linux.img
[2026-03-27T11:40:54+0530] [ALPM-SCRIPTLET] ==> Starting build: '6.19.9-arch1-1'
[2026-03-27T11:40:54+0530] [ALPM-SCRIPTLET]   -> Running build hook: [base]
[2026-03-27T11:40:54+0530] [ALPM-SCRIPTLET]   -> Running build hook: [udev]
[2026-03-27T11:40:54+0530] [ALPM-SCRIPTLET]   -> Running build hook: [autodetect]
[2026-03-27T11:40:55+0530] [ALPM-SCRIPTLET]   -> Running build hook: [microcode]
[2026-03-27T11:40:55+0530] [ALPM-SCRIPTLET]   -> Running build hook: [modconf]
[2026-03-27T11:40:55+0530] [ALPM-SCRIPTLET]   -> Running build hook: [kms]
[2026-03-27T11:41:00+0530] [ALPM-SCRIPTLET]   -> Running build hook: [keyboard]
[2026-03-27T11:41:01+0530] [ALPM-SCRIPTLET]   -> Running build hook: [keymap]
[2026-03-27T11:41:01+0530] [ALPM-SCRIPTLET]   -> Running build hook: [consolefont]
[2026-03-27T11:41:01+0530] [ALPM-SCRIPTLET]   -> Running build hook: [block]
[2026-03-27T11:41:01+0530] [ALPM-SCRIPTLET]   -> Running build hook: [filesystems]
[2026-03-27T11:41:02+0530] [ALPM-SCRIPTLET]   -> Running build hook: [fsck]
[2026-03-27T11:41:02+0530] [ALPM-SCRIPTLET] ==> Generating module dependencies
[2026-03-27T11:41:02+0530] [ALPM-SCRIPTLET] ==> Creating zstd-compressed initcpio image: '/boot/initramfs-linux.img'
[2026-03-27T11:41:02+0530] [ALPM-SCRIPTLET]   -> Early uncompressed CPIO image generation successful
[2026-03-27T11:41:02+0530] [ALPM-SCRIPTLET] ==> Initcpio image generation successful
[2026-03-27T11:41:03+0530] [ALPM] running 'dbus-reload.hook'...
[2026-03-27T11:41:03+0530] [ALPM] running 'glib-compile-schemas.hook'...
[2026-03-27T11:41:03+0530] [ALPM] running 'gtk-query-immodules-3.0.hook'...
[2026-03-27T11:41:03+0530] [ALPM] running 'gtk-update-icon-cache.hook'...
[2026-03-27T11:41:03+0530] [ALPM] running 'update-desktop-database.hook'...
[2026-03-27T11:41:03+0530] [ALPM] running 'update-vlc-plugin-cache.hook'...
[2026-03-27T22:26:00+0530] [PACMAN] Running 'pacman -S wireshark-qt'
[2026-03-27T22:26:15+0530] [ALPM] transaction started
[2026-03-27T22:26:15+0530] [ALPM] installed wireshark-qt (4.6.4-1)
[2026-03-27T22:26:15+0530] [ALPM] transaction completed
[2026-03-27T22:26:15+0530] [ALPM] running '30-update-mime-database.hook'...
[2026-03-27T22:26:16+0530] [ALPM] running '35-systemd-update.hook'...
[2026-03-27T22:26:16+0530] [ALPM] running 'gtk-update-icon-cache.hook'...
[2026-03-27T22:26:16+0530] [ALPM] running 'update-desktop-database.hook'...
[2026-03-27T22:26:22+0530] [PACMAN] Running 'pacman -S wireshark-cli'
[2026-03-27T22:26:22+0530] [ALPM] transaction started
[2026-03-27T22:26:23+0530] [ALPM] reinstalled wireshark-cli (4.6.4-1)
[2026-03-27T22:26:23+0530] [ALPM] transaction completed
[2026-03-27T22:26:23+0530] [ALPM] running '20-systemd-sysusers.hook'...
[2026-03-27T22:26:23+0530] [ALPM] running '35-systemd-update.hook'...
[2026-03-28T18:46:08+0530] [PACMAN] Running 'pacman -S qbittorrent'
[2026-03-28T18:46:14+0530] [ALPM] transaction started
[2026-03-28T18:46:14+0530] [ALPM] installed boost-libs (1.89.0-4)
[2026-03-28T18:46:14+0530] [ALPM] installed libtorrent-rasterbar (1:2.0.12-1)
[2026-03-28T18:46:14+0530] [ALPM] installed qbittorrent (5.1.4-1)
[2026-03-28T18:46:14+0530] [ALPM] transaction completed
[2026-03-28T18:46:14+0530] [ALPM] running '35-systemd-update.hook'...
[2026-03-28T18:46:14+0530] [ALPM] running 'gtk-update-icon-cache.hook'...
[2026-03-28T18:46:15+0530] [ALPM] running 'update-desktop-database.hook'...
[2026-03-31T14:53:18+0530] [PACMAN] Running 'pacman -Syu'
[2026-03-31T14:53:18+0530] [PACMAN] synchronizing package lists
[2026-03-31T14:53:42+0530] [PACMAN] starting full system upgrade
[2026-03-31T14:56:06+0530] [ALPM] running '60-mkinitcpio-remove.hook'...
[2026-03-31T14:56:06+0530] [ALPM] running '71-dkms-remove.hook'...
[2026-03-31T14:56:07+0530] [ALPM-SCRIPTLET] ==> dkms remove --no-depmod nvidia/595.58.03 -k 6.19.9-arch1-1
[2026-03-31T14:56:07+0530] [ALPM-SCRIPTLET] ==> dkms remove --no-depmod rtw89/r1673.84a2572 -k 6.19.9-arch1-1
[2026-03-31T14:56:08+0530] [ALPM-SCRIPTLET] ==> depmod 6.19.9-arch1-1
[2026-03-31T14:56:11+0530] [ALPM] transaction started
[2026-03-31T14:56:11+0530] [ALPM] upgraded abseil-cpp (20250814.1-1 -> 20260107.1-1)
[2026-03-31T14:56:11+0530] [ALPM] upgraded libcap-ng (0.9.1-1 -> 0.9.2-1)
[2026-03-31T14:56:11+0530] [ALPM] upgraded audit (4.1.3-1 -> 4.1.4-2)
[2026-03-31T14:56:11+0530] [ALPM] upgraded autoconf (2.72-1 -> 2.73-1)
[2026-03-31T14:56:11+0530] [ALPM] upgraded boost-libs (1.89.0-4 -> 1.90.0-4)
[2026-03-31T14:56:11+0530] [ALPM] upgraded libvpx (1.16.0-2 -> 1.16.0-3)
[2026-03-31T14:56:11+0530] [ALPM] upgraded rubberband (4.0.0-1 -> 4.0.0-2)
[2026-03-31T14:56:11+0530] [ALPM] upgraded svt-av1 (4.0.1-1 -> 4.1.0-1)
[2026-03-31T14:56:11+0530] [ALPM] upgraded libwireplumber (0.5.13-2 -> 0.5.14-1)
[2026-03-31T14:56:11+0530] [ALPM] upgraded wireplumber (0.5.13-2 -> 0.5.14-1)
[2026-03-31T14:56:12+0530] [ALPM] upgraded llvm-libs (22.1.1-1 -> 22.1.2-1)
[2026-03-31T14:56:12+0530] [ALPM] upgraded libngtcp2 (1.21.0-1 -> 1.22.0-1)
[2026-03-31T14:56:12+0530] [ALPM] upgraded file (5.47-1 -> 5.47-2)
[2026-03-31T14:56:12+0530] [ALPM] upgraded chromaprint (1.6.0-2 -> 1.6.0-3)
[2026-03-31T14:56:12+0530] [ALPM] upgraded compiler-rt (22.1.1-1 -> 22.1.2-1)
[2026-03-31T14:56:12+0530] [ALPM] upgraded libmpc (1.3.1-2 -> 1.4.0-1)
[2026-03-31T14:56:12+0530] [ALPM] upgraded clang (22.1.1-1 -> 22.1.2-1)
[2026-03-31T14:56:12+0530] [ALPM] upgraded cppdap (1.58.0-2 -> 1.58.0-3)
[2026-03-31T14:56:13+0530] [ALPM] upgraded cmake (4.3.0-2 -> 4.3.1-1)
[2026-03-31T14:56:13+0530] [ALPM] upgraded evince (1:48.1-1 -> 1:48.1-2)
[2026-03-31T14:56:13+0530] [ALPM] upgraded protobuf (33.1-4 -> 34.1-1)
[2026-03-31T14:56:13+0530] [ALPM] upgraded libphonenumber (1:9.0.27-1 -> 1:9.0.27-2)
[2026-03-31T14:56:13+0530] [ALPM] upgraded evolution-data-server (3.58.3-1 -> 3.58.3-2)
[2026-03-31T14:56:13+0530] [ALPM] upgraded exiv2 (0.28.8-1 -> 0.28.8-2)
[2026-03-31T14:56:13+0530] [ALPM] upgraded fastfetch (2.60.0-1 -> 2.61.0-1)
[2026-03-31T14:56:13+0530] [ALPM] upgraded fluidsynth (2.5.3-1 -> 2.5.3-2)
[2026-03-31T14:56:13+0530] [ALPM] upgraded geoclue (2.8.0-1 -> 2.8.0-2)
[2026-03-31T14:56:13+0530] [ALPM] upgraded glibmm-2.68 (2.86.0-1 -> 2.86.0-2)
[2026-03-31T14:56:13+0530] [ALPM] upgraded gnome-bluetooth-3.0 (47.1-2 -> 47.1-3)
[2026-03-31T14:56:13+0530] [ALPM] upgraded grilo (0.3.19-1 -> 0.3.19-2)
[2026-03-31T14:56:13+0530] [ALPM] upgraded imath (3.2.2-3 -> 3.2.2-4)
[2026-03-31T14:56:13+0530] [ALPM] upgraded grilo-plugins (1:0.3.18-2 -> 1:0.3.18-3)
[2026-03-31T14:56:13+0530] [ALPM] upgraded libcbor (0.12.0-1 -> 0.13.0-1)
[2026-03-31T14:56:13+0530] [ALPM] upgraded libedataserverui4 (3.58.3-1 -> 3.58.3-2)
[2026-03-31T14:56:13+0530] [ALPM] upgraded libtorrent-rasterbar (1:2.0.12-1 -> 1:2.0.12-2)
[2026-03-31T14:56:13+0530] [ALPM] upgraded libvlc (3.0.22-1 -> 3.0.22-2)
[2026-03-31T14:56:13+0530] [ALPM] upgraded libxdp (1.6.2-1 -> 1.6.3-1)
[2026-03-31T14:56:14+0530] [ALPM] upgraded linux (6.19.9.arch1-1 -> 6.19.10.arch1-1)
[2026-03-31T14:56:16+0530] [ALPM] upgraded linux-headers (6.19.9.arch1-1 -> 6.19.10.arch1-1)
[2026-03-31T14:56:16+0530] [ALPM] upgraded luajit (2.1.1772619647+659a616-1 -> 2.1.1774896198+18b087c-1)
[2026-03-31T14:56:16+0530] [ALPM] upgraded ndctl (82-1 -> 83-1)
[2026-03-31T14:56:17+0530] [ALPM] upgraded neovim (0.11.6-1 -> 0.11.7-1)
[2026-03-31T14:56:17+0530] [ALPM] upgraded opencv (4.13.0-2 -> 4.13.0-4)
[2026-03-31T14:56:17+0530] [ALPM] upgraded perl-clone (0.48-1 -> 0.50-1)
[2026-03-31T14:56:17+0530] [ALPM] upgraded perl-libwww (6.81-2 -> 6.82-1)
[2026-03-31T14:56:17+0530] [ALPM] upgraded perl-xml-parser (2.48-1 -> 2.49-1)
[2026-03-31T14:56:17+0530] [ALPM] upgraded protobuf-c (1.5.2-8 -> 1.5.2-9)
[2026-03-31T14:56:17+0530] [ALPM] upgraded python-cryptography (46.0.5-2 -> 46.0.6-1)
[2026-03-31T14:56:17+0530] [ALPM] upgraded python-requests (2.32.5-4 -> 2.33.1-1)
[2026-03-31T14:56:17+0530] [ALPM] upgraded python-aiohttp (3.13.3-1 -> 3.13.4-1)
[2026-03-31T14:56:17+0530] [ALPM] upgraded python-importlib-metadata (8.7.1-3 -> 9.0.0-1)
[2026-03-31T14:56:17+0530] [ALPM] upgraded python-proton-vpn-api-core (4.16.0-1 -> 4.17.2-1)
[2026-03-31T14:56:17+0530] [ALPM] upgraded proton-vpn-gtk-app (4.15.0-1 -> 4.15.1-1)
[2026-03-31T14:56:17+0530] [ALPM] upgraded qt6-svg (6.11.0-1 -> 6.11.0-2)
[2026-03-31T14:56:17+0530] [ALPM] upgraded qbittorrent (5.1.4-1 -> 5.1.4-2)
[2026-03-31T14:56:17+0530] [ALPM] upgraded qemu-common (10.2.2-1 -> 10.2.2-2)
[2026-03-31T14:56:17+0530] [ALPM] upgraded qemu-audio-alsa (10.2.2-1 -> 10.2.2-2)
[2026-03-31T14:56:17+0530] [ALPM] upgraded qemu-audio-dbus (10.2.2-1 -> 10.2.2-2)
[2026-03-31T14:56:17+0530] [ALPM] upgraded qemu-audio-jack (10.2.2-1 -> 10.2.2-2)
[2026-03-31T14:56:17+0530] [ALPM] upgraded qemu-audio-oss (10.2.2-1 -> 10.2.2-2)
[2026-03-31T14:56:17+0530] [ALPM] upgraded qemu-audio-pa (10.2.2-1 -> 10.2.2-2)
[2026-03-31T14:56:17+0530] [ALPM] upgraded qemu-audio-pipewire (10.2.2-1 -> 10.2.2-2)
[2026-03-31T14:56:17+0530] [ALPM] upgraded qemu-audio-sdl (10.2.2-1 -> 10.2.2-2)
[2026-03-31T14:56:17+0530] [ALPM] upgraded qemu-ui-opengl (10.2.2-1 -> 10.2.2-2)
[2026-03-31T14:56:17+0530] [ALPM] upgraded qemu-ui-spice-core (10.2.2-1 -> 10.2.2-2)
[2026-03-31T14:56:17+0530] [ALPM] upgraded qemu-audio-spice (10.2.2-1 -> 10.2.2-2)
[2026-03-31T14:56:17+0530] [ALPM] upgraded qemu-img (10.2.2-1 -> 10.2.2-2)
[2026-03-31T14:56:17+0530] [ALPM] upgraded qemu-system-x86-firmware (10.2.2-1 -> 10.2.2-2)
[2026-03-31T14:56:17+0530] [ALPM] upgraded qemu-system-x86 (10.2.2-1 -> 10.2.2-2)
[2026-03-31T14:56:17+0530] [ALPM] upgraded qemu-base (10.2.2-1 -> 10.2.2-2)
[2026-03-31T14:56:17+0530] [ALPM] upgraded qemu-block-curl (10.2.2-1 -> 10.2.2-2)
[2026-03-31T14:56:17+0530] [ALPM] upgraded qemu-block-dmg (10.2.2-1 -> 10.2.2-2)
[2026-03-31T14:56:17+0530] [ALPM] upgraded qemu-block-gluster (10.2.2-1 -> 10.2.2-2)
[2026-03-31T14:56:17+0530] [ALPM] upgraded qemu-block-iscsi (10.2.2-1 -> 10.2.2-2)
[2026-03-31T14:56:17+0530] [ALPM] upgraded qemu-block-nfs (10.2.2-1 -> 10.2.2-2)
[2026-03-31T14:56:17+0530] [ALPM] upgraded qemu-block-ssh (10.2.2-1 -> 10.2.2-2)
[2026-03-31T14:56:17+0530] [ALPM] upgraded qemu-chardev-baum (10.2.2-1 -> 10.2.2-2)
[2026-03-31T14:56:17+0530] [ALPM] upgraded qemu-chardev-spice (10.2.2-1 -> 10.2.2-2)
[2026-03-31T14:56:17+0530] [ALPM] upgraded qemu-hw-display-qxl (10.2.2-1 -> 10.2.2-2)
[2026-03-31T14:56:17+0530] [ALPM] upgraded qemu-hw-display-virtio-gpu (10.2.2-1 -> 10.2.2-2)
[2026-03-31T14:56:17+0530] [ALPM] upgraded qemu-hw-display-virtio-gpu-gl (10.2.2-1 -> 10.2.2-2)
[2026-03-31T14:56:17+0530] [ALPM] upgraded qemu-hw-display-virtio-gpu-rutabaga (10.2.2-1 -> 10.2.2-2)
[2026-03-31T14:56:17+0530] [ALPM] upgraded qemu-hw-display-virtio-gpu-pci (10.2.2-1 -> 10.2.2-2)
[2026-03-31T14:56:17+0530] [ALPM] upgraded qemu-hw-display-virtio-gpu-pci-gl (10.2.2-1 -> 10.2.2-2)
[2026-03-31T14:56:17+0530] [ALPM] upgraded qemu-hw-display-virtio-gpu-pci-rutabaga (10.2.2-1 -> 10.2.2-2)
[2026-03-31T14:56:17+0530] [ALPM] upgraded qemu-hw-display-virtio-vga (10.2.2-1 -> 10.2.2-2)
[2026-03-31T14:56:17+0530] [ALPM] upgraded qemu-hw-display-virtio-vga-gl (10.2.2-1 -> 10.2.2-2)
[2026-03-31T14:56:17+0530] [ALPM] upgraded qemu-hw-display-virtio-vga-rutabaga (10.2.2-1 -> 10.2.2-2)
[2026-03-31T14:56:17+0530] [ALPM] upgraded qemu-hw-uefi-vars (10.2.2-1 -> 10.2.2-2)
[2026-03-31T14:56:17+0530] [ALPM] upgraded qemu-hw-usb-host (10.2.2-1 -> 10.2.2-2)
[2026-03-31T14:56:17+0530] [ALPM] upgraded qemu-hw-usb-redirect (10.2.2-1 -> 10.2.2-2)
[2026-03-31T14:56:17+0530] [ALPM] upgraded qemu-hw-usb-smartcard (10.2.2-1 -> 10.2.2-2)
[2026-03-31T14:56:17+0530] [ALPM] upgraded qemu-ui-curses (10.2.2-1 -> 10.2.2-2)
[2026-03-31T14:56:17+0530] [ALPM] upgraded qemu-ui-dbus (10.2.2-1 -> 10.2.2-2)
[2026-03-31T14:56:17+0530] [ALPM] upgraded qemu-ui-egl-headless (10.2.2-1 -> 10.2.2-2)
[2026-03-31T14:56:17+0530] [ALPM] upgraded qemu-ui-gtk (10.2.2-1 -> 10.2.2-2)
[2026-03-31T14:56:17+0530] [ALPM] upgraded qemu-ui-sdl (10.2.2-1 -> 10.2.2-2)
[2026-03-31T14:56:17+0530] [ALPM] upgraded qemu-ui-spice-app (10.2.2-1 -> 10.2.2-2)
[2026-03-31T14:56:17+0530] [ALPM] upgraded qemu-vhost-user-gpu (10.2.2-1 -> 10.2.2-2)
[2026-03-31T14:56:17+0530] [ALPM] upgraded qemu-desktop (10.2.2-1 -> 10.2.2-2)
[2026-03-31T14:56:17+0530] [ALPM] upgraded qemu-docs (10.2.2-1 -> 10.2.2-2)
[2026-03-31T14:56:17+0530] [ALPM] upgraded qemu-system-aarch64 (10.2.2-1 -> 10.2.2-2)
[2026-03-31T14:56:17+0530] [ALPM] upgraded qemu-system-alpha-firmware (10.2.2-1 -> 10.2.2-2)
[2026-03-31T14:56:17+0530] [ALPM] upgraded qemu-system-alpha (10.2.2-1 -> 10.2.2-2)
[2026-03-31T14:56:17+0530] [ALPM] upgraded qemu-system-arm-firmware (10.2.2-1 -> 10.2.2-2)
[2026-03-31T14:56:17+0530] [ALPM] upgraded qemu-system-arm (10.2.2-1 -> 10.2.2-2)
[2026-03-31T14:56:17+0530] [ALPM] upgraded qemu-system-avr (10.2.2-1 -> 10.2.2-2)
[2026-03-31T14:56:17+0530] [ALPM] upgraded qemu-system-hppa-firmware (10.2.2-1 -> 10.2.2-2)
[2026-03-31T14:56:17+0530] [ALPM] upgraded qemu-system-hppa (10.2.2-1 -> 10.2.2-2)
[2026-03-31T14:56:17+0530] [ALPM] upgraded qemu-system-loongarch64 (10.2.2-1 -> 10.2.2-2)
[2026-03-31T14:56:17+0530] [ALPM] upgraded qemu-system-m68k (10.2.2-1 -> 10.2.2-2)
[2026-03-31T14:56:17+0530] [ALPM] upgraded qemu-system-microblaze-firmware (10.2.2-1 -> 10.2.2-2)
[2026-03-31T14:56:17+0530] [ALPM] upgraded qemu-system-microblaze (10.2.2-1 -> 10.2.2-2)
[2026-03-31T14:56:18+0530] [ALPM] upgraded qemu-system-mips (10.2.2-1 -> 10.2.2-2)
[2026-03-31T14:56:18+0530] [ALPM] upgraded qemu-system-or1k (10.2.2-1 -> 10.2.2-2)
[2026-03-31T14:56:18+0530] [ALPM] upgraded qemu-system-ppc-firmware (10.2.2-1 -> 10.2.2-2)
[2026-03-31T14:56:18+0530] [ALPM] upgraded qemu-system-ppc (10.2.2-1 -> 10.2.2-2)
[2026-03-31T14:56:18+0530] [ALPM] upgraded qemu-system-riscv-firmware (10.2.2-1 -> 10.2.2-2)
[2026-03-31T14:56:18+0530] [ALPM] upgraded qemu-system-riscv (10.2.2-1 -> 10.2.2-2)
[2026-03-31T14:56:18+0530] [ALPM] upgraded qemu-system-rx (10.2.2-1 -> 10.2.2-2)
[2026-03-31T14:56:18+0530] [ALPM] upgraded qemu-system-s390x-firmware (10.2.2-1 -> 10.2.2-2)
[2026-03-31T14:56:18+0530] [ALPM] upgraded qemu-system-s390x (10.2.2-1 -> 10.2.2-2)
[2026-03-31T14:56:18+0530] [ALPM] upgraded qemu-system-sh4 (10.2.2-1 -> 10.2.2-2)
[2026-03-31T14:56:18+0530] [ALPM] upgraded qemu-system-sparc-firmware (10.2.2-1 -> 10.2.2-2)
[2026-03-31T14:56:18+0530] [ALPM] upgraded qemu-system-sparc (10.2.2-1 -> 10.2.2-2)
[2026-03-31T14:56:18+0530] [ALPM] upgraded qemu-system-tricore (10.2.2-1 -> 10.2.2-2)
[2026-03-31T14:56:18+0530] [ALPM] upgraded qemu-system-xtensa (10.2.2-1 -> 10.2.2-2)
[2026-03-31T14:56:18+0530] [ALPM] upgraded qemu-user (10.2.2-1 -> 10.2.2-2)
[2026-03-31T14:56:18+0530] [ALPM] upgraded qemu-emulators-full (10.2.2-1 -> 10.2.2-2)
[2026-03-31T14:56:18+0530] [ALPM] upgraded qemu-hw-s390x-virtio-gpu-ccw (10.2.2-1 -> 10.2.2-2)
[2026-03-31T14:56:18+0530] [ALPM] upgraded qemu-pr-helper (10.2.2-1 -> 10.2.2-2)
[2026-03-31T14:56:18+0530] [ALPM] upgraded qemu-tests (10.2.2-1 -> 10.2.2-2)
[2026-03-31T14:56:18+0530] [ALPM] upgraded qemu-tools (10.2.2-1 -> 10.2.2-2)
[2026-03-31T14:56:18+0530] [ALPM] upgraded qemu-vmsr-helper (10.2.2-1 -> 10.2.2-2)
[2026-03-31T14:56:18+0530] [ALPM] upgraded qemu-full (10.2.2-1 -> 10.2.2-2)
[2026-03-31T14:56:18+0530] [ALPM] upgraded re2 (2:2025.11.05-1 -> 2:2025.11.05-3)
[2026-03-31T14:56:18+0530] [ALPM] upgraded tree (2.3.1-1 -> 2.3.2-1)
[2026-03-31T14:56:18+0530] [ALPM] upgraded vim-runtime (9.2.0204-2 -> 9.2.0272-1)
[2026-03-31T14:56:18+0530] [ALPM] upgraded vim (9.2.0204-2 -> 9.2.0272-1)
[2026-03-31T14:56:18+0530] [ALPM] upgraded vlc-plugin-alsa (3.0.22-1 -> 3.0.22-2)
[2026-03-31T14:56:18+0530] [ALPM] upgraded vlc-plugin-a52dec (3.0.22-1 -> 3.0.22-2)
[2026-03-31T14:56:18+0530] [ALPM] upgraded vlc-plugin-archive (3.0.22-1 -> 3.0.22-2)
[2026-03-31T14:56:18+0530] [ALPM] upgraded vlc-plugin-dav1d (3.0.22-1 -> 3.0.22-2)
[2026-03-31T14:56:18+0530] [ALPM] upgraded vlc-plugin-dbus (3.0.22-1 -> 3.0.22-2)
[2026-03-31T14:56:18+0530] [ALPM] upgraded vlc-plugin-dbus-screensaver (3.0.22-1 -> 3.0.22-2)
[2026-03-31T14:56:18+0530] [ALPM] upgraded vlc-plugin-faad2 (3.0.22-1 -> 3.0.22-2)
[2026-03-31T14:56:18+0530] [ALPM] upgraded vlc-plugin-flac (3.0.22-1 -> 3.0.22-2)
[2026-03-31T14:56:18+0530] [ALPM] upgraded vlc-plugin-gnutls (3.0.22-1 -> 3.0.22-2)
[2026-03-31T14:56:18+0530] [ALPM] upgraded vlc-plugin-inflate (3.0.22-1 -> 3.0.22-2)
[2026-03-31T14:56:18+0530] [ALPM] upgraded vlc-plugin-jpeg (3.0.22-1 -> 3.0.22-2)
[2026-03-31T14:56:18+0530] [ALPM] upgraded vlc-plugin-journal (3.0.22-1 -> 3.0.22-2)
[2026-03-31T14:56:18+0530] [ALPM] upgraded vlc-plugin-mpg123 (3.0.22-1 -> 3.0.22-2)
[2026-03-31T14:56:18+0530] [ALPM] upgraded vlc-plugin-ogg (3.0.22-1 -> 3.0.22-2)
[2026-03-31T14:56:18+0530] [ALPM] upgraded vlc-plugin-opus (3.0.22-1 -> 3.0.22-2)
[2026-03-31T14:56:18+0530] [ALPM] upgraded vlc-plugin-png (3.0.22-1 -> 3.0.22-2)
[2026-03-31T14:56:18+0530] [ALPM] upgraded vlc-plugin-shout (3.0.22-1 -> 3.0.22-2)
[2026-03-31T14:56:18+0530] [ALPM] upgraded vlc-plugin-speex (3.0.22-1 -> 3.0.22-2)
[2026-03-31T14:56:18+0530] [ALPM] upgraded vlc-plugin-tag (3.0.22-1 -> 3.0.22-2)
[2026-03-31T14:56:18+0530] [ALPM] upgraded vlc-plugin-theora (3.0.22-1 -> 3.0.22-2)
[2026-03-31T14:56:18+0530] [ALPM] upgraded vlc-plugin-twolame (3.0.22-1 -> 3.0.22-2)
[2026-03-31T14:56:18+0530] [ALPM] upgraded vlc-plugin-vorbis (3.0.22-1 -> 3.0.22-2)
[2026-03-31T14:56:18+0530] [ALPM] upgraded vlc-plugin-vpx (3.0.22-1 -> 3.0.22-2)
[2026-03-31T14:56:18+0530] [ALPM] upgraded vlc-plugin-xml (3.0.22-1 -> 3.0.22-2)
[2026-03-31T14:56:18+0530] [ALPM] upgraded vlc-plugins-base (3.0.22-1 -> 3.0.22-2)
[2026-03-31T14:56:18+0530] [ALPM] upgraded vlc-cli (3.0.22-1 -> 3.0.22-2)
[2026-03-31T14:56:18+0530] [ALPM] upgraded vlc-plugin-lua (3.0.22-1 -> 3.0.22-2)
[2026-03-31T14:56:18+0530] [ALPM] upgraded vlc-plugin-pulse (3.0.22-1 -> 3.0.22-2)
[2026-03-31T14:56:18+0530] [ALPM] upgraded vlc-plugins-video-output (3.0.22-1 -> 3.0.22-2)
[2026-03-31T14:56:18+0530] [ALPM] upgraded vlc-gui-qt (3.0.22-1 -> 3.0.22-2)
[2026-03-31T14:56:19+0530] [ALPM] upgraded vlc (3.0.22-1 -> 3.0.22-2)
[2026-03-31T14:56:19+0530] [ALPM] upgraded vlc-plugin-ffmpeg (3.0.22-1 -> 3.0.22-2)
[2026-03-31T14:56:19+0530] [ALPM] upgraded wireshark-cli (4.6.4-1 -> 4.6.4-2)
[2026-03-31T14:56:19+0530] [ALPM] upgraded wireshark-qt (4.6.4-1 -> 4.6.4-2)
[2026-03-31T14:56:19+0530] [ALPM] upgraded xorg-setxkbmap (1.3.4-2 -> 1.3.5-1)
[2026-03-31T14:56:19+0530] [ALPM] transaction completed
[2026-03-31T14:56:20+0530] [ALPM] running '20-systemd-sysusers.hook'...
[2026-03-31T14:56:20+0530] [ALPM] running '21-systemd-tmpfiles.hook'...
[2026-03-31T14:56:20+0530] [ALPM] running '30-systemd-daemon-reload-system.hook'...
[2026-03-31T14:56:21+0530] [ALPM] running '30-systemd-daemon-reload-user.hook'...
[2026-03-31T14:56:21+0530] [ALPM] running '30-update-mime-database.hook'...
[2026-03-31T14:56:21+0530] [ALPM] running '35-systemd-enqueue-marked.hook'...
[2026-03-31T14:56:21+0530] [ALPM] running '35-systemd-udev-reload.hook'...
[2026-03-31T14:56:22+0530] [ALPM] running '35-systemd-update.hook'...
[2026-03-31T14:56:22+0530] [ALPM] running '60-depmod.hook'...
[2026-03-31T14:56:23+0530] [ALPM] running '70-dkms-install.hook'...
[2026-03-31T14:56:23+0530] [ALPM-SCRIPTLET] ==> dkms install --no-depmod nvidia/595.58.03 -k 6.19.10-arch1-1
[2026-03-31T14:57:48+0530] [ALPM-SCRIPTLET] ==> dkms install --no-depmod rtw89/r1673.84a2572 -k 6.19.10-arch1-1
[2026-03-31T14:57:49+0530] [ALPM-SCRIPTLET] Deprecated feature: CLEAN (/usr/src/rtw89-r1673.84a2572/dkms.conf)
[2026-03-31T14:58:09+0530] [ALPM-SCRIPTLET] ==> depmod 6.19.10-arch1-1
[2026-03-31T14:58:12+0530] [ALPM] running '90-mkinitcpio-install.hook'...
[2026-03-31T14:58:13+0530] [ALPM-SCRIPTLET] ==> Building image from preset: /etc/mkinitcpio.d/linux.preset: 'default'
[2026-03-31T14:58:13+0530] [ALPM-SCRIPTLET] ==> Using default configuration file: '/etc/mkinitcpio.conf'
[2026-03-31T14:58:13+0530] [ALPM-SCRIPTLET]   -> -k /boot/vmlinuz-linux -g /boot/initramfs-linux.img
[2026-03-31T14:58:13+0530] [ALPM-SCRIPTLET] ==> Starting build: '6.19.10-arch1-1'
[2026-03-31T14:58:13+0530] [ALPM-SCRIPTLET]   -> Running build hook: [base]
[2026-03-31T14:58:13+0530] [ALPM-SCRIPTLET]   -> Running build hook: [udev]
[2026-03-31T14:58:13+0530] [ALPM-SCRIPTLET]   -> Running build hook: [autodetect]
[2026-03-31T14:58:13+0530] [ALPM-SCRIPTLET]   -> Running build hook: [microcode]
[2026-03-31T14:58:13+0530] [ALPM-SCRIPTLET]   -> Running build hook: [modconf]
[2026-03-31T14:58:13+0530] [ALPM-SCRIPTLET]   -> Running build hook: [kms]
[2026-03-31T14:58:19+0530] [ALPM-SCRIPTLET]   -> Running build hook: [keyboard]
[2026-03-31T14:58:19+0530] [ALPM-SCRIPTLET]   -> Running build hook: [keymap]
[2026-03-31T14:58:19+0530] [ALPM-SCRIPTLET]   -> Running build hook: [consolefont]
[2026-03-31T14:58:19+0530] [ALPM-SCRIPTLET]   -> Running build hook: [block]
[2026-03-31T14:58:20+0530] [ALPM-SCRIPTLET]   -> Running build hook: [filesystems]
[2026-03-31T14:58:20+0530] [ALPM-SCRIPTLET]   -> Running build hook: [fsck]
[2026-03-31T14:58:20+0530] [ALPM-SCRIPTLET] ==> Generating module dependencies
[2026-03-31T14:58:20+0530] [ALPM-SCRIPTLET] ==> Creating zstd-compressed initcpio image: '/boot/initramfs-linux.img'
[2026-03-31T14:58:21+0530] [ALPM-SCRIPTLET]   -> Early uncompressed CPIO image generation successful
[2026-03-31T14:58:21+0530] [ALPM-SCRIPTLET] ==> Initcpio image generation successful
[2026-03-31T14:58:21+0530] [ALPM] running 'dbus-reload.hook'...
[2026-03-31T14:58:21+0530] [ALPM] running 'detect-old-perl-modules.hook'...
[2026-03-31T14:58:21+0530] [ALPM] running 'glib-compile-schemas.hook'...
[2026-03-31T14:58:22+0530] [ALPM] running 'gtk-update-icon-cache.hook'...
[2026-03-31T14:58:22+0530] [ALPM] running 'texinfo-install.hook'...
[2026-03-31T14:58:22+0530] [ALPM] running 'update-desktop-database.hook'...
[2026-03-31T14:58:22+0530] [ALPM] running 'update-vlc-plugin-cache.hook'...
[2026-04-02T11:26:05+0530] [PACMAN] Running 'pacman -Syu'
[2026-04-02T11:26:05+0530] [PACMAN] synchronizing package lists
[2026-04-02T11:26:07+0530] [PACMAN] starting full system upgrade
[2026-04-02T11:26:14+0530] [ALPM] transaction started
[2026-04-02T11:26:14+0530] [ALPM] upgraded xz (5.8.2-1 -> 5.8.3-1)
[2026-04-02T11:26:14+0530] [ALPM] upgraded leancrypto (1.7.0-1 -> 1.7.1-1)
[2026-04-02T11:26:14+0530] [ALPM] upgraded dkms (3.3.0-1 -> 3.4.0-1)
[2026-04-02T11:26:14+0530] [ALPM] upgraded gtk-update-icon-cache (1:4.20.3-1 -> 1:4.20.4-1)
[2026-04-02T11:26:14+0530] [ALPM] upgraded gtk4 (1:4.20.3-1 -> 1:4.20.4-1)
[2026-04-02T11:26:14+0530] [ALPM] upgraded libinput (1.31.0-1 -> 1.31.1-1)
[2026-04-02T11:26:14+0530] [ALPM] upgraded libinput-tools (1.31.0-1 -> 1.31.1-1)
[2026-04-02T11:26:14+0530] [ALPM] upgraded libvips (8.18.0-1 -> 8.18.2-1)
[2026-04-02T11:26:14+0530] [ALPM] upgraded libvirt (1:12.1.0-1 -> 1:12.2.0-1)
[2026-04-02T11:26:14+0530] [ALPM] upgraded libvirt-python (1:12.1.0-1 -> 1:12.2.0-1)
[2026-04-02T11:26:14+0530] [ALPM] upgraded libvlc (3.0.22-2 -> 3.0.22-3)
[2026-04-02T11:26:14+0530] [ALPM] upgraded ndctl (83-1 -> 84-1)
[2026-04-02T11:26:14+0530] [ALPM] upgraded openvpn (2.7.0-1 -> 2.7.1-1)
[2026-04-02T11:26:15+0530] [ALPM] upgraded vim-runtime (9.2.0272-1 -> 9.2.0277-1)
[2026-04-02T11:26:15+0530] [ALPM] upgraded vim (9.2.0272-1 -> 9.2.0277-1)
[2026-04-02T11:26:15+0530] [ALPM] upgraded vlc-plugin-alsa (3.0.22-2 -> 3.0.22-3)
[2026-04-02T11:26:15+0530] [ALPM] upgraded vlc-plugin-a52dec (3.0.22-2 -> 3.0.22-3)
[2026-04-02T11:26:15+0530] [ALPM] upgraded vlc-plugin-archive (3.0.22-2 -> 3.0.22-3)
[2026-04-02T11:26:15+0530] [ALPM] upgraded vlc-plugin-dav1d (3.0.22-2 -> 3.0.22-3)
[2026-04-02T11:26:15+0530] [ALPM] upgraded vlc-plugin-dbus (3.0.22-2 -> 3.0.22-3)
[2026-04-02T11:26:15+0530] [ALPM] upgraded vlc-plugin-dbus-screensaver (3.0.22-2 -> 3.0.22-3)
[2026-04-02T11:26:15+0530] [ALPM] upgraded vlc-plugin-faad2 (3.0.22-2 -> 3.0.22-3)
[2026-04-02T11:26:15+0530] [ALPM] upgraded vlc-plugin-flac (3.0.22-2 -> 3.0.22-3)
[2026-04-02T11:26:15+0530] [ALPM] upgraded vlc-plugin-gnutls (3.0.22-2 -> 3.0.22-3)
[2026-04-02T11:26:15+0530] [ALPM] upgraded vlc-plugin-inflate (3.0.22-2 -> 3.0.22-3)
[2026-04-02T11:26:15+0530] [ALPM] upgraded vlc-plugin-jpeg (3.0.22-2 -> 3.0.22-3)
[2026-04-02T11:26:15+0530] [ALPM] upgraded vlc-plugin-journal (3.0.22-2 -> 3.0.22-3)
[2026-04-02T11:26:15+0530] [ALPM] upgraded vlc-plugin-mpg123 (3.0.22-2 -> 3.0.22-3)
[2026-04-02T11:26:15+0530] [ALPM] upgraded vlc-plugin-ogg (3.0.22-2 -> 3.0.22-3)
[2026-04-02T11:26:15+0530] [ALPM] upgraded vlc-plugin-opus (3.0.22-2 -> 3.0.22-3)
[2026-04-02T11:26:15+0530] [ALPM] upgraded vlc-plugin-png (3.0.22-2 -> 3.0.22-3)
[2026-04-02T11:26:15+0530] [ALPM] upgraded vlc-plugin-shout (3.0.22-2 -> 3.0.22-3)
[2026-04-02T11:26:15+0530] [ALPM] upgraded vlc-plugin-speex (3.0.22-2 -> 3.0.22-3)
[2026-04-02T11:26:15+0530] [ALPM] upgraded vlc-plugin-tag (3.0.22-2 -> 3.0.22-3)
[2026-04-02T11:26:15+0530] [ALPM] upgraded vlc-plugin-theora (3.0.22-2 -> 3.0.22-3)
[2026-04-02T11:26:15+0530] [ALPM] upgraded vlc-plugin-twolame (3.0.22-2 -> 3.0.22-3)
[2026-04-02T11:26:15+0530] [ALPM] upgraded vlc-plugin-vorbis (3.0.22-2 -> 3.0.22-3)
[2026-04-02T11:26:15+0530] [ALPM] upgraded vlc-plugin-vpx (3.0.22-2 -> 3.0.22-3)
[2026-04-02T11:26:15+0530] [ALPM] upgraded vlc-plugin-xml (3.0.22-2 -> 3.0.22-3)
[2026-04-02T11:26:15+0530] [ALPM] upgraded vlc-plugins-base (3.0.22-2 -> 3.0.22-3)
[2026-04-02T11:26:15+0530] [ALPM] upgraded vlc-cli (3.0.22-2 -> 3.0.22-3)
[2026-04-02T11:26:15+0530] [ALPM] upgraded vlc-plugin-lua (3.0.22-2 -> 3.0.22-3)
[2026-04-02T11:26:15+0530] [ALPM] upgraded vlc-plugin-pulse (3.0.22-2 -> 3.0.22-3)
[2026-04-02T11:26:15+0530] [ALPM] upgraded vlc-plugins-video-output (3.0.22-2 -> 3.0.22-3)
[2026-04-02T11:26:15+0530] [ALPM] upgraded vlc-gui-qt (3.0.22-2 -> 3.0.22-3)
[2026-04-02T11:26:15+0530] [ALPM] upgraded vlc (3.0.22-2 -> 3.0.22-3)
[2026-04-02T11:26:15+0530] [ALPM] upgraded vlc-plugin-ffmpeg (3.0.22-2 -> 3.0.22-3)
[2026-04-02T11:26:15+0530] [ALPM] transaction completed
[2026-04-02T11:26:15+0530] [ALPM] running '20-systemd-sysusers.hook'...
[2026-04-02T11:26:15+0530] [ALPM] running '21-systemd-tmpfiles.hook'...
[2026-04-02T11:26:15+0530] [ALPM] running '25-systemd-sysctl.hook'...
[2026-04-02T11:26:15+0530] [ALPM] running '30-systemd-daemon-reload-system.hook'...
[2026-04-02T11:26:16+0530] [ALPM] running '35-systemd-enqueue-marked.hook'...
[2026-04-02T11:26:16+0530] [ALPM] running '35-systemd-udev-reload.hook'...
[2026-04-02T11:26:17+0530] [ALPM] running '35-systemd-update.hook'...
[2026-04-02T11:26:17+0530] [ALPM] running 'glib-compile-schemas.hook'...
[2026-04-02T11:26:17+0530] [ALPM] running 'gtk-update-icon-cache.hook'...
[2026-04-02T11:26:17+0530] [ALPM] running 'update-desktop-database.hook'...
[2026-04-02T11:26:17+0530] [ALPM] running 'update-vlc-plugin-cache.hook'...
[2026-04-02T11:27:20+0530] [PACMAN] Running 'pacman -S linux linux-headers'
[2026-04-02T11:27:23+0530] [ALPM] running '70-dkms-upgrade.hook'...
[2026-04-02T11:27:24+0530] [ALPM-SCRIPTLET] ==> dkms remove --no-depmod nvidia/595.58.03 -k 6.19.10-arch1-1
[2026-04-02T11:27:24+0530] [ALPM-SCRIPTLET] ==> dkms remove --no-depmod rtw89/r1673.84a2572 -k 6.19.10-arch1-1
[2026-04-02T11:27:28+0530] [ALPM] transaction started
[2026-04-02T11:27:28+0530] [ALPM] reinstalled linux (6.19.10.arch1-1)
[2026-04-02T11:27:29+0530] [ALPM] reinstalled linux-headers (6.19.10.arch1-1)
[2026-04-02T11:27:30+0530] [ALPM] transaction completed
[2026-04-02T11:27:30+0530] [ALPM] running '35-systemd-update.hook'...
[2026-04-02T11:27:30+0530] [ALPM] running '60-depmod.hook'...
[2026-04-02T11:27:31+0530] [ALPM] running '70-dkms-install.hook'...
[2026-04-02T11:27:31+0530] [ALPM-SCRIPTLET] ==> dkms install --no-depmod nvidia/595.58.03 -k 6.19.10-arch1-1
[2026-04-02T11:28:43+0530] [ALPM-SCRIPTLET] ==> dkms install --no-depmod rtw89/r1673.84a2572 -k 6.19.10-arch1-1
[2026-04-02T11:28:43+0530] [ALPM-SCRIPTLET] Deprecated feature: CLEAN (/usr/src/rtw89-r1673.84a2572/dkms.conf)
[2026-04-02T11:29:01+0530] [ALPM-SCRIPTLET] ==> depmod 6.19.10-arch1-1
[2026-04-02T11:29:04+0530] [ALPM] running '90-mkinitcpio-install.hook'...
[2026-04-02T11:29:04+0530] [ALPM-SCRIPTLET] ==> Building image from preset: /etc/mkinitcpio.d/linux.preset: 'default'
[2026-04-02T11:29:04+0530] [ALPM-SCRIPTLET] ==> Using default configuration file: '/etc/mkinitcpio.conf'
[2026-04-02T11:29:04+0530] [ALPM-SCRIPTLET]   -> -k /boot/vmlinuz-linux -g /boot/initramfs-linux.img
[2026-04-02T11:29:04+0530] [ALPM-SCRIPTLET] ==> Starting build: '6.19.10-arch1-1'
[2026-04-02T11:29:04+0530] [ALPM-SCRIPTLET]   -> Running build hook: [base]
[2026-04-02T11:29:05+0530] [ALPM-SCRIPTLET]   -> Running build hook: [udev]
[2026-04-02T11:29:05+0530] [ALPM-SCRIPTLET]   -> Running build hook: [autodetect]
[2026-04-02T11:29:05+0530] [ALPM-SCRIPTLET]   -> Running build hook: [microcode]
[2026-04-02T11:29:05+0530] [ALPM-SCRIPTLET]   -> Running build hook: [modconf]
[2026-04-02T11:29:05+0530] [ALPM-SCRIPTLET]   -> Running build hook: [kms]
[2026-04-02T11:29:11+0530] [ALPM-SCRIPTLET]   -> Running build hook: [keyboard]
[2026-04-02T11:29:11+0530] [ALPM-SCRIPTLET]   -> Running build hook: [keymap]
[2026-04-02T11:29:11+0530] [ALPM-SCRIPTLET]   -> Running build hook: [consolefont]
[2026-04-02T11:29:11+0530] [ALPM-SCRIPTLET]   -> Running build hook: [block]
[2026-04-02T11:29:12+0530] [ALPM-SCRIPTLET]   -> Running build hook: [filesystems]
[2026-04-02T11:29:12+0530] [ALPM-SCRIPTLET]   -> Running build hook: [fsck]
[2026-04-02T11:29:12+0530] [ALPM-SCRIPTLET] ==> Generating module dependencies
[2026-04-02T11:29:12+0530] [ALPM-SCRIPTLET] ==> Creating zstd-compressed initcpio image: '/boot/initramfs-linux.img'
[2026-04-02T11:29:12+0530] [ALPM-SCRIPTLET]   -> Early uncompressed CPIO image generation successful
[2026-04-02T11:29:13+0530] [ALPM-SCRIPTLET] ==> Initcpio image generation successful
[2026-04-10T16:04:35+0530] [PACMAN] Running 'pacman -S nvim'
[2026-04-10T16:04:41+0530] [ALPM] transaction started
[2026-04-10T16:04:41+0530] [ALPM] installed libuv (1.52.1-1)
[2026-04-10T16:04:41+0530] [ALPM] installed luajit (2.1.1774896198+18b087c-1)
[2026-04-10T16:04:41+0530] [ALPM] installed libluv (1.52.1-1)
[2026-04-10T16:04:41+0530] [ALPM] installed tree-sitter (0.26.8-1)
[2026-04-10T16:04:41+0530] [ALPM] installed unibilium (2.1.2-1)
[2026-04-10T16:04:41+0530] [ALPM] installed libutf8proc (2.11.3-1)
[2026-04-10T16:04:41+0530] [ALPM] installed libvterm (0.3.3-2)
[2026-04-10T16:04:41+0530] [ALPM] installed lua51-lpeg (1.1.0-5)
[2026-04-10T16:04:41+0530] [ALPM] installed msgpack-c (6.1.0-2)
[2026-04-10T16:04:41+0530] [ALPM] installed tree-sitter-c (0.24.1-2)
[2026-04-10T16:04:41+0530] [ALPM] installed tree-sitter-lua (0.5.0-3)
[2026-04-10T16:04:41+0530] [ALPM] installed tree-sitter-markdown (0.5.3-2)
[2026-04-10T16:04:41+0530] [ALPM] installed tree-sitter-query (0.8.0-2)
[2026-04-10T16:04:41+0530] [ALPM] installed tree-sitter-vim (0.8.1-3)
[2026-04-10T16:04:41+0530] [ALPM] installed tree-sitter-vimdoc (4.1.0-2)
[2026-04-10T16:04:42+0530] [ALPM] installed neovim (0.12.1-1)
[2026-04-10T16:04:42+0530] [ALPM] transaction completed
[2026-04-10T16:04:42+0530] [ALPM] running '35-systemd-update.hook'...
[2026-04-10T16:04:42+0530] [ALPM] running 'gtk-update-icon-cache.hook'...
[2026-04-10T16:04:42+0530] [ALPM] running 'update-desktop-database.hook'...
[2026-04-10T16:05:54+0530] [PACMAN] Running 'pacman -S gnome-calender'
[2026-04-10T16:06:07+0530] [PACMAN] Running 'pacman -S proton-vpn-gtk-app'
[2026-04-10T16:06:19+0530] [ALPM] transaction started
[2026-04-10T16:06:19+0530] [ALPM] installed python-cairo (1.29.0-2)
[2026-04-10T16:06:19+0530] [ALPM] installed python-distro (1.9.0-4)
[2026-04-10T16:06:19+0530] [ALPM] installed python-packaging (26.0-1)
[2026-04-10T16:06:19+0530] [ALPM] installed cython (3.2.4-3)
[2026-04-10T16:06:19+0530] [ALPM] installed python-dbus-fast (4.0.1-1)
[2026-04-10T16:06:19+0530] [ALPM] installed python-psutil (7.2.2-1)
[2026-04-10T16:06:19+0530] [ALPM] installed compiler-rt (22.1.3-1)
[2026-04-10T16:06:19+0530] [ALPM] installed clang (22.1.3-1)
[2026-04-10T16:06:19+0530] [ALPM] installed bcc (0.36.1-3)
[2026-04-10T16:06:19+0530] [ALPM] installed python-bcc (0.36.1-3)
[2026-04-10T16:06:19+0530] [ALPM] installed pkcs11-helper (1.31.0-1)
[2026-04-10T16:06:19+0530] [ALPM] installed openvpn (2.7.1-1)
[2026-04-10T16:06:19+0530] [ALPM] installed networkmanager-vpn-plugin-openvpn (1.12.5-1)
[2026-04-10T16:06:19+0530] [ALPM] installed networkmanager-openvpn (1.12.5-1)
[2026-04-10T16:06:19+0530] [ALPM] installed python-pycparser (3.00-1)
[2026-04-10T16:06:19+0530] [ALPM] installed python-cffi (2.0.0-2)
[2026-04-10T16:06:19+0530] [ALPM] installed python-cryptography (46.0.7-1)
[2026-04-10T16:06:19+0530] [ALPM] installed python-markupsafe (3.0.3-1)
[2026-04-10T16:06:19+0530] [ALPM] installed python-jinja (1:3.1.6-3)
[2026-04-10T16:06:19+0530] [ALPM] installed llhttp (9.3.1-1)
[2026-04-10T16:06:19+0530] [ALPM] installed python-aiohappyeyeballs (2.6.1-4)
[2026-04-10T16:06:19+0530] [ALPM] installed python-frozenlist (1.8.0-2)
[2026-04-10T16:06:19+0530] [ALPM] installed python-aiosignal (1.4.0-3)
[2026-04-10T16:06:19+0530] [ALPM] installed python-attrs (26.1.0-1)
[2026-04-10T16:06:19+0530] [ALPM] installed python-multidict (6.7.1-1)
[2026-04-10T16:06:19+0530] [ALPM] installed python-propcache (0.4.1-2)
[2026-04-10T16:06:19+0530] [ALPM] installed python-idna (3.11-2)
[2026-04-10T16:06:19+0530] [ALPM] installed python-yarl (1.23.0-1)
[2026-04-10T16:06:19+0530] [ALPM] installed python-aiohttp (3.13.5-1)
[2026-04-10T16:06:19+0530] [ALPM] installed python-bcrypt (5.0.0-2)
[2026-04-10T16:06:19+0530] [ALPM] installed python-gnupg (0.5.6-2)
[2026-04-10T16:06:19+0530] [ALPM] installed python-zipp (3.21.0-4)
[2026-04-10T16:06:19+0530] [ALPM] installed python-importlib-metadata (9.0.0-1)
[2026-04-10T16:06:19+0530] [ALPM] installed python-pyopenssl (26.0.0-1)
[2026-04-10T16:06:19+0530] [ALPM] installed python-charset-normalizer (3.4.7-1)
[2026-04-10T16:06:19+0530] [ALPM] installed python-urllib3 (2.6.3-1)
[2026-04-10T16:06:19+0530] [ALPM] installed python-certifi (2026.02.25-1)
[2026-04-10T16:06:19+0530] [ALPM] installed python-requests (2.33.1-1)
[2026-04-10T16:06:19+0530] [ALPM] installed python-proton-core (0.7.0-3)
[2026-04-10T16:06:19+0530] [ALPM] installed python-proton-vpn-local-agent (1.6.1-1)
[2026-04-10T16:06:19+0530] [ALPM] installed python-pynacl (1.6.2-1)
[2026-04-10T16:06:20+0530] [ALPM] installed python-sentry_sdk (2.57.0-1)
[2026-04-10T16:06:20+0530] [ALPM] installed python-fido2 (2.1.1-1)
[2026-04-10T16:06:20+0530] [ALPM] installed python-proton-vpn-api-core (4.18.0-1)
[2026-04-10T16:06:20+0530] [ALPM] installed wireguard-tools (1.0.20260223-1)
[2026-04-10T16:06:20+0530] [ALPM] installed proton-vpn-daemon (0.13.6-1)
[2026-04-10T16:06:20+0530] [ALPM-SCRIPTLET] Created symlink '/etc/systemd/system/multi-user.target.wants/proton.VPN.service' → '/usr/lib/systemd/system/proton.VPN.service'.
[2026-04-10T16:06:20+0530] [ALPM] installed python-more-itertools (11.0.2-1)
[2026-04-10T16:06:20+0530] [ALPM] installed python-jaraco.classes (3.4.0-3)
[2026-04-10T16:06:20+0530] [ALPM] installed python-jaraco.context (6.1.2-1)
[2026-04-10T16:06:20+0530] [ALPM] installed python-jaraco.functools (4.1.0-3)
[2026-04-10T16:06:20+0530] [ALPM] installed python-jeepney (0.9.0-3)
[2026-04-10T16:06:20+0530] [ALPM] installed python-secretstorage (3.5.0-1)
[2026-04-10T16:06:20+0530] [ALPM] installed python-keyring (25.7.0-3)
[2026-04-10T16:06:20+0530] [ALPM] installed gcr (3.41.2-2)
[2026-04-10T16:06:20+0530] [ALPM] installed gnome-keyring (1:50.0-1)
[2026-04-10T16:06:20+0530] [ALPM-SCRIPTLET] Created symlink '/etc/systemd/user/sockets.target.wants/gnome-keyring-daemon.socket' → '/usr/lib/systemd/user/gnome-keyring-daemon.socket'.
[2026-04-10T16:06:20+0530] [ALPM] installed python-proton-keyring-linux (0.2.1-4)
[2026-04-10T16:06:20+0530] [ALPM] installed proton-vpn-gtk-app (4.15.1-1)
[2026-04-10T16:06:20+0530] [ALPM] transaction completed
[2026-04-10T16:06:20+0530] [ALPM] running '20-systemd-sysusers.hook'...
[2026-04-10T16:06:20+0530] [ALPM-SCRIPTLET] Creating group 'nm-openvpn' with GID 962.
[2026-04-10T16:06:20+0530] [ALPM-SCRIPTLET] Creating user 'nm-openvpn' (NetworkManager OpenVPN) with UID 962 and GID 962.
[2026-04-10T16:06:20+0530] [ALPM-SCRIPTLET] Creating group 'openvpn' with GID 961.
[2026-04-10T16:06:20+0530] [ALPM-SCRIPTLET] Creating user 'openvpn' (OpenVPN) with UID 961 and GID 961.
[2026-04-10T16:06:20+0530] [ALPM] running '21-systemd-tmpfiles.hook'...
[2026-04-10T16:06:21+0530] [ALPM] running '30-systemd-daemon-reload-system.hook'...
[2026-04-10T16:06:21+0530] [ALPM] running '30-systemd-daemon-reload-user.hook'...
[2026-04-10T16:06:21+0530] [ALPM] running '30-update-mime-database.hook'...
[2026-04-10T16:06:21+0530] [ALPM] running '35-systemd-update.hook'...
[2026-04-10T16:06:21+0530] [ALPM] running 'dbus-reload.hook'...
[2026-04-10T16:06:21+0530] [ALPM] running 'glib-compile-schemas.hook'...
[2026-04-10T16:06:21+0530] [ALPM] running 'gtk-update-icon-cache.hook'...
[2026-04-10T16:06:21+0530] [ALPM] running 'update-desktop-database.hook'...
[2026-04-10T16:11:39+0530] [PACMAN] Running 'pacman -S --config /etc/pacman.conf -- extra/imagemagick'
[2026-04-10T16:11:42+0530] [ALPM] transaction started
[2026-04-10T16:11:42+0530] [ALPM] installed liblqr (0.4.3-1)
[2026-04-10T16:11:42+0530] [ALPM] installed libraqm (0.10.4-1)
[2026-04-10T16:11:42+0530] [ALPM] installed imagemagick (7.1.2.18-2)
[2026-04-10T16:11:42+0530] [ALPM] transaction completed
[2026-04-10T16:11:42+0530] [ALPM] running '35-systemd-update.hook'...
[2026-04-10T16:11:42+0530] [ALPM] running 'detect-old-perl-modules.hook'...
[2026-04-10T16:11:43+0530] [PACMAN] Running 'pacman -D -q --asdeps --config /etc/pacman.conf -- imagemagick'
[2026-04-10T16:11:55+0530] [PACMAN] Running 'pacman -U --config /etc/pacman.conf -- /home/soi/.cache/yay/microsoft-edge-stable-bin/microsoft-edge-stable-bin-146.0.3856.97-1-x86_64.pkg.tar.zst'
[2026-04-10T16:11:57+0530] [ALPM] transaction started
[2026-04-10T16:11:58+0530] [ALPM] installed microsoft-edge-stable-bin (146.0.3856.97-1)
[2026-04-10T16:11:58+0530] [ALPM] transaction completed
[2026-04-10T16:11:58+0530] [ALPM] running '35-systemd-update.hook'...
[2026-04-10T16:11:58+0530] [ALPM] running 'gtk-update-icon-cache.hook'...
[2026-04-10T16:11:58+0530] [ALPM] running 'update-desktop-database.hook'...
[2026-04-10T16:11:58+0530] [PACMAN] Running 'pacman -D -q --asexplicit --config /etc/pacman.conf -- microsoft-edge-stable-bin'
[2026-04-10T16:11:58+0530] [PACMAN] Running 'pacman -R -s -u --noconfirm --config /etc/pacman.conf -- imagemagick'
[2026-04-10T16:11:58+0530] [ALPM] transaction started
[2026-04-10T16:11:58+0530] [ALPM] removed imagemagick (7.1.2.18-2)
[2026-04-10T16:11:58+0530] [ALPM] removed libraqm (0.10.4-1)
[2026-04-10T16:11:58+0530] [ALPM] removed liblqr (0.4.3-1)
[2026-04-10T16:11:58+0530] [ALPM] transaction completed
[2026-04-10T16:11:58+0530] [ALPM] running '35-systemd-update.hook'...
[2026-04-10T16:15:44+0530] [PACMAN] Running 'pacman -S feh'
[2026-04-10T16:15:46+0530] [ALPM] transaction started
[2026-04-10T16:15:46+0530] [ALPM] installed imlib2 (1.12.6-1)
[2026-04-10T16:15:46+0530] [ALPM] installed feh (3.11.4-1)
[2026-04-10T16:15:46+0530] [ALPM] transaction completed
[2026-04-10T16:15:46+0530] [ALPM] running '35-systemd-update.hook'...
[2026-04-10T16:15:46+0530] [ALPM] running 'gtk-update-icon-cache.hook'...
[2026-04-10T16:15:46+0530] [ALPM] running 'update-desktop-database.hook'...
[2026-04-10T16:24:13+0530] [PACMAN] Running 'pacman -S --config /etc/pacman.conf -- extra/imagemagick'
[2026-04-10T16:24:14+0530] [ALPM] transaction started
[2026-04-10T16:24:14+0530] [ALPM] installed liblqr (0.4.3-1)
[2026-04-10T16:24:14+0530] [ALPM] installed libraqm (0.10.4-1)
[2026-04-10T16:24:14+0530] [ALPM] installed imagemagick (7.1.2.18-2)
[2026-04-10T16:24:14+0530] [ALPM] transaction completed
[2026-04-10T16:24:14+0530] [ALPM] running '35-systemd-update.hook'...
[2026-04-10T16:24:14+0530] [ALPM] running 'detect-old-perl-modules.hook'...
[2026-04-10T16:24:15+0530] [PACMAN] Running 'pacman -D -q --asdeps --config /etc/pacman.conf -- imagemagick'
[2026-04-10T16:24:18+0530] [PACMAN] Running 'pacman -U --config /etc/pacman.conf -- /home/soi/.cache/yay/microsoft-edge-stable-bin/microsoft-edge-stable-bin-146.0.3856.97-1-x86_64.pkg.tar.zst'
[2026-04-10T16:24:19+0530] [ALPM] transaction started
[2026-04-10T16:24:20+0530] [ALPM] reinstalled microsoft-edge-stable-bin (146.0.3856.97-1)
[2026-04-10T16:24:20+0530] [ALPM] transaction completed
[2026-04-10T16:24:20+0530] [ALPM] running '35-systemd-update.hook'...
[2026-04-10T16:24:20+0530] [ALPM] running 'gtk-update-icon-cache.hook'...
[2026-04-10T16:24:20+0530] [ALPM] running 'update-desktop-database.hook'...
[2026-04-10T16:24:20+0530] [PACMAN] Running 'pacman -D -q --asexplicit --config /etc/pacman.conf -- microsoft-edge-stable-bin'
[2026-04-10T16:25:22+0530] [PACMAN] Running 'pacman -R -n -s --config /etc/pacman.conf -- microsoft-edge-stable'
[2026-04-10T16:25:26+0530] [PACMAN] Running 'pacman -R --config /etc/pacman.conf -- microsoft-edge-stable'
[2026-04-10T16:25:29+0530] [PACMAN] Running 'pacman -R --config /etc/pacman.conf -- microsoft-edge-stable-bin'
[2026-04-10T16:25:31+0530] [ALPM] transaction started
[2026-04-10T16:25:31+0530] [ALPM] removed microsoft-edge-stable-bin (146.0.3856.97-1)
[2026-04-10T16:25:31+0530] [ALPM] transaction completed
[2026-04-10T16:25:31+0530] [ALPM] running '35-systemd-update.hook'...
[2026-04-10T16:25:31+0530] [ALPM] running 'gtk-update-icon-cache.hook'...
[2026-04-10T16:25:31+0530] [ALPM] running 'update-desktop-database.hook'...
[2026-04-10T16:26:04+0530] [PACMAN] Running 'pacman -S microsoft-edge-stable-bin'
[2026-04-10T16:26:18+0530] [PACMAN] Running 'pacman -U --config /etc/pacman.conf -- /home/soi/.cache/yay/microsoft-edge-stable-bin/microsoft-edge-stable-bin-146.0.3856.97-1-x86_64.pkg.tar.zst'
[2026-04-10T16:26:19+0530] [ALPM] transaction started
[2026-04-10T16:26:20+0530] [ALPM] installed microsoft-edge-stable-bin (146.0.3856.97-1)
[2026-04-10T16:26:20+0530] [ALPM] transaction completed
[2026-04-10T16:26:20+0530] [ALPM] running '35-systemd-update.hook'...
[2026-04-10T16:26:20+0530] [ALPM] running 'gtk-update-icon-cache.hook'...
[2026-04-10T16:26:20+0530] [ALPM] running 'update-desktop-database.hook'...
[2026-04-10T16:26:20+0530] [PACMAN] Running 'pacman -D -q --asexplicit --config /etc/pacman.conf -- microsoft-edge-stable-bin'
[2026-04-10T16:28:00+0530] [PACMAN] Running 'pacman -Syu'
[2026-04-10T16:28:00+0530] [PACMAN] synchronizing package lists
[2026-04-10T16:28:03+0530] [PACMAN] starting full system upgrade
[2026-04-10T16:28:05+0530] [ALPM] transaction started
[2026-04-10T16:28:05+0530] [ALPM] upgraded sqlite (3.53.0-1 -> 3.53.0-2)
[2026-04-10T16:28:05+0530] [ALPM] transaction completed
[2026-04-10T16:28:05+0530] [ALPM] running '35-systemd-update.hook'...
[2026-04-10T16:39:12+0530] [PACMAN] Running 'pacman -S lightdm lightdm-gtk-greeter'
[2026-04-10T16:39:14+0530] [ALPM] transaction started
[2026-04-10T16:39:14+0530] [ALPM] reinstalled lightdm (1:1.32.0-6)
[2026-04-10T16:39:14+0530] [ALPM] reinstalled lightdm-gtk-greeter (1:2.0.9-2)
[2026-04-10T16:39:15+0530] [ALPM] transaction completed
[2026-04-10T16:39:15+0530] [ALPM] running '20-systemd-sysusers.hook'...
[2026-04-10T16:39:15+0530] [ALPM] running '21-systemd-tmpfiles.hook'...
[2026-04-10T16:39:15+0530] [ALPM] running '30-systemd-daemon-reload-system.hook'...
[2026-04-10T16:39:15+0530] [ALPM] running '35-systemd-enqueue-marked.hook'...
[2026-04-10T16:39:15+0530] [ALPM] running '35-systemd-update.hook'...
[2026-04-10T16:39:15+0530] [ALPM] running 'accounts-daemon-restart.hook'...
[2026-04-10T16:39:15+0530] [ALPM] running 'dbus-reload.hook'...
[2026-04-10T16:39:15+0530] [ALPM] running 'gtk-update-icon-cache.hook'...
[2026-04-10T16:53:01+0530] [PACMAN] Running 'pacman -S linux-headers'
[2026-04-10T16:53:02+0530] [ALPM] running '70-dkms-upgrade.hook'...
[2026-04-10T16:53:02+0530] [ALPM-SCRIPTLET] ==> dkms remove --no-depmod nvidia/595.58.03 -k 6.19.11-arch1-1
[2026-04-10T16:53:06+0530] [ALPM] transaction started
[2026-04-10T16:53:07+0530] [ALPM] reinstalled linux-headers (6.19.11.arch1-1)
[2026-04-10T16:53:07+0530] [ALPM] transaction completed
[2026-04-10T16:53:07+0530] [ALPM] running '35-systemd-update.hook'...
[2026-04-10T16:53:07+0530] [ALPM] running '60-depmod.hook'...
[2026-04-10T16:53:09+0530] [ALPM] running '70-dkms-install.hook'...
[2026-04-10T16:53:09+0530] [ALPM-SCRIPTLET] ==> dkms install --no-depmod nvidia/595.58.03 -k 6.19.11-arch1-1
[2026-04-10T16:54:14+0530] [ALPM-SCRIPTLET] ==> depmod 6.19.11-arch1-1
[2026-04-10T16:54:33+0530] [PACMAN] Running 'pacman -S --config /etc/pacman.conf -- extra/cmake extra/seatd extra/libayatana-appindicator extra/rust'
[2026-04-10T16:54:45+0530] [ALPM] transaction started
[2026-04-10T16:54:45+0530] [ALPM] installed cppdap (1.58.0-3)
[2026-04-10T16:54:45+0530] [ALPM] installed jsoncpp (1.9.6-3)
[2026-04-10T16:54:45+0530] [ALPM] installed rhash (1.4.6-1)
[2026-04-10T16:54:46+0530] [ALPM] installed cmake (4.3.1-1)
[2026-04-10T16:54:46+0530] [ALPM] installed seatd (0.9.3-1)
[2026-04-10T16:54:46+0530] [ALPM] installed ayatana-ido (0.10.4-1)
[2026-04-10T16:54:46+0530] [ALPM] installed libayatana-indicator (0.9.4-1)
[2026-04-10T16:54:46+0530] [ALPM] installed libayatana-appindicator (0.5.94-1)
[2026-04-10T16:54:46+0530] [ALPM] installed libgit2 (1:1.9.2-3)
[2026-04-10T16:54:46+0530] [ALPM] installed lld (22.1.3-1)
[2026-04-10T16:54:46+0530] [ALPM] installed rust (1:1.94.1-1)
[2026-04-10T16:54:46+0530] [ALPM] transaction completed
[2026-04-10T16:54:46+0530] [ALPM] running '20-systemd-sysusers.hook'...
[2026-04-10T16:54:46+0530] [ALPM-SCRIPTLET] Creating group 'seat' with GID 960.
[2026-04-10T16:54:46+0530] [ALPM] running '30-systemd-daemon-reload-system.hook'...
[2026-04-10T16:54:47+0530] [ALPM] running '30-update-mime-database.hook'...
[2026-04-10T16:54:47+0530] [ALPM] running '35-systemd-update.hook'...
[2026-04-10T16:54:47+0530] [ALPM] running 'gtk-update-icon-cache.hook'...
[2026-04-10T16:54:47+0530] [ALPM] running 'update-desktop-database.hook'...
[2026-04-10T16:54:47+0530] [PACMAN] Running 'pacman -D -q --asdeps --config /etc/pacman.conf -- libayatana-appindicator rust cmake seatd'
[2026-04-10T17:05:23+0530] [PACMAN] Running 'pacman -U --config /etc/pacman.conf -- /home/soi/.cache/yay/asusctl/asusctl-6.3.6-1-x86_64.pkg.tar.zst /home/soi/.cache/yay/asusctl/asusctl-debug-6.3.6-1-x86_64.pkg.tar.zst'
[2026-04-10T17:05:24+0530] [ALPM] transaction started
[2026-04-10T17:05:24+0530] [ALPM] installed asusctl (6.3.6-1)
[2026-04-10T17:05:24+0530] [ALPM-SCRIPTLET] :: asusd provides a service that is activated by an udev rule on
[2026-04-10T17:05:24+0530] [ALPM-SCRIPTLET] :: startup. Please reboot the system or run
[2026-04-10T17:05:24+0530] [ALPM-SCRIPTLET] :: # systemctl start asusd.service
[2026-04-10T17:05:24+0530] [ALPM-SCRIPTLET] :: to make it work.
[2026-04-10T17:05:24+0530] [ALPM-SCRIPTLET] :: See https://gitlab.com/asus-linux/asusctl#kernel-support.
[2026-04-10T17:05:24+0530] [ALPM-SCRIPTLET] :: for latest required kernel patches/versions
[2026-04-10T17:05:24+0530] [ALPM] installed asusctl-debug (6.3.6-1)
[2026-04-10T17:05:24+0530] [ALPM] transaction completed
[2026-04-10T17:05:24+0530] [ALPM] running '30-systemd-daemon-reload-system.hook'...
[2026-04-10T17:05:25+0530] [ALPM] running '35-systemd-udev-reload.hook'...
[2026-04-10T17:05:25+0530] [ALPM] running '35-systemd-update.hook'...
[2026-04-10T17:05:25+0530] [ALPM] running 'dbus-reload.hook'...
[2026-04-10T17:05:25+0530] [PACMAN] Running 'pacman -D -q --asdeps --config /etc/pacman.conf -- asusctl-debug'
[2026-04-10T17:05:25+0530] [PACMAN] Running 'pacman -D -q --asexplicit --config /etc/pacman.conf -- asusctl'
[2026-04-10T17:06:40+0530] [PACMAN] Running 'pacman -U --config /etc/pacman.conf -- /home/soi/.cache/yay/asusctl/rog-control-center-6.3.6-1-x86_64.pkg.tar.zst'
[2026-04-10T17:06:43+0530] [ALPM] transaction started
[2026-04-10T17:06:43+0530] [ALPM] installed rog-control-center (6.3.6-1)
[2026-04-10T17:06:43+0530] [ALPM] transaction completed
[2026-04-10T17:06:43+0530] [ALPM] running '35-systemd-update.hook'...
[2026-04-10T17:06:43+0530] [ALPM] running 'gtk-update-icon-cache.hook'...
[2026-04-10T17:06:43+0530] [ALPM] running 'update-desktop-database.hook'...
[2026-04-10T17:06:43+0530] [PACMAN] Running 'pacman -D -q --asexplicit --config /etc/pacman.conf -- rog-control-center'
[2026-04-10T17:14:06+0530] [PACMAN] Running 'pacman -S flameshot'
[2026-04-10T17:14:09+0530] [ALPM] transaction started
[2026-04-10T17:14:09+0530] [ALPM] installed double-conversion (3.4.0-1)
[2026-04-10T17:14:09+0530] [ALPM] installed libb2 (0.98.1-3)
[2026-04-10T17:14:09+0530] [ALPM] installed md4c (0.5.2-2)
[2026-04-10T17:14:09+0530] [ALPM] installed tslib (1.24-1)
[2026-04-10T17:14:09+0530] [ALPM] installed qt6-translations (6.11.0-1)
[2026-04-10T17:14:10+0530] [ALPM] installed qt6-base (6.11.0-2)
[2026-04-10T17:14:10+0530] [ALPM] installed qt6-svg (6.11.0-2)
[2026-04-10T17:14:10+0530] [ALPM] installed kguiaddons (6.24.0-3)
[2026-04-10T17:14:10+0530] [ALPM] installed flameshot (13.3.0-2)
[2026-04-10T17:14:10+0530] [ALPM] transaction completed
[2026-04-10T17:14:10+0530] [ALPM] running '35-systemd-update.hook'...
[2026-04-10T17:14:10+0530] [ALPM] running 'gtk-update-icon-cache.hook'...
[2026-04-10T17:14:10+0530] [ALPM] running 'update-desktop-database.hook'...
[2026-04-10T17:21:51+0530] [PACMAN] Running '/usr/bin/pacman -S --asdeps squashfs-tools apparmor'
[2026-04-10T17:21:53+0530] [ALPM] transaction started
[2026-04-10T17:21:53+0530] [ALPM] installed squashfs-tools (4.7.5-1)
[2026-04-10T17:21:53+0530] [ALPM] installed python-legacy-cgi (2.6.4-2)
[2026-04-10T17:21:53+0530] [ALPM] installed apparmor (4.1.7-1)
[2026-04-10T17:21:53+0530] [ALPM] transaction completed
[2026-04-10T17:21:53+0530] [ALPM] running '30-systemd-daemon-reload-system.hook'...
[2026-04-10T17:21:53+0530] [ALPM] running '35-systemd-update.hook'...
[2026-04-10T17:21:53+0530] [ALPM] running 'detect-old-perl-modules.hook'...
[2026-04-10T17:21:58+0530] [PACMAN] Running '/usr/bin/pacman -S --asdeps go-tools xfsprogs python-docutils autoconf-archive'
[2026-04-10T17:22:12+0530] [ALPM] transaction started
[2026-04-10T17:22:12+0530] [ALPM] installed go-tools (4:0.44.0-1)
[2026-04-10T17:22:12+0530] [ALPM] installed liburcu (0.15.6-1)
[2026-04-10T17:22:12+0530] [ALPM] installed xfsprogs (6.19.0-1)
[2026-04-10T17:22:12+0530] [ALPM] installed python-docutils (1:0.22.4-1)
[2026-04-10T17:22:12+0530] [ALPM] installed autoconf-archive (1:2024.10.16-4)
[2026-04-10T17:22:13+0530] [ALPM] transaction completed
[2026-04-10T17:22:13+0530] [ALPM] running '30-systemd-daemon-reload-system.hook'...
[2026-04-10T17:22:13+0530] [ALPM] running '35-systemd-udev-reload.hook'...
[2026-04-10T17:22:13+0530] [ALPM] running '35-systemd-update.hook'...
[2026-04-10T17:22:13+0530] [ALPM] running 'texinfo-install.hook'...
[2026-04-10T17:23:24+0530] [PACMAN] Running '/usr/bin/pacman -U /home/soi/snapd/snapd-2.74.1-2-x86_64.pkg.tar.zst'
[2026-04-10T17:23:27+0530] [ALPM] transaction started
[2026-04-10T17:23:27+0530] [ALPM] installed snapd (2.74.1-2)
[2026-04-10T17:23:27+0530] [ALPM] transaction completed
[2026-04-10T17:23:27+0530] [ALPM] running '21-systemd-tmpfiles.hook'...
[2026-04-10T17:23:27+0530] [ALPM] running '30-systemd-daemon-reload-system.hook'...
[2026-04-10T17:23:27+0530] [ALPM] running '30-systemd-daemon-reload-user.hook'...
[2026-04-10T17:23:27+0530] [ALPM] running '35-systemd-update.hook'...
[2026-04-10T17:23:27+0530] [ALPM] running 'dbus-reload.hook'...
[2026-04-10T17:23:27+0530] [ALPM] running 'update-desktop-database.hook'...
[2026-04-10T17:37:10+0530] [PACMAN] Running 'pacman -S --config /etc/pacman.conf -- extra/lsof'
[2026-04-10T17:37:13+0530] [ALPM] transaction started
[2026-04-10T17:37:13+0530] [ALPM] installed lsof (4.99.6-1)
[2026-04-10T17:37:13+0530] [ALPM] transaction completed
[2026-04-10T17:37:13+0530] [ALPM] running '35-systemd-update.hook'...
[2026-04-10T17:37:13+0530] [PACMAN] Running 'pacman -D -q --asdeps --config /etc/pacman.conf -- lsof'
[2026-04-10T17:37:40+0530] [PACMAN] Running 'pacman -U --config /etc/pacman.conf -- /home/soi/.cache/yay/visual-studio-code-bin/visual-studio-code-bin-1.115.0-1-x86_64.pkg.tar.zst'
[2026-04-10T17:39:13+0530] [ALPM] transaction started
[2026-04-10T17:39:14+0530] [ALPM] installed visual-studio-code-bin (1.115.0-1)
[2026-04-10T17:39:14+0530] [ALPM-SCRIPTLET] (B[m[1m[34m==>(B[m[1m[33m NOTE:(B[m[1m Custom flags should be put directly in: ~/.config/code-flags.conf(B[m
[2026-04-10T17:39:14+0530] [ALPM] transaction completed
[2026-04-10T17:39:14+0530] [ALPM] running '30-update-mime-database.hook'...
[2026-04-10T17:39:14+0530] [ALPM] running '35-systemd-update.hook'...
[2026-04-10T17:39:14+0530] [ALPM] running 'update-desktop-database.hook'...
[2026-04-10T17:39:14+0530] [PACMAN] Running 'pacman -D -q --asexplicit --config /etc/pacman.conf -- visual-studio-code-bin'
[2026-04-10T17:51:11+0530] [PACMAN] Running 'pacman -S glmark'
[2026-04-10T17:51:29+0530] [PACMAN] Running 'pacman -S --config /etc/pacman.conf -- extra/glmark2'
[2026-04-10T17:51:35+0530] [ALPM] transaction started
[2026-04-10T17:51:35+0530] [ALPM] installed glmark2 (2023.01-2)
[2026-04-10T17:51:35+0530] [ALPM] transaction completed
[2026-04-10T17:51:35+0530] [ALPM] running '35-systemd-update.hook'...
[2026-04-10T17:51:35+0530] [PACMAN] Running 'pacman -D -q --asexplicit --config /etc/pacman.conf -- glmark2'
[2026-04-10T17:52:06+0530] [PACMAN] Running 'pacman -S nvtop'
[2026-04-10T17:52:08+0530] [ALPM] transaction started
[2026-04-10T17:52:08+0530] [ALPM] installed nvtop (3.3.2-1)
[2026-04-10T17:52:08+0530] [ALPM] transaction completed
[2026-04-10T17:52:08+0530] [ALPM] running '35-systemd-update.hook'...
[2026-04-10T17:52:08+0530] [ALPM] running 'gtk-update-icon-cache.hook'...
[2026-04-10T17:52:08+0530] [ALPM] running 'update-desktop-database.hook'...
[2026-04-10T18:01:36+0530] [PACMAN] Running 'pacman -S pavucontrol'
[2026-04-10T18:01:38+0530] [ALPM] transaction started
[2026-04-10T18:01:38+0530] [ALPM] installed libsigc++-3.0 (3.8.0-1)
[2026-04-10T18:01:38+0530] [ALPM] installed glibmm-2.68 (2.88.0-1)
[2026-04-10T18:01:38+0530] [ALPM] installed cairomm-1.16 (1.18.0-2)
[2026-04-10T18:01:38+0530] [ALPM] installed pangomm-2.48 (2.56.1-1)
[2026-04-10T18:01:38+0530] [ALPM] installed gtkmm-4.0 (4.22.0-1)
[2026-04-10T18:01:38+0530] [ALPM] installed pavucontrol (1:6.2-1)
[2026-04-10T18:01:38+0530] [ALPM] transaction completed
[2026-04-10T18:01:38+0530] [ALPM] running '35-systemd-update.hook'...
[2026-04-10T18:01:38+0530] [ALPM] running 'gtk-update-icon-cache.hook'...
[2026-04-10T18:01:38+0530] [ALPM] running 'update-desktop-database.hook'...
[2026-04-10T18:52:23+0530] [PACMAN] Running 'pacman -S betterlockscreen'
[2026-04-10T18:52:59+0530] [PACMAN] Running 'pacman -S --config /etc/pacman.conf -- extra/xorg-xset extra/xorg-xdpyinfo extra/bc'
[2026-04-10T18:53:08+0530] [ALPM] transaction started
[2026-04-10T18:53:08+0530] [ALPM] installed xorg-xset (1.2.5-2)
[2026-04-10T18:53:08+0530] [ALPM] installed xorg-xdpyinfo (1.4.0-1)
[2026-04-10T18:53:08+0530] [ALPM] installed bc (1.08.2-1)
[2026-04-10T18:53:08+0530] [ALPM] transaction completed
[2026-04-10T18:53:08+0530] [ALPM] running '35-systemd-update.hook'...
[2026-04-10T18:53:08+0530] [ALPM] running 'texinfo-install.hook'...
[2026-04-10T18:53:09+0530] [PACMAN] Running 'pacman -D -q --asdeps --config /etc/pacman.conf -- xorg-xset xorg-xdpyinfo bc'
[2026-04-10T18:53:26+0530] [PACMAN] Running 'pacman -U --config /etc/pacman.conf -- /home/soi/.cache/yay/i3lock-color/i3lock-color-2.13.c.5-3-x86_64.pkg.tar.zst /home/soi/.cache/yay/i3lock-color/i3lock-color-debug-2.13.c.5-3-x86_64.pkg.tar.zst'
[2026-04-10T18:53:51+0530] [ALPM] transaction started
[2026-04-10T18:53:52+0530] [ALPM] removed i3lock (2.16-1)
[2026-04-10T18:53:52+0530] [ALPM] installed i3lock-color (2.13.c.5-3)
[2026-04-10T18:53:52+0530] [ALPM] installed i3lock-color-debug (2.13.c.5-3)
[2026-04-10T18:53:52+0530] [ALPM] transaction completed
[2026-04-10T18:53:52+0530] [ALPM] running '35-systemd-update.hook'...
[2026-04-10T18:53:52+0530] [PACMAN] Running 'pacman -D -q --asdeps --config /etc/pacman.conf -- i3lock-color i3lock-color-debug'
[2026-04-10T18:53:56+0530] [PACMAN] Running 'pacman -U --config /etc/pacman.conf -- /home/soi/.cache/yay/betterlockscreen/betterlockscreen-4.4.0-1-any.pkg.tar.zst'
[2026-04-10T18:53:57+0530] [ALPM] transaction started
[2026-04-10T18:53:57+0530] [ALPM] installed betterlockscreen (4.4.0-1)
[2026-04-10T18:53:57+0530] [ALPM] transaction completed
[2026-04-10T18:53:57+0530] [ALPM] running '30-systemd-daemon-reload-system.hook'...
[2026-04-10T18:53:57+0530] [ALPM] running '35-systemd-update.hook'...
[2026-04-10T18:53:57+0530] [PACMAN] Running 'pacman -D -q --asexplicit --config /etc/pacman.conf -- betterlockscreen'
[2026-04-10T18:55:27+0530] [PACMAN] Running 'pacman -S xorg-xset'
[2026-04-10T18:55:27+0530] [ALPM] transaction started
[2026-04-10T18:55:27+0530] [ALPM] reinstalled xorg-xset (1.2.5-2)
[2026-04-10T18:55:27+0530] [ALPM] transaction completed
[2026-04-10T18:55:27+0530] [ALPM] running '35-systemd-update.hook'...
[2026-04-10T21:38:48+0530] [PACMAN] Running 'pacman -Rns rust'
[2026-04-10T21:38:49+0530] [ALPM] transaction started
[2026-04-10T21:38:49+0530] [ALPM] removed rust (1:1.94.1-1)
[2026-04-10T21:38:49+0530] [ALPM] removed lld (22.1.3-1)
[2026-04-10T21:38:49+0530] [ALPM] removed libgit2 (1:1.9.2-3)
[2026-04-10T21:38:49+0530] [ALPM] transaction completed
[2026-04-10T21:38:49+0530] [ALPM] running '35-systemd-update.hook'...
[2026-04-11T12:44:57+0530] [PACMAN] Running 'pacman -S github-cli'
[2026-04-11T12:45:01+0530] [ALPM] transaction started
[2026-04-11T12:45:01+0530] [ALPM] installed github-cli (2.89.0-1)
[2026-04-11T12:45:02+0530] [ALPM] transaction completed
[2026-04-11T12:45:02+0530] [ALPM] running '35-systemd-update.hook'...
[2026-04-11T12:50:40+0530] [PACMAN] Running 'pacman -S --config /etc/pacman.conf -- extra/rust'
[2026-04-11T12:50:42+0530] [ALPM] transaction started
[2026-04-11T12:50:42+0530] [ALPM] installed libgit2 (1:1.9.2-3)
[2026-04-11T12:50:42+0530] [ALPM] installed lld (22.1.3-1)
[2026-04-11T12:50:42+0530] [ALPM] installed rust (1:1.94.1-1)
[2026-04-11T12:50:42+0530] [ALPM] transaction completed
[2026-04-11T12:50:42+0530] [ALPM] running '35-systemd-update.hook'...
[2026-04-11T12:50:42+0530] [PACMAN] Running 'pacman -D -q --asdeps --config /etc/pacman.conf -- rust'
[2026-04-11T12:51:35+0530] [PACMAN] Running 'pacman -U --config /etc/pacman.conf -- /home/soi/.cache/yay/supergfxctl/supergfxctl-5.2.7-2-x86_64.pkg.tar.zst'
[2026-04-11T12:51:36+0530] [ALPM] transaction started
[2026-04-11T12:51:36+0530] [ALPM] installed supergfxctl (5.2.7-2)
[2026-04-11T12:51:36+0530] [ALPM] transaction completed
[2026-04-11T12:51:36+0530] [ALPM] running '30-systemd-daemon-reload-system.hook'...
[2026-04-11T12:51:37+0530] [ALPM] running '35-systemd-udev-reload.hook'...
[2026-04-11T12:51:41+0530] [ALPM] running '35-systemd-update.hook'...
[2026-04-11T12:51:41+0530] [ALPM] running 'dbus-reload.hook'...
[2026-04-11T12:51:41+0530] [PACMAN] Running 'pacman -D -q --asexplicit --config /etc/pacman.conf -- supergfxctl'
[2026-04-11T12:51:41+0530] [PACMAN] Running 'pacman -R -s -u --noconfirm --config /etc/pacman.conf -- rust'
[2026-04-11T12:51:41+0530] [ALPM] transaction started
[2026-04-11T12:51:41+0530] [ALPM] removed rust (1:1.94.1-1)
[2026-04-11T12:51:41+0530] [ALPM] removed lld (22.1.3-1)
[2026-04-11T12:51:41+0530] [ALPM] removed libgit2 (1:1.9.2-3)
[2026-04-11T12:51:41+0530] [ALPM] transaction completed
[2026-04-11T12:51:41+0530] [ALPM] running '35-systemd-update.hook'...
[2026-04-11T16:06:20+0530] [PACMAN] Running 'pacman -S --config /etc/pacman.conf -- extra/glu extra/qt5-base extra/qt5-x11extras extra/qt5-tools'
[2026-04-11T16:06:25+0530] [ALPM] transaction started
[2026-04-11T16:06:25+0530] [ALPM] installed glu (9.0.3-3)
[2026-04-11T16:06:25+0530] [ALPM] installed qt5-translations (5.15.18-1)
[2026-04-11T16:06:25+0530] [ALPM] installed qt5-base (5.15.18+kde+r109-2)
[2026-04-11T16:06:25+0530] [ALPM] installed qt5-x11extras (5.15.18-1)
[2026-04-11T16:06:25+0530] [ALPM] installed qt5-tools (5.15.18+kde+r3-2)
[2026-04-11T16:06:25+0530] [ALPM] transaction completed
[2026-04-11T16:06:25+0530] [ALPM] running '35-systemd-update.hook'...
[2026-04-11T16:06:26+0530] [PACMAN] Running 'pacman -D -q --asdeps --config /etc/pacman.conf -- qt5-base qt5-x11extras qt5-tools glu'
[2026-04-11T16:08:41+0530] [PACMAN] Running 'pacman -U --config /etc/pacman.conf -- /home/soi/.cache/yay/simplescreenrecorder/simplescreenrecorder-0.4.4-4-x86_64.pkg.tar.zst /home/soi/.cache/yay/simplescreenrecorder/simplescreenrecorder-debug-0.4.4-4-x86_64.pkg.tar.zst'
[2026-04-11T16:08:46+0530] [ALPM] transaction started
[2026-04-11T16:08:46+0530] [ALPM] installed simplescreenrecorder (0.4.4-4)
[2026-04-11T16:08:46+0530] [ALPM] installed simplescreenrecorder-debug (0.4.4-4)
[2026-04-11T16:08:46+0530] [ALPM] transaction completed
[2026-04-11T16:08:46+0530] [ALPM] running '35-systemd-update.hook'...
[2026-04-11T16:08:46+0530] [ALPM] running 'gtk-update-icon-cache.hook'...
[2026-04-11T16:08:46+0530] [ALPM] running 'update-desktop-database.hook'...
[2026-04-11T16:08:46+0530] [PACMAN] Running 'pacman -D --asdeps -q --config /etc/pacman.conf -- simplescreenrecorder-debug'
[2026-04-11T16:08:46+0530] [PACMAN] Running 'pacman -D -q --asexplicit --config /etc/pacman.conf -- simplescreenrecorder'
[2026-04-11T16:08:46+0530] [PACMAN] Running 'pacman -R -s -u --noconfirm --config /etc/pacman.conf -- qt5-tools'
[2026-04-11T16:08:46+0530] [ALPM] transaction started
[2026-04-11T16:08:46+0530] [ALPM] removed qt5-tools (5.15.18+kde+r3-2)
[2026-04-11T16:08:47+0530] [ALPM] transaction completed
[2026-04-11T16:08:47+0530] [ALPM] running '35-systemd-update.hook'...
[2026-04-11T16:13:32+0530] [PACMAN] Running 'pacman -S vlc vlc-plugin-ffmpeg'
[2026-04-11T16:13:38+0530] [ALPM] transaction started
[2026-04-11T16:13:38+0530] [ALPM] installed libvlc (3.0.22-3)
[2026-04-11T16:13:38+0530] [ALPM] installed qt5-svg (5.15.18+kde+r5-1)
[2026-04-11T16:13:38+0530] [ALPM] installed qt5-declarative (5.15.18+kde+r23-1)
[2026-04-11T16:13:38+0530] [ALPM] installed qt5-wayland (5.15.18+kde+r55-1)
[2026-04-11T16:13:38+0530] [ALPM] installed vlc-plugin-alsa (3.0.22-3)
[2026-04-11T16:13:38+0530] [ALPM] installed a52dec (0.8.0-3)
[2026-04-11T16:13:38+0530] [ALPM] installed vlc-plugin-a52dec (3.0.22-3)
[2026-04-11T16:13:38+0530] [ALPM] installed vlc-plugin-archive (3.0.22-3)
[2026-04-11T16:13:38+0530] [ALPM] installed vlc-plugin-dav1d (3.0.22-3)
[2026-04-11T16:13:38+0530] [ALPM] installed vlc-plugin-dbus (3.0.22-3)
[2026-04-11T16:13:38+0530] [ALPM] installed vlc-plugin-dbus-screensaver (3.0.22-3)
[2026-04-11T16:13:38+0530] [ALPM] installed faad2 (2.11.2-1)
[2026-04-11T16:13:38+0530] [ALPM] installed vlc-plugin-faad2 (3.0.22-3)
[2026-04-11T16:13:38+0530] [ALPM] installed vlc-plugin-flac (3.0.22-3)
[2026-04-11T16:13:38+0530] [ALPM] installed vlc-plugin-gnutls (3.0.22-3)
[2026-04-11T16:13:38+0530] [ALPM] installed vlc-plugin-inflate (3.0.22-3)
[2026-04-11T16:13:38+0530] [ALPM] installed vlc-plugin-jpeg (3.0.22-3)
[2026-04-11T16:13:38+0530] [ALPM] installed vlc-plugin-journal (3.0.22-3)
[2026-04-11T16:13:38+0530] [ALPM] installed vlc-plugin-mpg123 (3.0.22-3)
[2026-04-11T16:13:38+0530] [ALPM] installed vlc-plugin-ogg (3.0.22-3)
[2026-04-11T16:13:38+0530] [ALPM] installed vlc-plugin-opus (3.0.22-3)
[2026-04-11T16:13:38+0530] [ALPM] installed vlc-plugin-png (3.0.22-3)
[2026-04-11T16:13:38+0530] [ALPM] installed libshout (1:2.4.6-5)
[2026-04-11T16:13:38+0530] [ALPM] installed vlc-plugin-shout (3.0.22-3)
[2026-04-11T16:13:38+0530] [ALPM] installed vlc-plugin-speex (3.0.22-3)
[2026-04-11T16:13:38+0530] [ALPM] installed taglib (2.2.1-1)
[2026-04-11T16:13:38+0530] [ALPM] installed vlc-plugin-tag (3.0.22-3)
[2026-04-11T16:13:38+0530] [ALPM] installed vlc-plugin-theora (3.0.22-3)
[2026-04-11T16:13:38+0530] [ALPM] installed twolame (0.4.0-4)
[2026-04-11T16:13:38+0530] [ALPM] installed vlc-plugin-twolame (3.0.22-3)
[2026-04-11T16:13:38+0530] [ALPM] installed vlc-plugin-vorbis (3.0.22-3)
[2026-04-11T16:13:38+0530] [ALPM] installed vlc-plugin-vpx (3.0.22-3)
[2026-04-11T16:13:38+0530] [ALPM] installed vlc-plugin-xml (3.0.22-3)
[2026-04-11T16:13:38+0530] [ALPM] installed vlc-plugins-base (3.0.22-3)
[2026-04-11T16:13:38+0530] [ALPM] installed vlc-cli (3.0.22-3)
[2026-04-11T16:13:38+0530] [ALPM] installed vlc-plugin-lua (3.0.22-3)
[2026-04-11T16:13:38+0530] [ALPM] installed vlc-plugin-pulse (3.0.22-3)
[2026-04-11T16:13:38+0530] [ALPM] installed vlc-plugins-video-output (3.0.22-3)
[2026-04-11T16:13:38+0530] [ALPM] installed vlc-gui-qt (3.0.22-3)
[2026-04-11T16:13:38+0530] [ALPM] installed vlc (3.0.22-3)
[2026-04-11T16:13:38+0530] [ALPM] installed libmfx (23.2.2-6)
[2026-04-11T16:13:39+0530] [ALPM] installed ffmpeg4.4 (4.4.6-5)
[2026-04-11T16:13:39+0530] [ALPM] installed vlc-plugin-ffmpeg (3.0.22-3)
[2026-04-11T16:13:39+0530] [ALPM] transaction completed
[2026-04-11T16:13:39+0530] [ALPM] running '35-systemd-update.hook'...
[2026-04-11T16:13:39+0530] [ALPM] running 'gtk-update-icon-cache.hook'...
[2026-04-11T16:13:39+0530] [ALPM] running 'update-desktop-database.hook'...
[2026-04-11T16:13:39+0530] [ALPM] running 'update-vlc-plugin-cache.hook'...
[2026-04-11T16:37:45+0530] [PACMAN] Running 'pacman -S less'
[2026-04-11T16:37:46+0530] [ALPM] transaction started
[2026-04-11T16:37:46+0530] [ALPM] installed less (1:692-1)
[2026-04-11T16:37:46+0530] [ALPM] transaction completed
[2026-04-11T16:37:46+0530] [ALPM] running '35-systemd-update.hook'...
[2026-04-11T16:42:41+0530] [PACMAN] Running 'pacman -S tree'
[2026-04-11T16:42:42+0530] [ALPM] transaction started
[2026-04-11T16:42:42+0530] [ALPM] installed tree (2.3.2-1)
[2026-04-11T16:42:42+0530] [ALPM] transaction completed
[2026-04-11T16:42:42+0530] [ALPM] running '35-systemd-update.hook'...
[2026-04-11T20:17:40+0530] [PACMAN] Running 'pacman -U --config /etc/pacman.conf -- /home/soi/.cache/yay/minecraft-launcher/minecraft-launcher-1:2.1.3-3-x86_64.pkg.tar.zst /home/soi/.cache/yay/minecraft-launcher/minecraft-launcher-debug-1:2.1.3-3-x86_64.pkg.tar.zst'
[2026-04-11T20:17:41+0530] [ALPM] transaction started
[2026-04-11T20:17:41+0530] [ALPM] installed minecraft-launcher (1:2.1.3-3)
[2026-04-11T20:17:41+0530] [ALPM] installed minecraft-launcher-debug (1:2.1.3-3)
[2026-04-11T20:17:41+0530] [ALPM] transaction completed
[2026-04-11T20:17:41+0530] [ALPM] running '35-systemd-update.hook'...
[2026-04-11T20:17:41+0530] [ALPM] running 'gtk-update-icon-cache.hook'...
[2026-04-11T20:17:41+0530] [ALPM] running 'update-desktop-database.hook'...
[2026-04-11T20:17:41+0530] [PACMAN] Running 'pacman -D -q --asdeps --config /etc/pacman.conf -- minecraft-launcher-debug'
[2026-04-11T20:17:41+0530] [PACMAN] Running 'pacman -D -q --asexplicit --config /etc/pacman.conf -- minecraft-launcher'
[2026-04-11T20:20:08+0530] [PACMAN] Running 'pacman -R -n -s --config /etc/pacman.conf -- minecraft-launcher'
[2026-04-11T20:20:10+0530] [ALPM] transaction started
[2026-04-11T20:20:10+0530] [ALPM] removed minecraft-launcher (1:2.1.3-3)
[2026-04-11T20:20:10+0530] [ALPM] transaction completed
[2026-04-11T20:20:10+0530] [ALPM] running '35-systemd-update.hook'...
[2026-04-11T20:20:10+0530] [ALPM] running 'gtk-update-icon-cache.hook'...
[2026-04-11T20:20:10+0530] [ALPM] running 'update-desktop-database.hook'...
[2026-04-11T20:20:42+0530] [PACMAN] Running 'pacman -S --config /etc/pacman.conf -- extra/jdk-openjdk'
[2026-04-11T20:21:06+0530] [PACMAN] Running 'pacman -S --config /etc/pacman.conf -- extra/jdk-openjdk'
[2026-04-11T20:21:27+0530] [PACMAN] Running 'pacman -S --config /etc/pacman.conf -- extra/jdk-openjdk'
[2026-04-11T20:22:21+0530] [ALPM] transaction started
[2026-04-11T20:22:21+0530] [ALPM] installed java-runtime-common (3-6)
[2026-04-11T20:22:21+0530] [ALPM-SCRIPTLET] For the complete set of Java binaries to be available in your PATH,
[2026-04-11T20:22:21+0530] [ALPM-SCRIPTLET] you need to re-login or source /etc/profile
[2026-04-11T20:22:21+0530] [ALPM-SCRIPTLET] Please note that this package does not support forcing JAVA_HOME as former package java-common did
[2026-04-11T20:22:21+0530] [ALPM] installed libnet (2:1.3-1)
[2026-04-11T20:22:21+0530] [ALPM] installed java-environment-common (3-6)
[2026-04-11T20:22:21+0530] [ALPM] installed jdk-openjdk (26.u35-1)
[2026-04-11T20:22:21+0530] [ALPM] transaction completed
[2026-04-11T20:22:21+0530] [ALPM] running '35-systemd-update.hook'...
[2026-04-11T20:22:21+0530] [ALPM] running 'gtk-update-icon-cache.hook'...
[2026-04-11T20:22:22+0530] [ALPM] running 'update-desktop-database.hook'...
[2026-04-11T20:22:22+0530] [PACMAN] Running 'pacman -D -q --asdeps --config /etc/pacman.conf -- jdk-openjdk'
[2026-04-11T20:22:25+0530] [PACMAN] Running 'pacman -U --config /etc/pacman.conf -- /home/soi/.cache/yay/legacy-launcher/legacy-launcher-latest-1-any.pkg.tar.zst'
[2026-04-11T20:22:27+0530] [ALPM] transaction started
[2026-04-11T20:22:27+0530] [ALPM] installed legacy-launcher (latest-1)
[2026-04-11T20:22:27+0530] [ALPM] transaction completed
[2026-04-11T20:22:27+0530] [ALPM] running '35-systemd-update.hook'...
[2026-04-11T20:22:27+0530] [ALPM] running 'update-desktop-database.hook'...
[2026-04-11T20:22:27+0530] [PACMAN] Running 'pacman -D -q --asexplicit --config /etc/pacman.conf -- legacy-launcher'
[2026-04-11T20:26:27+0530] [PACMAN] Running 'pacman -R -n -s --config /etc/pacman.conf -- legacy-launcher'
[2026-04-11T20:26:29+0530] [ALPM] transaction started
[2026-04-11T20:26:29+0530] [ALPM] removed legacy-launcher (latest-1)
[2026-04-11T20:26:29+0530] [ALPM] removed jdk-openjdk (26.u35-1)
[2026-04-11T20:26:29+0530] [ALPM] removed libnet (2:1.3-1)
[2026-04-11T20:26:29+0530] [ALPM] removed java-runtime-common (3-6)
[2026-04-11T20:26:29+0530] [ALPM] removed java-environment-common (3-6)
[2026-04-11T20:26:29+0530] [ALPM] transaction completed
[2026-04-11T20:26:29+0530] [ALPM] running '35-systemd-update.hook'...
[2026-04-11T20:26:29+0530] [ALPM] running 'gtk-update-icon-cache.hook'...
[2026-04-11T20:26:29+0530] [ALPM] running 'update-desktop-database.hook'...
[2026-04-11T20:27:00+0530] [PACMAN] Running 'pacman -U --config /etc/pacman.conf -- /home/soi/.cache/yay/tlauncher-installer/tlauncher-installer-1.0-1-any.pkg.tar.zst /home/soi/.cache/yay/tlauncher-installer/tlauncher-installer-debug-1.0-1-any.pkg.tar.zst'
[2026-04-11T20:27:02+0530] [ALPM] transaction started
[2026-04-11T20:27:02+0530] [ALPM] installed tlauncher-installer (1.0-1)
[2026-04-11T20:27:02+0530] [ALPM] installed tlauncher-installer-debug (1.0-1)
[2026-04-11T20:27:02+0530] [ALPM] transaction completed
[2026-04-11T20:27:02+0530] [ALPM] running '35-systemd-update.hook'...
[2026-04-11T20:27:02+0530] [ALPM] running 'update-desktop-database.hook'...
[2026-04-11T20:27:02+0530] [PACMAN] Running 'pacman -D -q --asdeps --config /etc/pacman.conf -- tlauncher-installer-debug'
[2026-04-11T20:27:02+0530] [PACMAN] Running 'pacman -D -q --asexplicit --config /etc/pacman.conf -- tlauncher-installer'
[2026-04-11T20:27:25+0530] [PACMAN] Running 'pacman -U --config /etc/pacman.conf -- /home/soi/.cache/yay/tlauncher-installer/tlauncher-installer-1.0-1-any.pkg.tar.zst /home/soi/.cache/yay/tlauncher-installer/tlauncher-installer-debug-1.0-1-any.pkg.tar.zst'
[2026-04-11T20:27:27+0530] [ALPM] transaction started
[2026-04-11T20:27:27+0530] [ALPM] reinstalled tlauncher-installer (1.0-1)
[2026-04-11T20:27:27+0530] [ALPM] reinstalled tlauncher-installer-debug (1.0-1)
[2026-04-11T20:27:27+0530] [ALPM] transaction completed
[2026-04-11T20:27:27+0530] [ALPM] running '35-systemd-update.hook'...
[2026-04-11T20:27:27+0530] [ALPM] running 'update-desktop-database.hook'...
[2026-04-11T20:27:27+0530] [PACMAN] Running 'pacman -D -q --asdeps --config /etc/pacman.conf -- tlauncher-installer-debug'
[2026-04-11T20:27:27+0530] [PACMAN] Running 'pacman -D --asexplicit -q --config /etc/pacman.conf -- tlauncher-installer'
[2026-04-11T20:27:58+0530] [PACMAN] Running 'pacman -R -n -s --config /etc/pacman.conf -- tlauncher-installer'
[2026-04-11T20:27:59+0530] [ALPM] transaction started
[2026-04-11T20:27:59+0530] [ALPM] removed tlauncher-installer (1.0-1)
[2026-04-11T20:27:59+0530] [ALPM] transaction completed
[2026-04-11T20:27:59+0530] [ALPM] running '35-systemd-update.hook'...
[2026-04-11T20:27:59+0530] [ALPM] running 'update-desktop-database.hook'...
[2026-04-11T20:32:47+0530] [PACMAN] Running 'pacman -S prismlauncher'
[2026-04-11T20:32:53+0530] [ALPM] transaction started
[2026-04-11T20:32:53+0530] [ALPM] installed mesa-utils (9.0.0-7)
[2026-04-11T20:32:53+0530] [ALPM] installed java-runtime-common (3-6)
[2026-04-11T20:32:53+0530] [ALPM-SCRIPTLET] For the complete set of Java binaries to be available in your PATH,
[2026-04-11T20:32:53+0530] [ALPM-SCRIPTLET] you need to re-login or source /etc/profile
[2026-04-11T20:32:53+0530] [ALPM-SCRIPTLET] Please note that this package does not support forcing JAVA_HOME as former package java-common did
[2026-04-11T20:32:53+0530] [ALPM] installed libnet (2:1.3-1)
[2026-04-11T20:32:53+0530] [ALPM] installed java-environment-common (3-6)
[2026-04-11T20:32:54+0530] [ALPM] installed jdk-openjdk (26.u35-1)
[2026-04-11T20:32:54+0530] [ALPM] installed qrencode (4.1.1-4)
[2026-04-11T20:32:54+0530] [ALPM] installed freeglut (3.8.0-1)
[2026-04-11T20:32:54+0530] [ALPM] installed jasper (4.2.9-1)
[2026-04-11T20:32:54+0530] [ALPM] installed libmng (2.0.3-4)
[2026-04-11T20:32:54+0530] [ALPM] installed qt6-imageformats (6.11.0-1)
[2026-04-11T20:32:54+0530] [ALPM] installed qt6-networkauth (6.11.0-1)
[2026-04-11T20:32:54+0530] [ALPM] installed tomlplusplus (3.4.0-2)
[2026-04-11T20:32:54+0530] [ALPM] installed cmark (0.31.2-1)
[2026-04-11T20:32:54+0530] [ALPM] installed prismlauncher (10.0.5-2)
[2026-04-11T20:32:54+0530] [ALPM] transaction completed
[2026-04-11T20:32:54+0530] [ALPM] running '30-update-mime-database.hook'...
[2026-04-11T20:32:54+0530] [ALPM] running '35-systemd-update.hook'...
[2026-04-11T20:32:55+0530] [ALPM] running 'gtk-update-icon-cache.hook'...
[2026-04-11T20:32:55+0530] [ALPM] running 'update-desktop-database.hook'...
[2026-04-11T20:38:25+0530] [PACMAN] Running 'pacman -S --config /etc/pacman.conf -- extra/ncdu'
[2026-04-11T20:38:26+0530] [ALPM] transaction started
[2026-04-11T20:38:26+0530] [ALPM] installed ncdu (2.9.2-1)
[2026-04-11T20:38:26+0530] [ALPM] transaction completed
[2026-04-11T20:38:26+0530] [ALPM] running '35-systemd-update.hook'...
[2026-04-11T20:38:26+0530] [PACMAN] Running 'pacman -D -q --asexplicit --config /etc/pacman.conf -- ncdu'
[2026-04-11T20:38:37+0530] [PACMAN] Running 'pacman -S --config /etc/pacman.conf -- extra/plocate'
[2026-04-11T20:38:38+0530] [ALPM] transaction started
[2026-04-11T20:38:38+0530] [ALPM] installed plocate (1.1.24-1)
[2026-04-11T20:38:38+0530] [ALPM] transaction completed
[2026-04-11T20:38:38+0530] [ALPM] running '20-systemd-sysusers.hook'...
[2026-04-11T20:38:38+0530] [ALPM-SCRIPTLET] Creating group 'locate' with GID 21.
[2026-04-11T20:38:38+0530] [ALPM] running '21-systemd-tmpfiles.hook'...
[2026-04-11T20:38:38+0530] [ALPM] running '30-systemd-daemon-reload-system.hook'...
[2026-04-11T20:38:39+0530] [ALPM] running '35-systemd-update.hook'...
[2026-04-11T20:38:39+0530] [PACMAN] Running 'pacman -D -q --asexplicit --config /etc/pacman.conf -- plocate'
[2026-04-12T14:39:50+0530] [PACMAN] Running 'pacman -S --config /etc/pacman.conf -- extra/spotify-launcher'
[2026-04-12T14:39:53+0530] [ALPM] transaction started
[2026-04-12T14:39:53+0530] [ALPM] installed libcurl-gnutls (8.19.0-1)
[2026-04-12T14:39:53+0530] [ALPM] installed sequoia-sqv (1.3.0-1)
[2026-04-12T14:39:53+0530] [ALPM] installed zenity (4.2.2-1)
[2026-04-12T14:39:53+0530] [ALPM] installed spotify-launcher (0.6.5-1)
[2026-04-12T14:39:53+0530] [ALPM] transaction completed
[2026-04-12T14:39:53+0530] [ALPM] running '35-systemd-update.hook'...
[2026-04-12T14:39:53+0530] [ALPM] running 'gtk-update-icon-cache.hook'...
[2026-04-12T14:39:53+0530] [ALPM] running 'update-desktop-database.hook'...
[2026-04-12T14:39:53+0530] [PACMAN] Running 'pacman -D -q --asexplicit --config /etc/pacman.conf -- spotify-launcher'
[2026-04-22T11:01:41+0530] [PACMAN] Running 'pacman -S libvirt virt-manager qemu-full dnsmasq dmidecode'
[2026-04-22T11:02:33+0530] [ALPM] transaction started
[2026-04-22T11:02:33+0530] [ALPM] installed libnbd (1.24.2-2)
[2026-04-22T11:02:33+0530] [ALPM] installed numactl (2.0.19-1)
[2026-04-22T11:02:33+0530] [ALPM] installed libvirt (1:12.2.0-1)
[2026-04-22T11:02:33+0530] [ALPM] installed cpio (2.15-3)
[2026-04-22T11:02:33+0530] [ALPM] installed libburn (1.5.8-1)
[2026-04-22T11:02:33+0530] [ALPM] installed libisofs (1.5.8.1-1)
[2026-04-22T11:02:33+0530] [ALPM] installed libisoburn (1.5.8-1)
[2026-04-22T11:02:33+0530] [ALPM] installed libvirt-python (1:12.2.0-1)
[2026-04-22T11:02:33+0530] [ALPM] installed virt-install (5.1.0-3)
[2026-04-22T11:02:33+0530] [ALPM] installed gtk-vnc (1.5.0-1)
[2026-04-22T11:02:33+0530] [ALPM] installed libvirt-glib (5.0.0-3)
[2026-04-22T11:02:33+0530] [ALPM] installed cdparanoia (10.2-9)
[2026-04-22T11:02:33+0530] [ALPM] installed gst-plugins-base (1.28.2-1)
[2026-04-22T11:02:33+0530] [ALPM] installed aalib (1.4rc5-19)
[2026-04-22T11:02:33+0530] [ALPM] installed libcaca (0.99.beta20-7)
[2026-04-22T11:02:33+0530] [ALPM] installed libdv (1.0.0-12)
[2026-04-22T11:02:33+0530] [ALPM] installed wavpack (5.9.0-1)
[2026-04-22T11:02:33+0530] [ALPM] installed gst-plugins-good (1.28.2-1)
[2026-04-22T11:02:33+0530] [ALPM] installed libcacard (2.8.1-1)
[2026-04-22T11:02:33+0530] [ALPM] installed phodav (3.0-4)
[2026-04-22T11:02:33+0530] [ALPM] installed spice-protocol (0.14.5-1)
[2026-04-22T11:02:33+0530] [ALPM] installed usbredir (0.15.0-1)
[2026-04-22T11:02:33+0530] [ALPM] installed spice-gtk (0.42-5)
[2026-04-22T11:02:33+0530] [ALPM] installed vte-common (0.84.0-1)
[2026-04-22T11:02:33+0530] [ALPM] installed vte3 (0.84.0-1)
[2026-04-22T11:02:33+0530] [ALPM] installed gtksourceview4 (4.8.4-2)
[2026-04-22T11:02:33+0530] [ALPM] installed virt-manager (5.1.0-3)
[2026-04-22T11:02:33+0530] [ALPM] installed qemu-common (10.2.2-3)
[2026-04-22T11:02:34+0530] [ALPM] installed qemu-audio-alsa (10.2.2-3)
[2026-04-22T11:02:34+0530] [ALPM] installed qemu-audio-dbus (10.2.2-3)
[2026-04-22T11:02:34+0530] [ALPM] installed qemu-audio-jack (10.2.2-3)
[2026-04-22T11:02:34+0530] [ALPM] installed qemu-audio-oss (10.2.2-3)
[2026-04-22T11:02:34+0530] [ALPM] installed qemu-audio-pa (10.2.2-3)
[2026-04-22T11:02:34+0530] [ALPM] installed qemu-audio-sdl (10.2.2-3)
[2026-04-22T11:02:34+0530] [ALPM] installed qemu-ui-opengl (10.2.2-3)
[2026-04-22T11:02:34+0530] [ALPM] installed spice (0.16.0-2)
[2026-04-22T11:02:34+0530] [ALPM] installed qemu-ui-spice-core (10.2.2-3)
[2026-04-22T11:02:34+0530] [ALPM] installed qemu-audio-spice (10.2.2-3)
[2026-04-22T11:02:34+0530] [ALPM] installed libaio (0.3.113-3)
[2026-04-22T11:02:34+0530] [ALPM] installed rpcbind (1.2.8-1)
[2026-04-22T11:02:34+0530] [ALPM] installed glusterfs (1:11.2-2)
[2026-04-22T11:02:34+0530] [ALPM] installed qemu-block-gluster (10.2.2-3)
[2026-04-22T11:02:34+0530] [ALPM] installed libiscsi (1.20.3-1)
[2026-04-22T11:02:34+0530] [ALPM] installed qemu-block-iscsi (10.2.2-3)
[2026-04-22T11:02:34+0530] [ALPM] installed pcaudiolib (1.3-1)
[2026-04-22T11:02:34+0530] [ALPM] installed libsonic (0.2.0-2)
[2026-04-22T11:02:34+0530] [ALPM] installed espeak-ng (1.52.0-1)
[2026-04-22T11:02:34+0530] [ALPM] installed libyaml (0.2.5-3)
[2026-04-22T11:02:34+0530] [ALPM] installed liblouis (3.37.0-1)
[2026-04-22T11:02:34+0530] [ALPM] installed libspeechd (0.12.1-3)
[2026-04-22T11:02:34+0530] [ALPM] installed brltty (6.9-3)
[2026-04-22T11:02:34+0530] [ALPM-SCRIPTLET] brltty-genkey: key generated
[2026-04-22T11:02:34+0530] [ALPM-SCRIPTLET] Please add your user to the brlapi group.
[2026-04-22T11:02:34+0530] [ALPM] installed qemu-chardev-baum (10.2.2-3)
[2026-04-22T11:02:34+0530] [ALPM] installed qemu-img (10.2.2-3)
[2026-04-22T11:02:34+0530] [ALPM] installed capstone (5.0.7-2)
[2026-04-22T11:02:34+0530] [ALPM] installed libslirp (4.9.1-1)
[2026-04-22T11:02:34+0530] [ALPM] installed libxdp (1.6.3-1)
[2026-04-22T11:02:34+0530] [ALPM] installed iniparser (4.2.6-2)
[2026-04-22T11:02:34+0530] [ALPM] installed libtraceevent (1:1.9.0-1)
[2026-04-22T11:02:34+0530] [ALPM] installed libtracefs (1.8.3-1)
[2026-04-22T11:02:34+0530] [ALPM] installed ndctl (84-1)
[2026-04-22T11:02:34+0530] [ALPM] installed rdma-core (62.0-1)
[2026-04-22T11:02:34+0530] [ALPM] installed wolfssl (5.9.1-1)
[2026-04-22T11:02:34+0530] [ALPM] installed vde2 (2.3.3-8)
[2026-04-22T11:02:34+0530] [ALPM] installed dtc (1.7.2-5)
[2026-04-22T11:02:34+0530] [ALPM] installed edk2-ovmf (202508-1)
[2026-04-22T11:02:34+0530] [ALPM] installed libcbor (0.14.0-1)
[2026-04-22T11:02:34+0530] [ALPM] installed qemu-system-x86-firmware (10.2.2-3)
[2026-04-22T11:02:34+0530] [ALPM] installed seabios (1.17.0-2)
[2026-04-22T11:02:34+0530] [ALPM] installed qemu-system-x86 (10.2.2-3)
[2026-04-22T11:02:34+0530] [ALPM] installed virtiofsd (1.13.3-1)
[2026-04-22T11:02:34+0530] [ALPM] installed qemu-base (10.2.2-3)
[2026-04-22T11:02:34+0530] [ALPM] installed qemu-audio-pipewire (10.2.2-3)
[2026-04-22T11:02:34+0530] [ALPM] installed qemu-block-curl (10.2.2-3)
[2026-04-22T11:02:34+0530] [ALPM] installed qemu-block-dmg (10.2.2-3)
[2026-04-22T11:02:34+0530] [ALPM] installed libnfs (6.0.2-5)
[2026-04-22T11:02:34+0530] [ALPM] installed qemu-block-nfs (10.2.2-3)
[2026-04-22T11:02:34+0530] [ALPM] installed qemu-block-ssh (10.2.2-3)
[2026-04-22T11:02:34+0530] [ALPM] installed qemu-chardev-spice (10.2.2-3)
[2026-04-22T11:02:34+0530] [ALPM] installed qemu-hw-display-qxl (10.2.2-3)
[2026-04-22T11:02:34+0530] [ALPM] installed qemu-hw-display-virtio-gpu (10.2.2-3)
[2026-04-22T11:02:34+0530] [ALPM] installed virglrenderer (1.2.0-1)
[2026-04-22T11:02:34+0530] [ALPM] installed qemu-hw-display-virtio-gpu-gl (10.2.2-3)
[2026-04-22T11:02:34+0530] [ALPM] installed libaemu (0.1.2-5)
[2026-04-22T11:02:34+0530] [ALPM] installed glm (1.0.3-1)
[2026-04-22T11:02:34+0530] [ALPM] installed gfxstream (0.1.2-2)
[2026-04-22T11:02:34+0530] [ALPM] installed rutabaga-ffi (0.1.75-1)
[2026-04-22T11:02:34+0530] [ALPM] installed qemu-hw-display-virtio-gpu-rutabaga (10.2.2-3)
[2026-04-22T11:02:34+0530] [ALPM] installed qemu-hw-display-virtio-gpu-pci (10.2.2-3)
[2026-04-22T11:02:34+0530] [ALPM] installed qemu-hw-display-virtio-gpu-pci-gl (10.2.2-3)
[2026-04-22T11:02:34+0530] [ALPM] installed qemu-hw-display-virtio-gpu-pci-rutabaga (10.2.2-3)
[2026-04-22T11:02:34+0530] [ALPM] installed qemu-hw-display-virtio-vga (10.2.2-3)
[2026-04-22T11:02:34+0530] [ALPM] installed qemu-hw-display-virtio-vga-gl (10.2.2-3)
[2026-04-22T11:02:34+0530] [ALPM] installed qemu-hw-display-virtio-vga-rutabaga (10.2.2-3)
[2026-04-22T11:02:34+0530] [ALPM] installed qemu-hw-uefi-vars (10.2.2-3)
[2026-04-22T11:02:34+0530] [ALPM] installed qemu-hw-usb-host (10.2.2-3)
[2026-04-22T11:02:34+0530] [ALPM] installed qemu-hw-usb-redirect (10.2.2-3)
[2026-04-22T11:02:34+0530] [ALPM] installed qemu-hw-usb-smartcard (10.2.2-3)
[2026-04-22T11:02:34+0530] [ALPM] installed qemu-ui-curses (10.2.2-3)
[2026-04-22T11:02:34+0530] [ALPM] installed qemu-ui-dbus (10.2.2-3)
[2026-04-22T11:02:34+0530] [ALPM] installed qemu-ui-egl-headless (10.2.2-3)
[2026-04-22T11:02:34+0530] [ALPM] installed qemu-ui-gtk (10.2.2-3)
[2026-04-22T11:02:34+0530] [ALPM] installed sdl2_image (2.8.10-1)
[2026-04-22T11:02:34+0530] [ALPM] installed qemu-ui-sdl (10.2.2-3)
[2026-04-22T11:02:34+0530] [ALPM] installed qemu-ui-spice-app (10.2.2-3)
[2026-04-22T11:02:34+0530] [ALPM] installed qemu-vhost-user-gpu (10.2.2-3)
[2026-04-22T11:02:34+0530] [ALPM] installed qemu-desktop (10.2.2-3)
[2026-04-22T11:02:34+0530] [ALPM] installed qemu-docs (10.2.2-3)
[2026-04-22T11:02:34+0530] [ALPM] installed edk2-aarch64 (202508-1)
[2026-04-22T11:02:34+0530] [ALPM] installed qemu-system-aarch64 (10.2.2-3)
[2026-04-22T11:02:34+0530] [ALPM] installed qemu-system-alpha-firmware (10.2.2-3)
[2026-04-22T11:02:34+0530] [ALPM] installed qemu-system-alpha (10.2.2-3)
[2026-04-22T11:02:34+0530] [ALPM] installed edk2-arm (202508-1)
[2026-04-22T11:02:34+0530] [ALPM] installed qemu-system-arm-firmware (10.2.2-3)
[2026-04-22T11:02:34+0530] [ALPM] installed qemu-system-arm (10.2.2-3)
[2026-04-22T11:02:34+0530] [ALPM] installed qemu-system-avr (10.2.2-3)
[2026-04-22T11:02:34+0530] [ALPM] installed qemu-system-hppa-firmware (10.2.2-3)
[2026-04-22T11:02:35+0530] [ALPM] installed qemu-system-hppa (10.2.2-3)
[2026-04-22T11:02:35+0530] [ALPM] installed qemu-system-loongarch64 (10.2.2-3)
[2026-04-22T11:02:35+0530] [ALPM] installed qemu-system-m68k (10.2.2-3)
[2026-04-22T11:02:35+0530] [ALPM] installed qemu-system-microblaze-firmware (10.2.2-3)
[2026-04-22T11:02:35+0530] [ALPM] installed qemu-system-microblaze (10.2.2-3)
[2026-04-22T11:02:35+0530] [ALPM] installed qemu-system-mips (10.2.2-3)
[2026-04-22T11:02:35+0530] [ALPM] installed qemu-system-or1k (10.2.2-3)
[2026-04-22T11:02:35+0530] [ALPM] installed qemu-system-ppc-firmware (10.2.2-3)
[2026-04-22T11:02:35+0530] [ALPM] installed qemu-system-ppc (10.2.2-3)
[2026-04-22T11:02:35+0530] [ALPM] installed qemu-system-riscv-firmware (10.2.2-3)
[2026-04-22T11:02:35+0530] [ALPM] installed qemu-system-riscv (10.2.2-3)
[2026-04-22T11:02:35+0530] [ALPM] installed qemu-system-rx (10.2.2-3)
[2026-04-22T11:02:35+0530] [ALPM] installed qemu-system-s390x-firmware (10.2.2-3)
[2026-04-22T11:02:35+0530] [ALPM] installed qemu-system-s390x (10.2.2-3)
[2026-04-22T11:02:35+0530] [ALPM] installed qemu-system-sh4 (10.2.2-3)
[2026-04-22T11:02:35+0530] [ALPM] installed qemu-system-sparc-firmware (10.2.2-3)
[2026-04-22T11:02:35+0530] [ALPM] installed qemu-system-sparc (10.2.2-3)
[2026-04-22T11:02:35+0530] [ALPM] installed qemu-system-tricore (10.2.2-3)
[2026-04-22T11:02:35+0530] [ALPM] installed qemu-system-xtensa (10.2.2-3)
[2026-04-22T11:02:35+0530] [ALPM] installed qemu-user (10.2.2-3)
[2026-04-22T11:02:35+0530] [ALPM] installed qemu-emulators-full (10.2.2-3)
[2026-04-22T11:02:35+0530] [ALPM] installed qemu-hw-s390x-virtio-gpu-ccw (10.2.2-3)
[2026-04-22T11:02:35+0530] [ALPM] installed multipath-tools (0.14.3-1)
[2026-04-22T11:02:35+0530] [ALPM] installed qemu-pr-helper (10.2.2-3)
[2026-04-22T11:02:35+0530] [ALPM] installed qemu-tests (10.2.2-3)
[2026-04-22T11:02:35+0530] [ALPM] installed qemu-tools (10.2.2-3)
[2026-04-22T11:02:35+0530] [ALPM] installed qemu-vmsr-helper (10.2.2-3)
[2026-04-22T11:02:35+0530] [ALPM] installed qemu-full (10.2.2-3)
[2026-04-22T11:02:35+0530] [ALPM] installed dnsmasq (2.92-1)
[2026-04-22T11:02:35+0530] [ALPM] installed dmidecode (3.7-1)
[2026-04-22T11:02:35+0530] [ALPM] transaction completed
[2026-04-22T11:02:35+0530] [ALPM] running '20-systemd-sysusers.hook'...
[2026-04-22T11:02:35+0530] [ALPM-SCRIPTLET] Creating group 'brlapi' with GID 959.
[2026-04-22T11:02:35+0530] [ALPM-SCRIPTLET] Creating group 'virtlogin' with GID 958.
[2026-04-22T11:02:35+0530] [ALPM-SCRIPTLET] Creating group 'libvirt' with GID 957.
[2026-04-22T11:02:35+0530] [ALPM-SCRIPTLET] Creating group 'brltty' with GID 956.
[2026-04-22T11:02:35+0530] [ALPM-SCRIPTLET] Creating user 'brltty' (Braille Device Daemon) with UID 956 and GID 956.
[2026-04-22T11:02:35+0530] [ALPM-SCRIPTLET] Creating group 'dnsmasq' with GID 955.
[2026-04-22T11:02:35+0530] [ALPM-SCRIPTLET] Creating user 'dnsmasq' (dnsmasq daemon) with UID 955 and GID 955.
[2026-04-22T11:02:35+0530] [ALPM-SCRIPTLET] Creating group 'gluster' with GID 954.
[2026-04-22T11:02:35+0530] [ALPM-SCRIPTLET] Creating user 'gluster' (GlusterFS daemons) with UID 954 and GID 954.
[2026-04-22T11:02:35+0530] [ALPM-SCRIPTLET] Creating group 'libvirt-qemu' with GID 953.
[2026-04-22T11:02:35+0530] [ALPM-SCRIPTLET] Creating user 'libvirt-qemu' (Libvirt QEMU user) with UID 953 and GID 953.
[2026-04-22T11:02:35+0530] [ALPM-SCRIPTLET] Creating group 'qemu' with GID 952.
[2026-04-22T11:02:35+0530] [ALPM-SCRIPTLET] Creating user 'qemu' (QEMU user) with UID 952 and GID 952.
[2026-04-22T11:02:35+0530] [ALPM-SCRIPTLET] Creating group 'rpc' with GID 32.
[2026-04-22T11:02:35+0530] [ALPM-SCRIPTLET] Creating user 'rpc' (Rpcbind Daemon) with UID 32 and GID 32.
[2026-04-22T11:02:35+0530] [ALPM] running '21-systemd-tmpfiles.hook'...
[2026-04-22T11:02:35+0530] [ALPM] running '25-systemd-sysctl.hook'...
[2026-04-22T11:02:35+0530] [ALPM] running '30-systemd-daemon-reload-system.hook'...
[2026-04-22T11:02:36+0530] [ALPM] running '30-systemd-daemon-reload-user.hook'...
[2026-04-22T11:02:36+0530] [ALPM] running '35-systemd-udev-reload.hook'...
[2026-04-22T11:02:37+0530] [ALPM] running '35-systemd-update.hook'...
[2026-04-22T11:02:37+0530] [ALPM] running 'dbus-reload.hook'...
[2026-04-22T11:02:37+0530] [ALPM] running 'glib-compile-schemas.hook'...
[2026-04-22T11:02:37+0530] [ALPM] running 'gtk-update-icon-cache.hook'...
[2026-04-22T11:02:37+0530] [ALPM] running 'texinfo-install.hook'...
[2026-04-22T11:02:37+0530] [ALPM] running 'update-desktop-database.hook'...
[2026-04-27T23:46:51+0530] [PACMAN] Running 'pacman -S --config /etc/pacman.conf -- extra/openexr extra/jxrlib extra/qt6-tools extra/libheif extra/libwmf extra/libraw'
[2026-04-27T23:47:07+0530] [PACMAN] Running 'pacman -S --config /etc/pacman.conf -- extra/qt6-tools extra/libheif extra/libwmf extra/libraw extra/openexr extra/jxrlib'
[2026-04-27T23:47:33+0530] [PACMAN] Running 'pacman -Syu'
[2026-04-27T23:47:33+0530] [PACMAN] synchronizing package lists
[2026-04-27T23:47:43+0530] [PACMAN] Running 'pacman -Syu'
[2026-04-27T23:47:43+0530] [PACMAN] synchronizing package lists
[2026-04-27T23:47:56+0530] [PACMAN] starting full system upgrade
[2026-04-27T23:49:57+0530] [ALPM] running '60-mkinitcpio-remove.hook'...
[2026-04-27T23:49:58+0530] [ALPM] running '70-dkms-upgrade.hook'...
[2026-04-27T23:49:58+0530] [ALPM-SCRIPTLET] ==> dkms remove --no-depmod nvidia/595.58.03 -k 6.19.11-arch1-1
[2026-04-27T23:50:02+0530] [ALPM] running '71-dkms-remove.hook'...
[2026-04-27T23:50:02+0530] [ALPM] transaction started
[2026-04-27T23:50:02+0530] [ALPM] removed geocode-glib-2 (3.26.4-5)
[2026-04-27T23:50:02+0530] [ALPM] removed geocode-glib-common (3.26.4-5)
[2026-04-27T23:50:02+0530] [ALPM] removed edk2-arm (202508-1)
[2026-04-27T23:50:02+0530] [ALPM] upgraded tzdata (2026a-1 -> 2026b-1)
[2026-04-27T23:50:02+0530] [ALPM] upgraded iana-etc (20260328-1 -> 20260409-1)
[2026-04-27T23:50:02+0530] [ALPM] upgraded glibc (2.43+r5+g856c426a7534-1 -> 2.43+r22+g8362e8ce10b2-1)
[2026-04-27T23:50:02+0530] [ALPM-SCRIPTLET] Generating locales...
[2026-04-27T23:50:03+0530] [ALPM-SCRIPTLET]   en_US.UTF-8... done
[2026-04-27T23:50:03+0530] [ALPM-SCRIPTLET] Generation complete.
[2026-04-27T23:50:03+0530] [ALPM] upgraded libgpg-error (1.59-1 -> 1.60-1)
[2026-04-27T23:50:03+0530] [ALPM] upgraded libgcrypt (1.12.1-1 -> 1.12.2-1)
[2026-04-27T23:50:03+0530] [ALPM] upgraded systemd-libs (260.1-1 -> 260.1-2)
[2026-04-27T23:50:03+0530] [ALPM] upgraded acl (2.3.2-1 -> 2.3.2-2)
[2026-04-27T23:50:03+0530] [ALPM] upgraded openssl (3.6.2-1 -> 3.6.2-2)
[2026-04-27T23:50:03+0530] [ALPM] upgraded libcap-ng (0.9.2-1 -> 0.9.3-1)
[2026-04-27T23:50:03+0530] [ALPM] upgraded keyutils (1.6.3-3 -> 1.6.3-4)
[2026-04-27T23:50:03+0530] [ALPM] upgraded libverto (0.3.2-5 -> 0.3.2-6)
[2026-04-27T23:50:03+0530] [ALPM] upgraded expat (2.7.5-1 -> 2.8.0-1)
[2026-04-27T23:50:03+0530] [ALPM] upgraded attr (2.5.2-1 -> 2.5.2-2)
[2026-04-27T23:50:03+0530] [ALPM] upgraded coreutils (9.10-1 -> 9.11-1)
[2026-04-27T23:50:03+0530] [ALPM] upgraded sed (4.9-3 -> 4.10-1)
[2026-04-27T23:50:03+0530] [ALPM] upgraded libnghttp2 (1.68.1-1 -> 1.69.0-1)
[2026-04-27T23:50:03+0530] [ALPM] upgraded leancrypto (1.7.1-1 -> 1.7.2-1)
[2026-04-27T23:50:03+0530] [ALPM] upgraded libngtcp2 (1.22.0-1 -> 1.22.1-1)
[2026-04-27T23:50:03+0530] [ALPM] upgraded ca-certificates-mozilla (3.122-1 -> 3.123.1-1)
[2026-04-27T23:50:03+0530] [ALPM] upgraded file (5.47-2 -> 5.47-3)
[2026-04-27T23:50:04+0530] [ALPM] upgraded systemd (260.1-1 -> 260.1-2)
[2026-04-27T23:50:04+0530] [ALPM] upgraded accountsservice (26.12.8-1 -> 26.13.3-1)
[2026-04-27T23:50:04+0530] [ALPM] upgraded alsa-card-profiles (1:1.6.2-1 -> 1:1.6.4-1)
[2026-04-27T23:50:04+0530] [ALPM] upgraded amd-ucode (20260309-1 -> 20260410-1)
[2026-04-27T23:50:04+0530] [ALPM] upgraded libxml2 (2.15.2-1 -> 2.15.3-1)
[2026-04-27T23:50:04+0530] [ALPM] upgraded libarchive (3.8.6-1 -> 3.8.7-1)
[2026-04-27T23:50:04+0530] [ALPM] upgraded archlinux-keyring (20260323-1 -> 20260420-1)
[2026-04-27T23:50:05+0530] [ALPM-SCRIPTLET] ==> Appending keys from archlinux.gpg...
[2026-04-27T23:50:06+0530] [ALPM-SCRIPTLET] ==> Updating trust database...
[2026-04-27T23:50:06+0530] [ALPM-SCRIPTLET] gpg: next trustdb check due at 2026-10-21
[2026-04-27T23:50:06+0530] [ALPM] upgraded gsettings-system-schemas (50.0-1 -> 50.1-1)
[2026-04-27T23:50:06+0530] [ALPM] upgraded gsettings-desktop-schemas (50.0-1 -> 50.1-1)
[2026-04-27T23:50:06+0530] [ALPM] upgraded at-spi2-core (2.60.0-1 -> 2.60.2-1)
[2026-04-27T23:50:06+0530] [ALPM] upgraded bluez (5.86-4 -> 5.86-5)
[2026-04-27T23:50:06+0530] [ALPM] upgraded bluez-libs (5.86-4 -> 5.86-5)
[2026-04-27T23:50:06+0530] [ALPM] upgraded bluez-utils (5.86-4 -> 5.86-5)
[2026-04-27T23:50:06+0530] [ALPM] upgraded mpg123 (1.33.4-1 -> 1.33.5-1)
[2026-04-27T23:50:06+0530] [ALPM] upgraded libxpm (3.5.18-1 -> 3.5.19-1)
[2026-04-27T23:50:07+0530] [ALPM] upgraded brltty (6.9-3 -> 6.9.1-1)
[2026-04-27T23:50:07+0530] [ALPM-SCRIPTLET] Please add your user to the brlapi group.
[2026-04-27T23:50:07+0530] [ALPM] upgraded bubblewrap (0.11.1-1 -> 0.11.2-1)
[2026-04-27T23:50:07+0530] [ALPM] upgraded cmake (4.3.1-1 -> 4.3.2-1)
[2026-04-27T23:50:07+0530] [ALPM] upgraded python (3.14.3-1 -> 3.14.4-1)
[2026-04-27T23:50:07+0530] [ALPM] installed python-autocommand (2.2.2-9)
[2026-04-27T23:50:07+0530] [ALPM] installed python-jaraco.text (4.0.0-4)
[2026-04-27T23:50:07+0530] [ALPM] installed python-jaraco.collections (5.1.0-3)
[2026-04-27T23:50:07+0530] [ALPM] upgraded python-packaging (26.0-1 -> 26.2-1)
[2026-04-27T23:50:07+0530] [ALPM] installed python-platformdirs (4.9.6-1)
[2026-04-27T23:50:07+0530] [ALPM] installed python-wheel (0.47.0-1)
[2026-04-27T23:50:07+0530] [ALPM] installed python-typing_extensions (4.15.0-3)
[2026-04-27T23:50:07+0530] [ALPM] installed python-pkg_resources (81.0.0-1)
[2026-04-27T23:50:07+0530] [ALPM] installed python-setuptools (1:82.0.1-1)
[2026-04-27T23:50:07+0530] [ALPM] upgraded cython (3.2.4-3 -> 3.2.4-4)
[2026-04-27T23:50:07+0530] [ALPM] upgraded edk2-aarch64 (202508-1 -> 202602-3)
[2026-04-27T23:50:08+0530] [ALPM] upgraded qemu-system-arm-firmware (10.2.2-3 -> 11.0.0-1)
[2026-04-27T23:50:08+0530] [ALPM] upgraded edk2-ovmf (202508-1 -> 202602-3)
[2026-04-27T23:50:08+0530] [ALPM] upgraded fastfetch (2.61.0-1 -> 2.62.1-1)
[2026-04-27T23:50:08+0530] [ALPM] upgraded libexif (0.6.25-1 -> 0.6.26-1)
[2026-04-27T23:50:08+0530] [ALPM] upgraded libpng (1.6.57-1 -> 1.6.58-1)
[2026-04-27T23:50:08+0530] [ALPM] upgraded giflib (6.1.2-1 -> 6.1.3-1)
[2026-04-27T23:50:08+0530] [ALPM] upgraded feh (3.11.4-1 -> 3.12.1-1)
[2026-04-27T23:50:08+0530] [ALPM] upgraded fftw (3.3.10-8 -> 3.3.11-1)
[2026-04-27T23:50:08+0530] [ALPM] upgraded nss (3.122-1 -> 3.123.1-1)
[2026-04-27T23:50:08+0530] [ALPM] upgraded harfbuzz (14.0.0-2 -> 14.2.0-1)
[2026-04-27T23:50:08+0530] [ALPM] upgraded lcms2 (2.18-1 -> 2.19-1)
[2026-04-27T23:50:08+0530] [ALPM] upgraded libunibreak (6.1-2 -> 7.0-1)
[2026-04-27T23:50:08+0530] [ALPM] upgraded libass (0.17.4-1 -> 0.17.4-2)
[2026-04-27T23:50:08+0530] [ALPM] upgraded libpipewire (1:1.6.2-1 -> 1:1.6.4-1)
[2026-04-27T23:50:08+0530] [ALPM] upgraded pipewire (1:1.6.2-1 -> 1:1.6.4-1)
[2026-04-27T23:50:08+0530] [ALPM] upgraded libmysofa (1.3.3-1 -> 1.3.4-1)
[2026-04-27T23:50:08+0530] [ALPM] upgraded pipewire-audio (1:1.6.2-1 -> 1:1.6.4-1)
[2026-04-27T23:50:08+0530] [ALPM] upgraded pipewire-jack (1:1.6.2-1 -> 1:1.6.4-1)
[2026-04-27T23:50:08+0530] [ALPM] upgraded wayland (1.24.0-1 -> 1.25.0-1)
[2026-04-27T23:50:08+0530] [ALPM] upgraded mesa (1:26.0.4-1 -> 1:26.0.5-1)
[2026-04-27T23:50:09+0530] [ALPM] upgraded nvidia-utils (595.58.03-1 -> 595.58.03-2)
[2026-04-27T23:50:10+0530] [ALPM] upgraded highway (1.3.0-2 -> 1.4.0-1)
[2026-04-27T23:50:10+0530] [ALPM] upgraded libsodium (1.0.21-1 -> 1.0.22-1)
[2026-04-27T23:50:10+0530] [ALPM] upgraded gtk-update-icon-cache (1:4.22.2-1 -> 1:4.22.3-1)
[2026-04-27T23:50:10+0530] [ALPM] upgraded libcups (2:2.4.16-2 -> 2:2.4.18-1)
[2026-04-27T23:50:10+0530] [ALPM] upgraded tinysparql (3.11.0-1 -> 3.11.1-1)
[2026-04-27T23:50:10+0530] [ALPM] upgraded firefox (149.0.2-1 -> 150.0-1)
[2026-04-27T23:50:10+0530] [ALPM] upgraded flex (2.6.4-5 -> 2.6.4-6)
[2026-04-27T23:50:10+0530] [ALPM] installed geocode-glib (3.26.4-6)
[2026-04-27T23:50:10+0530] [ALPM] upgraded xdg-desktop-portal (1.20.3-2 -> 1.20.4-1)
[2026-04-27T23:50:10+0530] [ALPM] upgraded gtk4 (1:4.22.2-1 -> 1:4.22.3-1)
[2026-04-27T23:50:10+0530] [ALPM] upgraded pipewire-pulse (1:1.6.2-1 -> 1:1.6.4-1)
[2026-04-27T23:50:11+0530] [ALPM] upgraded gnome-settings-daemon (50.0-1 -> 50.1-1)
[2026-04-27T23:50:11+0530] [ALPM] upgraded libgdm (50.0-1 -> 50.0-2)
[2026-04-27T23:50:11+0530] [ALPM] upgraded xorg-server-common (21.1.21-1 -> 21.1.22-1)
[2026-04-27T23:50:11+0530] [ALPM] upgraded xorg-xwayland (24.1.9-1 -> 24.1.11-1)
[2026-04-27T23:50:11+0530] [ALPM] upgraded mutter (50.0-2 -> 50.1-1)
[2026-04-27T23:50:11+0530] [ALPM] upgraded harfbuzz-icu (14.0.0-2 -> 14.2.0-1)
[2026-04-27T23:50:11+0530] [ALPM] upgraded perl (5.42.1-1 -> 5.42.2-1)
[2026-04-27T23:50:11+0530] [ALPM] upgraded webkitgtk-6.0 (2.52.1-1 -> 2.52.3-1)
[2026-04-27T23:50:11+0530] [ALPM] upgraded libnautilus-extension (50.0-1 -> 50.1-1)
[2026-04-27T23:50:11+0530] [ALPM] upgraded poppler (26.03.0-1 -> 26.04.0-1)
[2026-04-27T23:50:11+0530] [ALPM] upgraded poppler-glib (26.03.0-1 -> 26.04.0-1)
[2026-04-27T23:50:11+0530] [ALPM] upgraded totem-pl-parser (3.26.6+r30+g51b8439-2 -> 3.26.7-1)
[2026-04-27T23:50:11+0530] [ALPM] upgraded localsearch (3.11.0-1 -> 3.11.1-1)
[2026-04-27T23:50:11+0530] [ALPM] upgraded libxmlb (0.3.25-1 -> 0.3.26-1)
[2026-04-27T23:50:11+0530] [ALPM] upgraded libblockdev (3.4.0-3 -> 3.5.0-1)
[2026-04-27T23:50:11+0530] [ALPM] upgraded libblockdev-crypto (3.4.0-3 -> 3.5.0-1)
[2026-04-27T23:50:11+0530] [ALPM] upgraded libblockdev-fs (3.4.0-3 -> 3.5.0-1)
[2026-04-27T23:50:11+0530] [ALPM] upgraded libblockdev-loop (3.4.0-3 -> 3.5.0-1)
[2026-04-27T23:50:11+0530] [ALPM] upgraded mdadm (4.6-1 -> 4.6-2)
[2026-04-27T23:50:11+0530] [ALPM] upgraded libblockdev-mdraid (3.4.0-3 -> 3.5.0-1)
[2026-04-27T23:50:11+0530] [ALPM] upgraded libblockdev-nvme (3.4.0-3 -> 3.5.0-1)
[2026-04-27T23:50:11+0530] [ALPM] upgraded libblockdev-part (3.4.0-3 -> 3.5.0-1)
[2026-04-27T23:50:11+0530] [ALPM] upgraded libblockdev-smart (3.4.0-3 -> 3.5.0-1)
[2026-04-27T23:50:11+0530] [ALPM] upgraded libblockdev-swap (3.4.0-3 -> 3.5.0-1)
[2026-04-27T23:50:11+0530] [ALPM] upgraded xdg-user-dirs (0.19-2 -> 0.20-1)
[2026-04-27T23:50:11+0530] [ALPM] upgraded nautilus (50.0-1 -> 50.1-1)
[2026-04-27T23:50:12+0530] [ALPM] upgraded js140 (140.9.1-1 -> 140.10.0-1)
[2026-04-27T23:50:12+0530] [ALPM] upgraded gnome-shell (1:50.0-1 -> 1:50.1-1)
[2026-04-27T23:50:12+0530] [ALPM] upgraded gdm (50.0-1 -> 50.0-2)
[2026-04-27T23:50:12+0530] [ALPM] upgraded git (2.53.0-1 -> 2.54.0-1)
[2026-04-27T23:50:12+0530] [ALPM] upgraded github-cli (2.89.0-1 -> 2.91.0-3)
[2026-04-27T23:50:12+0530] [ALPM] upgraded gst-plugin-pipewire (1:1.6.2-1 -> 1:1.6.4-1)
[2026-04-27T23:50:12+0530] [ALPM] upgraded libraqm (0.10.4-1 -> 0.10.5-1)
[2026-04-27T23:50:12+0530] [ALPM] upgraded imagemagick (7.1.2.18-2 -> 7.1.2.21-1)
[2026-04-27T23:50:12+0530] [ALPM] upgraded libnetfilter_conntrack (1.0.9-2 -> 1.1.1-1)
[2026-04-27T23:50:12+0530] [ALPM] upgraded iptables (1:1.8.12-1 -> 1:1.8.13-1)
[2026-04-27T23:50:12+0530] [ALPM] upgraded iproute2 (6.19.0-2 -> 7.0.0-1)
[2026-04-27T23:50:13+0530] [ALPM] upgraded jdk-openjdk (26.u35-1 -> 26.0.1.u8-1)
[2026-04-27T23:50:14+0530] [ALPM] upgraded md4c (0.5.2-2 -> 0.5.3-1)
[2026-04-27T23:50:14+0530] [ALPM] upgraded kguiaddons (6.24.0-3 -> 6.25.0-1)
[2026-04-27T23:50:14+0530] [ALPM] upgraded libayatana-indicator (0.9.4-1 -> 0.9.4-2)
[2026-04-27T23:50:14+0530] [ALPM] upgraded libmpc (1.4.0-1 -> 1.4.1-1)
[2026-04-27T23:50:14+0530] [ALPM] upgraded linux (6.19.11.arch1-1 -> 6.19.14.arch1-1)
[2026-04-27T23:50:14+0530] [ALPM] upgraded linux-firmware-whence (20260309-1 -> 20260410-1)
[2026-04-27T23:50:14+0530] [ALPM] upgraded linux-firmware-amdgpu (20260309-1 -> 20260410-1)
[2026-04-27T23:50:15+0530] [ALPM] upgraded linux-firmware-atheros (20260309-1 -> 20260410-1)
[2026-04-27T23:50:15+0530] [ALPM] upgraded linux-firmware-broadcom (20260309-1 -> 20260410-1)
[2026-04-27T23:50:15+0530] [ALPM] upgraded linux-firmware-cirrus (20260309-1 -> 20260410-1)
[2026-04-27T23:50:15+0530] [ALPM] upgraded linux-firmware-intel (20260309-1 -> 20260410-1)
[2026-04-27T23:50:15+0530] [ALPM] upgraded linux-firmware-mediatek (20260309-1 -> 20260410-1)
[2026-04-27T23:50:15+0530] [ALPM] upgraded linux-firmware-nvidia (20260309-1 -> 20260410-1)
[2026-04-27T23:50:15+0530] [ALPM] upgraded linux-firmware-other (20260309-1 -> 20260410-1)
[2026-04-27T23:50:15+0530] [ALPM] upgraded linux-firmware-radeon (20260309-1 -> 20260410-1)
[2026-04-27T23:50:15+0530] [ALPM] upgraded linux-firmware-realtek (20260309-1 -> 20260410-1)
[2026-04-27T23:50:15+0530] [ALPM] upgraded linux-firmware (20260309-1 -> 20260410-1)
[2026-04-27T23:50:17+0530] [ALPM] upgraded linux-headers (6.19.11.arch1-1 -> 6.19.14.arch1-1)
[2026-04-27T23:50:17+0530] [ALPM] upgraded make (4.4.1-2 -> 4.4.1-3)
[2026-04-27T23:50:18+0530] [ALPM] upgraded neovim (0.12.1-1 -> 0.12.2-1)
[2026-04-27T23:50:18+0530] [ALPM] upgraded nvidia-open-dkms (595.58.03-1 -> 595.58.03-2)
[2026-04-27T23:50:18+0530] [ALPM] upgraded openvpn (2.7.1-1 -> 2.7.2-1)
[2026-04-27T23:50:18+0530] [ALPM] upgraded pipewire-alsa (1:1.6.2-1 -> 1:1.6.4-1)
[2026-04-27T23:50:18+0530] [ALPM] upgraded prismlauncher (10.0.5-2 -> 11.0.2-1)
[2026-04-27T23:50:18+0530] [ALPM] upgraded python-cryptography (46.0.7-1 -> 47.0.0-1)
[2026-04-27T23:50:18+0530] [ALPM] upgraded python-certifi (2026.02.25-1 -> 2026.04.22-1)
[2026-04-27T23:50:18+0530] [ALPM] upgraded python-sentry_sdk (2.57.0-1 -> 2.58.0-1)
[2026-04-27T23:50:18+0530] [ALPM] upgraded python-fido2 (2.1.1-1 -> 2.2.0-1)
[2026-04-27T23:50:18+0530] [ALPM] upgraded python-pyopenssl (26.0.0-1 -> 26.1.0-1)
[2026-04-27T23:50:18+0530] [ALPM] upgraded python-idna (3.11-2 -> 3.13-1)
[2026-04-27T23:50:18+0530] [ALPM] upgraded python-proton-vpn-api-core (4.18.0-1 -> 4.19.1-1)
[2026-04-27T23:50:18+0530] [ALPM] upgraded proton-vpn-daemon (0.13.6-1 -> 0.13.6-2)
[2026-04-27T23:50:19+0530] [ALPM] upgraded proton-vpn-gtk-app (4.15.1-1 -> 4.15.2-1)
[2026-04-27T23:50:19+0530] [ALPM] upgraded psmisc (23.7-1 -> 23.7-2)
[2026-04-27T23:50:19+0530] [ALPM] upgraded qemu-common (10.2.2-3 -> 11.0.0-1)
[2026-04-27T23:50:19+0530] [ALPM] upgraded qemu-audio-alsa (10.2.2-3 -> 11.0.0-1)
[2026-04-27T23:50:19+0530] [ALPM] upgraded qemu-audio-dbus (10.2.2-3 -> 11.0.0-1)
[2026-04-27T23:50:19+0530] [ALPM] upgraded qemu-audio-jack (10.2.2-3 -> 11.0.0-1)
[2026-04-27T23:50:19+0530] [ALPM] upgraded qemu-audio-oss (10.2.2-3 -> 11.0.0-1)
[2026-04-27T23:50:19+0530] [ALPM] upgraded qemu-audio-pa (10.2.2-3 -> 11.0.0-1)
[2026-04-27T23:50:19+0530] [ALPM] upgraded qemu-audio-pipewire (10.2.2-3 -> 11.0.0-1)
[2026-04-27T23:50:19+0530] [ALPM] upgraded qemu-audio-sdl (10.2.2-3 -> 11.0.0-1)
[2026-04-27T23:50:19+0530] [ALPM] upgraded qemu-ui-opengl (10.2.2-3 -> 11.0.0-1)
[2026-04-27T23:50:19+0530] [ALPM] upgraded qemu-ui-spice-core (10.2.2-3 -> 11.0.0-1)
[2026-04-27T23:50:19+0530] [ALPM] upgraded qemu-audio-spice (10.2.2-3 -> 11.0.0-1)
[2026-04-27T23:50:19+0530] [ALPM] upgraded qemu-img (10.2.2-3 -> 11.0.0-1)
[2026-04-27T23:50:19+0530] [ALPM] upgraded qemu-system-x86-firmware (10.2.2-3 -> 11.0.0-1)
[2026-04-27T23:50:19+0530] [ALPM] upgraded qemu-system-x86 (10.2.2-3 -> 11.0.0-1)
[2026-04-27T23:50:19+0530] [ALPM] upgraded qemu-base (10.2.2-3 -> 11.0.0-1)
[2026-04-27T23:50:19+0530] [ALPM] upgraded qemu-block-curl (10.2.2-3 -> 11.0.0-1)
[2026-04-27T23:50:19+0530] [ALPM] upgraded qemu-block-dmg (10.2.2-3 -> 11.0.0-1)
[2026-04-27T23:50:19+0530] [ALPM] upgraded qemu-block-gluster (10.2.2-3 -> 11.0.0-1)
[2026-04-27T23:50:19+0530] [ALPM] upgraded qemu-block-iscsi (10.2.2-3 -> 11.0.0-1)
[2026-04-27T23:50:19+0530] [ALPM] upgraded qemu-block-nfs (10.2.2-3 -> 11.0.0-1)
[2026-04-27T23:50:19+0530] [ALPM] upgraded qemu-block-ssh (10.2.2-3 -> 11.0.0-1)
[2026-04-27T23:50:19+0530] [ALPM] upgraded qemu-chardev-baum (10.2.2-3 -> 11.0.0-1)
[2026-04-27T23:50:19+0530] [ALPM] upgraded qemu-chardev-spice (10.2.2-3 -> 11.0.0-1)
[2026-04-27T23:50:19+0530] [ALPM] upgraded qemu-hw-display-qxl (10.2.2-3 -> 11.0.0-1)
[2026-04-27T23:50:19+0530] [ALPM] upgraded qemu-hw-display-virtio-gpu (10.2.2-3 -> 11.0.0-1)
[2026-04-27T23:50:19+0530] [ALPM] upgraded qemu-hw-display-virtio-gpu-gl (10.2.2-3 -> 11.0.0-1)
[2026-04-27T23:50:19+0530] [ALPM] upgraded qemu-hw-display-virtio-gpu-rutabaga (10.2.2-3 -> 11.0.0-1)
[2026-04-27T23:50:19+0530] [ALPM] upgraded qemu-hw-display-virtio-gpu-pci (10.2.2-3 -> 11.0.0-1)
[2026-04-27T23:50:19+0530] [ALPM] upgraded qemu-hw-display-virtio-gpu-pci-gl (10.2.2-3 -> 11.0.0-1)
[2026-04-27T23:50:19+0530] [ALPM] upgraded qemu-hw-display-virtio-gpu-pci-rutabaga (10.2.2-3 -> 11.0.0-1)
[2026-04-27T23:50:19+0530] [ALPM] upgraded qemu-hw-display-virtio-vga (10.2.2-3 -> 11.0.0-1)
[2026-04-27T23:50:19+0530] [ALPM] upgraded qemu-hw-display-virtio-vga-gl (10.2.2-3 -> 11.0.0-1)
[2026-04-27T23:50:19+0530] [ALPM] upgraded qemu-hw-display-virtio-vga-rutabaga (10.2.2-3 -> 11.0.0-1)
[2026-04-27T23:50:19+0530] [ALPM] upgraded qemu-hw-uefi-vars (10.2.2-3 -> 11.0.0-1)
[2026-04-27T23:50:19+0530] [ALPM] upgraded qemu-hw-usb-host (10.2.2-3 -> 11.0.0-1)
[2026-04-27T23:50:19+0530] [ALPM] upgraded qemu-hw-usb-redirect (10.2.2-3 -> 11.0.0-1)
[2026-04-27T23:50:19+0530] [ALPM] upgraded qemu-hw-usb-smartcard (10.2.2-3 -> 11.0.0-1)
[2026-04-27T23:50:19+0530] [ALPM] upgraded qemu-ui-curses (10.2.2-3 -> 11.0.0-1)
[2026-04-27T23:50:19+0530] [ALPM] upgraded qemu-ui-dbus (10.2.2-3 -> 11.0.0-1)
[2026-04-27T23:50:19+0530] [ALPM] upgraded qemu-ui-egl-headless (10.2.2-3 -> 11.0.0-1)
[2026-04-27T23:50:19+0530] [ALPM] upgraded qemu-ui-gtk (10.2.2-3 -> 11.0.0-1)
[2026-04-27T23:50:19+0530] [ALPM] upgraded qemu-ui-sdl (10.2.2-3 -> 11.0.0-1)
[2026-04-27T23:50:19+0530] [ALPM] upgraded qemu-ui-spice-app (10.2.2-3 -> 11.0.0-1)
[2026-04-27T23:50:19+0530] [ALPM] upgraded qemu-vhost-user-gpu (10.2.2-3 -> 11.0.0-1)
[2026-04-27T23:50:19+0530] [ALPM] upgraded qemu-desktop (10.2.2-3 -> 11.0.0-1)
[2026-04-27T23:50:19+0530] [ALPM] upgraded qemu-docs (10.2.2-3 -> 11.0.0-1)
[2026-04-27T23:50:19+0530] [ALPM] upgraded qemu-system-aarch64 (10.2.2-3 -> 11.0.0-1)
[2026-04-27T23:50:19+0530] [ALPM] upgraded qemu-system-alpha-firmware (10.2.2-3 -> 11.0.0-1)
[2026-04-27T23:50:19+0530] [ALPM] upgraded qemu-system-alpha (10.2.2-3 -> 11.0.0-1)
[2026-04-27T23:50:19+0530] [ALPM] upgraded qemu-system-arm (10.2.2-3 -> 11.0.0-1)
[2026-04-27T23:50:19+0530] [ALPM] upgraded qemu-system-avr (10.2.2-3 -> 11.0.0-1)
[2026-04-27T23:50:19+0530] [ALPM] upgraded qemu-system-hppa-firmware (10.2.2-3 -> 11.0.0-1)
[2026-04-27T23:50:19+0530] [ALPM] upgraded qemu-system-hppa (10.2.2-3 -> 11.0.0-1)
[2026-04-27T23:50:19+0530] [ALPM] upgraded qemu-system-loongarch64 (10.2.2-3 -> 11.0.0-1)
[2026-04-27T23:50:19+0530] [ALPM] upgraded qemu-system-m68k (10.2.2-3 -> 11.0.0-1)
[2026-04-27T23:50:19+0530] [ALPM] upgraded qemu-system-microblaze-firmware (10.2.2-3 -> 11.0.0-1)
[2026-04-27T23:50:19+0530] [ALPM] upgraded qemu-system-microblaze (10.2.2-3 -> 11.0.0-1)
[2026-04-27T23:50:19+0530] [ALPM] upgraded qemu-system-mips (10.2.2-3 -> 11.0.0-1)
[2026-04-27T23:50:19+0530] [ALPM] upgraded qemu-system-or1k (10.2.2-3 -> 11.0.0-1)
[2026-04-27T23:50:19+0530] [ALPM] upgraded qemu-system-ppc-firmware (10.2.2-3 -> 11.0.0-1)
[2026-04-27T23:50:20+0530] [ALPM] upgraded qemu-system-ppc (10.2.2-3 -> 11.0.0-1)
[2026-04-27T23:50:20+0530] [ALPM] installed edk2-riscv64 (202602-3)
[2026-04-27T23:50:20+0530] [ALPM] upgraded qemu-system-riscv-firmware (10.2.2-3 -> 11.0.0-1)
[2026-04-27T23:50:20+0530] [ALPM] upgraded qemu-system-riscv (10.2.2-3 -> 11.0.0-1)
[2026-04-27T23:50:20+0530] [ALPM] upgraded qemu-system-rx (10.2.2-3 -> 11.0.0-1)
[2026-04-27T23:50:20+0530] [ALPM] upgraded qemu-system-s390x-firmware (10.2.2-3 -> 11.0.0-1)
[2026-04-27T23:50:20+0530] [ALPM] upgraded qemu-system-s390x (10.2.2-3 -> 11.0.0-1)
[2026-04-27T23:50:20+0530] [ALPM] upgraded qemu-system-sh4 (10.2.2-3 -> 11.0.0-1)
[2026-04-27T23:50:20+0530] [ALPM] upgraded qemu-system-sparc-firmware (10.2.2-3 -> 11.0.0-1)
[2026-04-27T23:50:20+0530] [ALPM] upgraded qemu-system-sparc (10.2.2-3 -> 11.0.0-1)
[2026-04-27T23:50:20+0530] [ALPM] upgraded qemu-system-tricore (10.2.2-3 -> 11.0.0-1)
[2026-04-27T23:50:20+0530] [ALPM] upgraded qemu-system-xtensa (10.2.2-3 -> 11.0.0-1)
[2026-04-27T23:50:20+0530] [ALPM] upgraded qemu-user (10.2.2-3 -> 11.0.0-1)
[2026-04-27T23:50:20+0530] [ALPM] upgraded qemu-emulators-full (10.2.2-3 -> 11.0.0-1)
[2026-04-27T23:50:20+0530] [ALPM] upgraded qemu-hw-s390x-virtio-gpu-ccw (10.2.2-3 -> 11.0.0-1)
[2026-04-27T23:50:20+0530] [ALPM] upgraded qemu-pr-helper (10.2.2-3 -> 11.0.0-1)
[2026-04-27T23:50:20+0530] [ALPM] upgraded qemu-tests (10.2.2-3 -> 11.0.0-1)
[2026-04-27T23:50:20+0530] [ALPM] upgraded qemu-tools (10.2.2-3 -> 11.0.0-1)
[2026-04-27T23:50:20+0530] [ALPM] upgraded qemu-vmsr-helper (10.2.2-3 -> 11.0.0-1)
[2026-04-27T23:50:20+0530] [ALPM] upgraded qemu-full (10.2.2-3 -> 11.0.0-1)
[2026-04-27T23:50:20+0530] [ALPM] upgraded systemd-sysvcompat (260.1-1 -> 260.1-2)
[2026-04-27T23:50:20+0530] [ALPM] upgraded texinfo (7.2-1 -> 7.3-1)
[2026-04-27T23:50:21+0530] [ALPM] upgraded vim-runtime (9.2.0316-1 -> 9.2.0388-1)
[2026-04-27T23:50:21+0530] [ALPM] upgraded vim (9.2.0316-1 -> 9.2.0388-1)
[2026-04-27T23:50:21+0530] [ALPM] upgraded xbitmaps (1.1.3-2 -> 1.1.4-1)
[2026-04-27T23:50:21+0530] [ALPM] upgraded xorg-server (21.1.21-1 -> 21.1.22-1)
[2026-04-27T23:50:21+0530] [ALPM] upgraded xorg-xrandr (1.5.3-1 -> 1.5.4-1)
[2026-04-27T23:50:21+0530] [ALPM] upgraded xterm (407-1 -> 409-1)
[2026-04-27T23:50:21+0530] [ALPM] upgraded yajl (2.1.0-6 -> 2.1.0-7)
[2026-04-27T23:50:21+0530] [ALPM] upgraded zsh (5.9-5 -> 5.9-6)
[2026-04-27T23:50:21+0530] [ALPM] transaction completed
[2026-04-27T23:50:22+0530] [ALPM] running '20-systemd-sysusers.hook'...
[2026-04-27T23:50:22+0530] [ALPM] running '21-systemd-tmpfiles.hook'...
[2026-04-27T23:50:22+0530] [ALPM] running '25-systemd-catalog.hook'...
[2026-04-27T23:50:22+0530] [ALPM] running '25-systemd-hwdb.hook'...
[2026-04-27T23:50:23+0530] [ALPM] running '25-systemd-sysctl.hook'...
[2026-04-27T23:50:23+0530] [ALPM] running '30-systemd-daemon-reload-system.hook'...
[2026-04-27T23:50:23+0530] [ALPM] running '30-systemd-daemon-reload-user.hook'...
[2026-04-27T23:50:23+0530] [ALPM] running '30-update-mime-database.hook'...
[2026-04-27T23:50:24+0530] [ALPM] running '35-systemd-enqueue-marked.hook'...
[2026-04-27T23:50:24+0530] [ALPM] running '35-systemd-udev-reload.hook'...
[2026-04-27T23:50:24+0530] [ALPM] running '35-systemd-update.hook'...
[2026-04-27T23:50:24+0530] [ALPM] running '40-update-ca-trust.hook'...
[2026-04-27T23:50:25+0530] [ALPM] running '60-depmod.hook'...
[2026-04-27T23:50:27+0530] [ALPM] running '70-dkms-install.hook'...
[2026-04-27T23:50:27+0530] [ALPM-SCRIPTLET] ==> dkms install --no-depmod nvidia/595.58.03 -k 6.19.14-arch1-1
[2026-04-27T23:51:32+0530] [ALPM-SCRIPTLET] ==> depmod 6.19.14-arch1-1
[2026-04-27T23:51:35+0530] [ALPM] running '90-mkinitcpio-install.hook'...
[2026-04-27T23:51:36+0530] [ALPM-SCRIPTLET] ==> Building image from preset: /etc/mkinitcpio.d/linux.preset: 'default'
[2026-04-27T23:51:36+0530] [ALPM-SCRIPTLET] ==> Using default configuration file: '/etc/mkinitcpio.conf'
[2026-04-27T23:51:36+0530] [ALPM-SCRIPTLET]   -> -k /boot/vmlinuz-linux -U /boot/EFI/Linux/arch-linux.efi --splash /usr/share/systemd/bootctl/splash-arch.bmp
[2026-04-27T23:51:36+0530] [ALPM-SCRIPTLET] ==> Starting build: '6.19.14-arch1-1'
[2026-04-27T23:51:36+0530] [ALPM-SCRIPTLET]   -> Running build hook: [base]
[2026-04-27T23:51:36+0530] [ALPM-SCRIPTLET]   -> Running build hook: [udev]
[2026-04-27T23:51:36+0530] [ALPM-SCRIPTLET]   -> Running build hook: [autodetect]
[2026-04-27T23:51:36+0530] [ALPM-SCRIPTLET]   -> Running build hook: [microcode]
[2026-04-27T23:51:36+0530] [ALPM-SCRIPTLET]   -> Running build hook: [modconf]
[2026-04-27T23:51:36+0530] [ALPM-SCRIPTLET]   -> Running build hook: [kms]
[2026-04-27T23:51:42+0530] [ALPM-SCRIPTLET]   -> Running build hook: [keyboard]
[2026-04-27T23:51:42+0530] [ALPM-SCRIPTLET]   -> Running build hook: [keymap]
[2026-04-27T23:51:42+0530] [ALPM-SCRIPTLET]   -> Running build hook: [consolefont]
[2026-04-27T23:51:42+0530] [ALPM-SCRIPTLET]   -> Running build hook: [block]
[2026-04-27T23:51:43+0530] [ALPM-SCRIPTLET]   -> Running build hook: [filesystems]
[2026-04-27T23:51:43+0530] [ALPM-SCRIPTLET]   -> Running build hook: [fsck]
[2026-04-27T23:51:43+0530] [ALPM-SCRIPTLET] ==> Generating module dependencies
[2026-04-27T23:51:43+0530] [ALPM-SCRIPTLET] ==> Creating zstd-compressed initcpio image
[2026-04-27T23:51:43+0530] [ALPM-SCRIPTLET]   -> Early uncompressed CPIO image generation successful
[2026-04-27T23:51:43+0530] [ALPM-SCRIPTLET] ==> Initcpio image generation successful
[2026-04-27T23:51:43+0530] [ALPM-SCRIPTLET] ==> Creating unified kernel image: '/boot/EFI/Linux/arch-linux.efi'
[2026-04-27T23:51:44+0530] [ALPM-SCRIPTLET] ==> Unified kernel image generation successful
[2026-04-27T23:51:44+0530] [ALPM] running 'accounts-daemon-restart.hook'...
[2026-04-27T23:51:44+0530] [ALPM] running 'dbus-reload.hook'...
[2026-04-27T23:51:44+0530] [ALPM] running 'detect-old-perl-modules.hook'...
[2026-04-27T23:51:44+0530] [ALPM] running 'glib-compile-schemas.hook'...
[2026-04-27T23:51:44+0530] [ALPM] running 'gtk-update-icon-cache.hook'...
[2026-04-27T23:51:44+0530] [ALPM] running 'texinfo-install.hook'...
[2026-04-27T23:51:46+0530] [ALPM] running 'update-desktop-database.hook'...
[2026-04-27T23:51:55+0530] [PACMAN] Running 'pacman -S --config /etc/pacman.conf -- extra/openexr extra/jxrlib extra/libwmf extra/libraw extra/qt6-tools extra/libheif'
[2026-04-27T23:52:08+0530] [ALPM] transaction started
[2026-04-27T23:52:08+0530] [ALPM] installed imath (3.2.2-5)
[2026-04-27T23:52:08+0530] [ALPM] installed openjph (0.27.0-1)
[2026-04-27T23:52:08+0530] [ALPM] installed openexr (3.4.10-1)
[2026-04-27T23:52:08+0530] [ALPM] installed jxrlib (1.3.2-1)
[2026-04-27T23:52:08+0530] [ALPM] installed libwmf (0.2.15-1)
[2026-04-27T23:52:08+0530] [ALPM] installed libraw (0.22.1-1)
[2026-04-27T23:52:08+0530] [ALPM] installed qt6-tools (6.11.0-3)
[2026-04-27T23:52:08+0530] [ALPM] installed libde265 (1.0.18-1)
[2026-04-27T23:52:08+0530] [ALPM] installed openh264 (2.6.0-2)
[2026-04-27T23:52:08+0530] [ALPM] installed libheif (1.21.2-2)
[2026-04-27T23:52:08+0530] [ALPM] transaction completed
[2026-04-27T23:52:08+0530] [ALPM] running '35-systemd-update.hook'...
[2026-04-27T23:52:08+0530] [ALPM] running 'gdk-pixbuf-query-loaders.hook'...
[2026-04-27T23:52:08+0530] [ALPM] running 'gtk-update-icon-cache.hook'...
[2026-04-27T23:52:08+0530] [ALPM] running 'update-desktop-database.hook'...
[2026-04-27T23:52:08+0530] [PACMAN] Running 'pacman -D -q --asdeps --config /etc/pacman.conf -- libwmf libraw qt6-tools libheif openexr jxrlib'
[2026-04-27T23:54:58+0530] [PACMAN] Running 'pacman -U --config /etc/pacman.conf -- /home/soi/.cache/yay/imageviewer/imageviewer-1.9.0-8-x86_64.pkg.tar.zst /home/soi/.cache/yay/imageviewer/imageviewer-debug-1.9.0-8-x86_64.pkg.tar.zst'
[2026-04-27T23:55:01+0530] [ALPM] transaction started
[2026-04-27T23:55:01+0530] [ALPM] installed imageviewer (1.9.0-8)
[2026-04-27T23:55:02+0530] [ALPM] installed imageviewer-debug (1.9.0-8)
[2026-04-27T23:55:02+0530] [ALPM] transaction completed
[2026-04-27T23:55:02+0530] [ALPM] running '35-systemd-update.hook'...
[2026-04-27T23:55:02+0530] [ALPM] running 'gtk-update-icon-cache.hook'...
[2026-04-27T23:55:02+0530] [ALPM] running 'update-desktop-database.hook'...
[2026-04-27T23:55:02+0530] [PACMAN] Running 'pacman -D -q --asdeps --config /etc/pacman.conf -- imageviewer-debug'
[2026-04-27T23:55:02+0530] [PACMAN] Running 'pacman -D -q --asexplicit --config /etc/pacman.conf -- imageviewer'
[2026-04-27T23:55:02+0530] [PACMAN] Running 'pacman -R -s -u --noconfirm --config /etc/pacman.conf -- qt6-tools'
[2026-04-27T23:55:02+0530] [ALPM] transaction started
[2026-04-27T23:55:02+0530] [ALPM] removed qt6-tools (6.11.0-3)
[2026-04-27T23:55:02+0530] [ALPM] transaction completed
[2026-04-27T23:55:02+0530] [ALPM] running '35-systemd-update.hook'...
[2026-04-27T23:55:02+0530] [ALPM] running 'gtk-update-icon-cache.hook'...
[2026-04-27T23:55:02+0530] [ALPM] running 'update-desktop-database.hook'...
[2026-05-03T13:08:05+0530] [PACMAN] Running 'pacman -Syu'
[2026-05-03T13:08:05+0530] [PACMAN] synchronizing package lists
[2026-05-03T13:08:20+0530] [PACMAN] starting full system upgrade
[2026-05-03T13:08:59+0530] [ALPM] running '60-mkinitcpio-remove.hook'...
[2026-05-03T13:08:59+0530] [ALPM] running '71-dkms-remove.hook'...
[2026-05-03T13:08:59+0530] [ALPM-SCRIPTLET] ==> dkms remove --no-depmod nvidia/595.58.03 -k 6.19.14-arch1-1
[2026-05-03T13:09:00+0530] [ALPM-SCRIPTLET] ==> depmod 6.19.14-arch1-1
[2026-05-03T13:09:03+0530] [ALPM] transaction started
[2026-05-03T13:09:03+0530] [ALPM] upgraded iana-etc (20260409-1 -> 20260425-1)
[2026-05-03T13:09:03+0530] [ALPM] upgraded glibc (2.43+r22+g8362e8ce10b2-1 -> 2.43+r22+g8362e8ce10b2-2)
[2026-05-03T13:09:03+0530] [ALPM-SCRIPTLET] Generating locales...
[2026-05-03T13:09:04+0530] [ALPM-SCRIPTLET]   en_US.UTF-8... done
[2026-05-03T13:09:04+0530] [ALPM-SCRIPTLET] Generation complete.
[2026-05-03T13:09:04+0530] [ALPM] upgraded libgcc (15.2.1+r604+g0b99615a8aef-1 -> 16.1.1+r12+g301eb08fa2c5-1)
[2026-05-03T13:09:04+0530] [ALPM] upgraded libstdc++ (15.2.1+r604+g0b99615a8aef-1 -> 16.1.1+r12+g301eb08fa2c5-1)
[2026-05-03T13:09:04+0530] [ALPM] upgraded gnutls (3.8.12-2 -> 3.8.13-1)
[2026-05-03T13:09:04+0530] [ALPM] upgraded curl (8.19.0-1 -> 8.20.0-3)
[2026-05-03T13:09:04+0530] [ALPM] upgraded binutils (2.46-1 -> 2.46+r70+g155188ea10a7-1)
[2026-05-03T13:09:04+0530] [ALPM] upgraded device-mapper (2.03.39-1 -> 2.03.40-1)
[2026-05-03T13:09:04+0530] [ALPM] upgraded libsysprof-capture (50.0-1 -> 50.0-2)
[2026-05-03T13:09:04+0530] [ALPM] upgraded glib2 (2.88.0-1 -> 2.88.1-1)
[2026-05-03T13:09:04+0530] [ALPM] upgraded libasan (15.2.1+r604+g0b99615a8aef-1 -> 16.1.1+r12+g301eb08fa2c5-1)
[2026-05-03T13:09:04+0530] [ALPM] upgraded liblsan (15.2.1+r604+g0b99615a8aef-1 -> 16.1.1+r12+g301eb08fa2c5-1)
[2026-05-03T13:09:04+0530] [ALPM] upgraded libtsan (15.2.1+r604+g0b99615a8aef-1 -> 16.1.1+r12+g301eb08fa2c5-1)
[2026-05-03T13:09:04+0530] [ALPM] upgraded libubsan (15.2.1+r604+g0b99615a8aef-1 -> 16.1.1+r12+g301eb08fa2c5-1)
[2026-05-03T13:09:04+0530] [ALPM] upgraded libatomic (15.2.1+r604+g0b99615a8aef-1 -> 16.1.1+r12+g301eb08fa2c5-1)
[2026-05-03T13:09:04+0530] [ALPM] upgraded libgfortran (15.2.1+r604+g0b99615a8aef-1 -> 16.1.1+r12+g301eb08fa2c5-1)
[2026-05-03T13:09:04+0530] [ALPM] upgraded libgomp (15.2.1+r604+g0b99615a8aef-1 -> 16.1.1+r12+g301eb08fa2c5-1)
[2026-05-03T13:09:04+0530] [ALPM] upgraded libobjc (15.2.1+r604+g0b99615a8aef-1 -> 16.1.1+r12+g301eb08fa2c5-1)
[2026-05-03T13:09:04+0530] [ALPM] upgraded libquadmath (15.2.1+r604+g0b99615a8aef-1 -> 16.1.1+r12+g301eb08fa2c5-1)
[2026-05-03T13:09:04+0530] [ALPM] upgraded gcc-libs (15.2.1+r604+g0b99615a8aef-1 -> 16.1.1+r12+g301eb08fa2c5-1)
[2026-05-03T13:09:04+0530] [ALPM] upgraded mesa (1:26.0.5-1 -> 1:26.0.6-1)
[2026-05-03T13:09:05+0530] [ALPM] upgraded nvidia-utils (595.58.03-2 -> 595.71.05-2)
[2026-05-03T13:09:05+0530] [ALPM] upgraded sdl3 (3.4.4-1 -> 3.4.8-1)
[2026-05-03T13:09:05+0530] [ALPM] upgraded sdl2-compat (2.32.66-1 -> 2.32.68-1)
[2026-05-03T13:09:05+0530] [ALPM] upgraded srt (1.5.4-1 -> 1.5.5-1)
[2026-05-03T13:09:05+0530] [ALPM] upgraded libbpf (1.6.2-1 -> 1.7.0-1)
[2026-05-03T13:09:05+0530] [ALPM] upgraded gtk-update-icon-cache (1:4.22.3-1 -> 1:4.22.4-1)
[2026-05-03T13:09:05+0530] [ALPM] upgraded libcups (2:2.4.18-1 -> 2:2.4.19-1)
[2026-05-03T13:09:06+0530] [ALPM] upgraded firefox (150.0-1 -> 150.0.1-1)
[2026-05-03T13:09:06+0530] [ALPM] upgraded gcc (15.2.1+r604+g0b99615a8aef-1 -> 16.1.1+r12+g301eb08fa2c5-1)
[2026-05-03T13:09:06+0530] [ALPM] upgraded geoclue (2.8.0-2 -> 2.8.1-1)
[2026-05-03T13:09:07+0530] [ALPM] upgraded github-cli (2.91.0-3 -> 2.92.0-1)
[2026-05-03T13:09:07+0530] [ALPM] upgraded gtk4 (1:4.22.3-1 -> 1:4.22.4-1)
[2026-05-03T13:09:07+0530] [ALPM] upgraded htop (3.5.0-1 -> 3.5.1-1)
[2026-05-03T13:09:07+0530] [ALPM] upgraded js140 (140.10.0-1 -> 140.10.1-1)
[2026-05-03T13:09:07+0530] [ALPM] upgraded libcurl-gnutls (8.19.0-1 -> 8.20.0-3)
[2026-05-03T13:09:07+0530] [ALPM] upgraded libgsf (1.14.56-1 -> 1.14.58-1)
[2026-05-03T13:09:07+0530] [ALPM] upgraded libtool (2.6.0-4 -> 2.6.0+r23+gb08cb0a0-1)
[2026-05-03T13:09:07+0530] [ALPM] upgraded libvirt (1:12.2.0-1 -> 1:12.3.0-1)
[2026-05-03T13:09:07+0530] [ALPM] upgraded libvirt-python (1:12.2.0-1 -> 1:12.3.0-1)
[2026-05-03T13:09:07+0530] [ALPM] warning: /etc/mkinitcpio.conf installed as /etc/mkinitcpio.conf.pacnew
[2026-05-03T13:09:07+0530] [ALPM] upgraded mkinitcpio (40-4 -> 41-3)
[2026-05-03T13:09:08+0530] [ALPM] upgraded linux (6.19.14.arch1-1 -> 7.0.3.arch1-2)
[2026-05-03T13:09:10+0530] [ALPM] upgraded linux-headers (6.19.14.arch1-1 -> 7.0.3.arch1-2)
[2026-05-03T13:09:10+0530] [ALPM] upgraded nvidia-open-dkms (595.58.03-2 -> 595.71.05-2)
[2026-05-03T13:09:10+0530] [ALPM] upgraded openexr (3.4.10-1 -> 3.4.11-1)
[2026-05-03T13:09:10+0530] [ALPM] upgraded openvpn (2.7.2-1 -> 2.7.4-1)
[2026-05-03T13:09:10+0530] [ALPM] upgraded python-proton-vpn-api-core (4.19.1-1 -> 5.0.1-1)
[2026-05-03T13:09:10+0530] [ALPM] upgraded proton-vpn-gtk-app (4.15.2-1 -> 4.15.3-1)
[2026-05-03T13:09:10+0530] [ALPM] upgraded sdl2_image (2.8.10-1 -> 2.8.12-1)
[2026-05-03T13:09:11+0530] [ALPM] transaction completed
[2026-05-03T13:09:11+0530] [ALPM] running '20-systemd-sysusers.hook'...
[2026-05-03T13:09:11+0530] [ALPM] running '21-systemd-tmpfiles.hook'...
[2026-05-03T13:09:11+0530] [ALPM] running '25-systemd-sysctl.hook'...
[2026-05-03T13:09:11+0530] [ALPM] running '30-systemd-daemon-reload-system.hook'...
[2026-05-03T13:09:12+0530] [ALPM] running '30-update-mime-database.hook'...
[2026-05-03T13:09:12+0530] [ALPM] running '35-systemd-enqueue-marked.hook'...
[2026-05-03T13:09:12+0530] [ALPM] running '35-systemd-udev-reload.hook'...
[2026-05-03T13:09:13+0530] [ALPM] running '35-systemd-update.hook'...
[2026-05-03T13:09:13+0530] [ALPM] running '60-depmod.hook'...
[2026-05-03T13:09:14+0530] [ALPM] running '70-dkms-install.hook'...
[2026-05-03T13:09:14+0530] [ALPM-SCRIPTLET] ==> dkms install --no-depmod nvidia/595.71.05 -k 7.0.3-arch1-2
[2026-05-03T13:10:20+0530] [ALPM-SCRIPTLET] ==> depmod 7.0.3-arch1-2
[2026-05-03T13:10:23+0530] [ALPM] running '90-mkinitcpio-install.hook'...
[2026-05-03T13:10:24+0530] [ALPM-SCRIPTLET] ==> Building image from preset: /etc/mkinitcpio.d/linux.preset: 'default'
[2026-05-03T13:10:24+0530] [ALPM-SCRIPTLET] ==> Using default configuration file: '/etc/mkinitcpio.conf'
[2026-05-03T13:10:24+0530] [ALPM-SCRIPTLET]   -> -k /boot/vmlinuz-linux -U /boot/EFI/Linux/arch-linux.efi --splash /usr/share/systemd/bootctl/splash-arch.bmp
[2026-05-03T13:10:24+0530] [ALPM-SCRIPTLET] ==> Starting build: '7.0.3-arch1-2'
[2026-05-03T13:10:24+0530] [ALPM-SCRIPTLET]   -> Running build hook: [base]
[2026-05-03T13:10:24+0530] [ALPM-SCRIPTLET]   -> Running build hook: [udev]
[2026-05-03T13:10:24+0530] [ALPM-SCRIPTLET]   -> Running build hook: [autodetect]
[2026-05-03T13:10:24+0530] [ALPM-SCRIPTLET]   -> Running build hook: [microcode]
[2026-05-03T13:10:24+0530] [ALPM-SCRIPTLET]   -> Running build hook: [modconf]
[2026-05-03T13:10:24+0530] [ALPM-SCRIPTLET]   -> Running build hook: [kms]
[2026-05-03T13:10:29+0530] [ALPM-SCRIPTLET]   -> Running build hook: [keyboard]
[2026-05-03T13:10:30+0530] [ALPM-SCRIPTLET]   -> Running build hook: [keymap]
[2026-05-03T13:10:30+0530] [ALPM-SCRIPTLET]   -> Running build hook: [consolefont]
[2026-05-03T13:10:30+0530] [ALPM-SCRIPTLET]   -> Running build hook: [block]
[2026-05-03T13:10:30+0530] [ALPM-SCRIPTLET]   -> Running build hook: [filesystems]
[2026-05-03T13:10:30+0530] [ALPM-SCRIPTLET]   -> Running build hook: [fsck]
[2026-05-03T13:10:31+0530] [ALPM-SCRIPTLET] ==> Generating module dependencies
[2026-05-03T13:10:31+0530] [ALPM-SCRIPTLET] ==> Creating zstd-compressed initcpio image
[2026-05-03T13:10:31+0530] [ALPM-SCRIPTLET]   -> Early uncompressed CPIO image generation successful
[2026-05-03T13:10:31+0530] [ALPM-SCRIPTLET] ==> Initcpio image generation successful
[2026-05-03T13:10:31+0530] [ALPM-SCRIPTLET] ==> Creating unified kernel image: '/boot/EFI/Linux/arch-linux.efi'
[2026-05-03T13:10:32+0530] [ALPM-SCRIPTLET] ==> Unified kernel image generation successful
[2026-05-03T13:10:32+0530] [ALPM] running 'dbus-reload.hook'...
[2026-05-03T13:10:32+0530] [ALPM] running 'glib-compile-schemas.hook'...
[2026-05-03T13:10:32+0530] [ALPM] running 'gtk-update-icon-cache.hook'...
[2026-05-03T13:10:32+0530] [ALPM] running 'texinfo-install.hook'...
[2026-05-03T13:10:33+0530] [ALPM] running 'update-desktop-database.hook'...
[2026-05-10T22:14:05+0530] [PACMAN] Running 'pacman -S npm'
[2026-05-10T22:14:31+0530] [PACMAN] Running 'pacman -Syu'
[2026-05-10T22:14:31+0530] [PACMAN] synchronizing package lists
[2026-05-10T22:14:35+0530] [PACMAN] starting full system upgrade
[2026-05-10T22:20:49+0530] [ALPM] running '60-mkinitcpio-remove.hook'...
[2026-05-10T22:20:49+0530] [ALPM] running '71-dkms-remove.hook'...
[2026-05-10T22:20:50+0530] [ALPM-SCRIPTLET] ==> dkms remove --no-depmod nvidia/595.71.05 -k 7.0.3-arch1-2
[2026-05-10T22:20:50+0530] [ALPM-SCRIPTLET] ==> depmod 7.0.3-arch1-2
[2026-05-10T22:20:53+0530] [ALPM] transaction started
[2026-05-10T22:20:53+0530] [ALPM] upgraded libgpg-error (1.60-1 -> 1.61-1)
[2026-05-10T22:20:53+0530] [ALPM] upgraded sqlite (3.53.0-2 -> 3.53.1-1)
[2026-05-10T22:20:53+0530] [ALPM] upgraded at-spi2-core (2.60.2-1 -> 2.60.3-1)
[2026-05-10T22:20:53+0530] [ALPM] upgraded llvm-libs (22.1.3-1 -> 22.1.5-1)
[2026-05-10T22:20:53+0530] [ALPM] upgraded compiler-rt (22.1.3-1 -> 22.1.5-1)
[2026-05-10T22:20:53+0530] [ALPM] upgraded nettle (3.10.2-1 -> 4.0-1)
[2026-05-10T22:20:53+0530] [ALPM] upgraded gnutls (3.8.13-1 -> 3.8.13-2)
[2026-05-10T22:20:53+0530] [ALPM] upgraded curl (8.20.0-3 -> 8.20.0-6)
[2026-05-10T22:20:53+0530] [ALPM] upgraded libelf (0.194-2 -> 0.195-1)
[2026-05-10T22:20:54+0530] [ALPM] upgraded clang (22.1.3-1 -> 22.1.5-1)
[2026-05-10T22:20:54+0530] [ALPM] installed elfutils (0.195-1)
[2026-05-10T22:20:54+0530] [ALPM] installed boost-libs (1.91.0-1)
[2026-05-10T22:20:54+0530] [ALPM] installed gdb-common (17.1-5)
[2026-05-10T22:20:54+0530] [ALPM] installed source-highlight (3.1.9-18)
[2026-05-10T22:20:54+0530] [ALPM] installed gdb (17.1-5)
[2026-05-10T22:20:54+0530] [ALPM] upgraded debugedit (5.2-1 -> 5.3-1)
[2026-05-10T22:20:54+0530] [ALPM] upgraded dnsmasq (2.92-1 -> 2.92-2)
[2026-05-10T22:20:54+0530] [ALPM] upgraded efivar (39-1 -> 39-2)
[2026-05-10T22:20:54+0530] [ALPM] upgraded efibootmgr (18-3 -> 18-4)
[2026-05-10T22:20:54+0530] [ALPM] upgraded feh (3.12.1-1 -> 3.12.2-1)
[2026-05-10T22:20:54+0530] [ALPM] upgraded lcms2 (2.19-1 -> 2.19.1-1)
[2026-05-10T22:20:54+0530] [ALPM] upgraded libdrm (2.4.131-1 -> 2.4.133-1)
[2026-05-10T22:20:54+0530] [ALPM] upgraded vapoursynth (73-2 -> 75-2)
[2026-05-10T22:20:54+0530] [ALPM] upgraded ffmpeg (2:8.1-3 -> 2:8.1.1-1)
[2026-05-10T22:20:54+0530] [ALPM] upgraded nspr (4.38.2-1 -> 4.39-1)
[2026-05-10T22:20:55+0530] [ALPM] upgraded firefox (150.0.1-1 -> 150.0.2-1)
[2026-05-10T22:20:56+0530] [ALPM] upgraded go (2:1.26.2-1 -> 2:1.26.3-1)
[2026-05-10T22:20:56+0530] [ALPM] upgraded go-tools (4:0.44.0-1 -> 4:0.44.0-2)
[2026-05-10T22:20:56+0530] [ALPM] upgraded gstreamer (1.28.2-1 -> 1.28.2-2)
[2026-05-10T22:20:56+0530] [ALPM] upgraded gst-plugins-base-libs (1.28.2-1 -> 1.28.2-2)
[2026-05-10T22:20:56+0530] [ALPM] upgraded gst-plugins-bad-libs (1.28.2-1 -> 1.28.2-2)
[2026-05-10T22:20:56+0530] [ALPM] upgraded gst-plugins-base (1.28.2-1 -> 1.28.2-2)
[2026-05-10T22:20:56+0530] [ALPM] upgraded gst-plugins-good (1.28.2-1 -> 1.28.2-2)
[2026-05-10T22:20:56+0530] [ALPM] upgraded hwdata (0.406-1 -> 0.407-1)
[2026-05-10T22:20:56+0530] [ALPM] upgraded python-gobject (3.56.2-1 -> 3.56.3-1)
[2026-05-10T22:20:56+0530] [ALPM] upgraded libibus (1.5.33-3 -> 1.5.34-1)
[2026-05-10T22:20:56+0530] [ALPM] upgraded ibus (1.5.33-3 -> 1.5.34-1)
[2026-05-10T22:20:57+0530] [ALPM] upgraded js140 (140.10.1-1 -> 140.10.2-1)
[2026-05-10T22:20:57+0530] [ALPM] upgraded qt6-base (6.11.0-2 -> 6.11.0-4)
[2026-05-10T22:20:57+0530] [ALPM] upgraded kguiaddons (6.25.0-1 -> 6.26.0-1)
[2026-05-10T22:20:57+0530] [ALPM] upgraded libcurl-gnutls (8.20.0-3 -> 8.20.0-6)
[2026-05-10T22:20:58+0530] [ALPM] upgraded linux (7.0.3.arch1-2 -> 7.0.5.arch1-1)
[2026-05-10T22:21:00+0530] [ALPM] upgraded linux-headers (7.0.3.arch1-2 -> 7.0.5.arch1-1)
[2026-05-10T22:21:00+0530] [ALPM] upgraded openjph (0.27.0-1 -> 0.27.2-1)
[2026-05-10T22:21:00+0530] [ALPM] upgraded pacman (7.1.0.r9.g54d9411-1 -> 7.1.0.r9.g54d9411-2)
[2026-05-10T22:21:00+0530] [ALPM] upgraded python-cryptography (47.0.0-1 -> 48.0.0-1)
[2026-05-10T22:21:00+0530] [ALPM] upgraded python-urllib3 (2.6.3-1 -> 2.7.0-1)
[2026-05-10T22:21:00+0530] [ALPM] upgraded python-sentry_sdk (2.58.0-1 -> 2.59.0-1)
[2026-05-10T22:21:00+0530] [ALPM] upgraded python-pyopenssl (26.1.0-1 -> 26.2.0-1)
[2026-05-10T22:21:00+0530] [ALPM] upgraded python-proton-vpn-api-core (5.0.1-1 -> 5.1.2-1)
[2026-05-10T22:21:00+0530] [ALPM] upgraded proton-vpn-daemon (0.13.6-2 -> 0.13.7-1)
[2026-05-10T22:21:01+0530] [ALPM] upgraded proton-vpn-gtk-app (4.15.3-1 -> 4.16.1-1)
[2026-05-10T22:21:01+0530] [ALPM] upgraded rdma-core (62.0-1 -> 63.0-1)
[2026-05-10T22:21:01+0530] [ALPM] installed nettle3 (3.10.2-2)
[2026-05-10T22:21:01+0530] [ALPM] upgraded sequoia-sqv (1.3.0-1 -> 1.3.0-3)
[2026-05-10T22:21:01+0530] [ALPM] upgraded vim-runtime (9.2.0388-1 -> 9.2.0450-1)
[2026-05-10T22:21:01+0530] [ALPM] upgraded vim (9.2.0388-1 -> 9.2.0450-1)
[2026-05-10T22:21:01+0530] [ALPM] upgraded virglrenderer (1.2.0-1 -> 1.3.0-2)
[2026-05-10T22:21:01+0530] [ALPM] upgraded wget (1.25.0-3 -> 1.25.0-4)
[2026-05-10T22:21:01+0530] [ALPM] upgraded xorg-server-common (21.1.22-1 -> 21.1.22-2)
[2026-05-10T22:21:01+0530] [ALPM] upgraded xorg-server (21.1.22-1 -> 21.1.22-2)
[2026-05-10T22:21:01+0530] [ALPM] upgraded xorg-xwayland (24.1.11-1 -> 24.1.11-2)
[2026-05-10T22:21:01+0530] [ALPM] transaction completed
[2026-05-10T22:21:02+0530] [ALPM] running '20-systemd-sysusers.hook'...
[2026-05-10T22:21:02+0530] [ALPM-SCRIPTLET] Creating group 'rdma' with GID 951.
[2026-05-10T22:21:02+0530] [ALPM] running '30-systemd-daemon-reload-system.hook'...
[2026-05-10T22:21:03+0530] [ALPM] running '30-systemd-daemon-reload-user.hook'...
[2026-05-10T22:21:03+0530] [ALPM] running '30-update-mime-database.hook'...
[2026-05-10T22:21:03+0530] [ALPM] running '35-systemd-enqueue-marked.hook'...
[2026-05-10T22:21:03+0530] [ALPM] running '35-systemd-udev-reload.hook'...
[2026-05-10T22:21:04+0530] [ALPM] running '35-systemd-update.hook'...
[2026-05-10T22:21:04+0530] [ALPM] running '60-depmod.hook'...
[2026-05-10T22:21:05+0530] [ALPM] running '70-dkms-install.hook'...
[2026-05-10T22:21:05+0530] [ALPM-SCRIPTLET] ==> dkms install --no-depmod nvidia/595.71.05 -k 7.0.5-arch1-1
[2026-05-10T22:22:16+0530] [ALPM-SCRIPTLET] ==> depmod 7.0.5-arch1-1
[2026-05-10T22:22:19+0530] [ALPM] running '90-mkinitcpio-install.hook'...
[2026-05-10T22:22:20+0530] [ALPM-SCRIPTLET] ==> Building image from preset: /etc/mkinitcpio.d/linux.preset: 'default'
[2026-05-10T22:22:20+0530] [ALPM-SCRIPTLET] ==> Using default configuration file: '/etc/mkinitcpio.conf'
[2026-05-10T22:22:20+0530] [ALPM-SCRIPTLET]   -> -k /boot/vmlinuz-linux -U /boot/EFI/Linux/arch-linux.efi --splash /usr/share/systemd/bootctl/splash-arch.bmp
[2026-05-10T22:22:20+0530] [ALPM-SCRIPTLET] ==> Starting build: '7.0.5-arch1-1'
[2026-05-10T22:22:20+0530] [ALPM-SCRIPTLET]   -> Running build hook: [base]
[2026-05-10T22:22:20+0530] [ALPM-SCRIPTLET]   -> Running build hook: [udev]
[2026-05-10T22:22:20+0530] [ALPM-SCRIPTLET]   -> Running build hook: [autodetect]
[2026-05-10T22:22:20+0530] [ALPM-SCRIPTLET]   -> Running build hook: [microcode]
[2026-05-10T22:22:20+0530] [ALPM-SCRIPTLET]   -> Running build hook: [modconf]
[2026-05-10T22:22:20+0530] [ALPM-SCRIPTLET]   -> Running build hook: [kms]
[2026-05-10T22:22:26+0530] [ALPM-SCRIPTLET]   -> Running build hook: [keyboard]
[2026-05-10T22:22:26+0530] [ALPM-SCRIPTLET]   -> Running build hook: [keymap]
[2026-05-10T22:22:26+0530] [ALPM-SCRIPTLET]   -> Running build hook: [consolefont]
[2026-05-10T22:22:26+0530] [ALPM-SCRIPTLET]   -> Running build hook: [block]
[2026-05-10T22:22:27+0530] [ALPM-SCRIPTLET]   -> Running build hook: [filesystems]
[2026-05-10T22:22:27+0530] [ALPM-SCRIPTLET]   -> Running build hook: [fsck]
[2026-05-10T22:22:27+0530] [ALPM-SCRIPTLET] ==> Generating module dependencies
[2026-05-10T22:22:27+0530] [ALPM-SCRIPTLET] ==> Creating zstd-compressed initcpio image
[2026-05-10T22:22:27+0530] [ALPM-SCRIPTLET]   -> Early uncompressed CPIO image generation successful
[2026-05-10T22:22:28+0530] [ALPM-SCRIPTLET] ==> Initcpio image generation successful
[2026-05-10T22:22:28+0530] [ALPM-SCRIPTLET] ==> Creating unified kernel image: '/boot/EFI/Linux/arch-linux.efi'
[2026-05-10T22:22:28+0530] [ALPM-SCRIPTLET] ==> Unified kernel image generation successful
[2026-05-10T22:22:28+0530] [ALPM] running 'dbus-reload.hook'...
[2026-05-10T22:22:28+0530] [ALPM] running 'dconf-update.hook'...
[2026-05-10T22:22:28+0530] [ALPM] running 'glib-compile-schemas.hook'...
[2026-05-10T22:22:28+0530] [ALPM] running 'gtk-query-immodules-3.0.hook'...
[2026-05-10T22:22:29+0530] [ALPM] running 'gtk-update-icon-cache.hook'...
[2026-05-10T22:22:29+0530] [ALPM] running 'gtk4-querymodules.hook'...
[2026-05-10T22:22:29+0530] [ALPM] running 'texinfo-install.hook'...
[2026-05-10T22:22:29+0530] [ALPM] running 'update-desktop-database.hook'...
[2026-05-11T13:07:45+0530] [PACMAN] Running 'pacman -S npm'
[2026-05-11T13:07:57+0530] [ALPM] transaction started
[2026-05-11T13:07:57+0530] [ALPM] installed ada (3.4.4-1)
[2026-05-11T13:07:57+0530] [ALPM] installed c-ares (1.34.6-1)
[2026-05-11T13:07:57+0530] [ALPM] installed simdjson (1:4.6.3-1)
[2026-05-11T13:07:58+0530] [ALPM] installed nodejs (26.1.0-1)
[2026-05-11T13:07:58+0530] [ALPM] installed nodejs-nopt (9.0.0-1)
[2026-05-11T13:07:58+0530] [ALPM] installed semver (7.8.0-1)
[2026-05-11T13:07:58+0530] [ALPM] installed node-gyp (12.3.0-1)
[2026-05-11T13:07:58+0530] [ALPM] installed npm (11.14.1-1)
[2026-05-11T13:07:58+0530] [ALPM] transaction completed
[2026-05-11T13:07:58+0530] [ALPM] running '35-systemd-update.hook'...
[2026-05-11T13:08:45+0530] [PACMAN] Running 'pacman -Rns npm'
[2026-05-11T13:08:46+0530] [ALPM] transaction started
[2026-05-11T13:08:46+0530] [ALPM] removed npm (11.14.1-1)
[2026-05-11T13:08:46+0530] [ALPM] removed node-gyp (12.3.0-1)
[2026-05-11T13:08:46+0530] [ALPM] removed semver (7.8.0-1)
[2026-05-11T13:08:46+0530] [ALPM] removed nodejs-nopt (9.0.0-1)
[2026-05-11T13:08:46+0530] [ALPM] removed nodejs (26.1.0-1)
[2026-05-11T13:08:46+0530] [ALPM] removed simdjson (1:4.6.3-1)
[2026-05-11T13:08:46+0530] [ALPM] removed c-ares (1.34.6-1)
[2026-05-11T13:08:46+0530] [ALPM] removed ada (3.4.4-1)
[2026-05-11T13:08:46+0530] [ALPM] transaction completed
[2026-05-11T13:08:46+0530] [ALPM] running '35-systemd-update.hook'...
[2026-05-11T13:09:35+0530] [PACMAN] Running 'pacman -S yarn'
[2026-05-11T13:09:39+0530] [ALPM] transaction started
[2026-05-11T13:09:39+0530] [ALPM] installed ada (3.4.4-1)
[2026-05-11T13:09:39+0530] [ALPM] installed c-ares (1.34.6-1)
[2026-05-11T13:09:39+0530] [ALPM] installed simdjson (1:4.6.3-1)
[2026-05-11T13:09:39+0530] [ALPM] installed nodejs (26.1.0-1)
[2026-05-11T13:09:40+0530] [ALPM] installed yarn (1.22.22-2)
[2026-05-11T13:09:40+0530] [ALPM] transaction completed
[2026-05-11T13:09:40+0530] [ALPM] running '35-systemd-update.hook'...
[2026-05-11T13:16:38+0530] [PACMAN] Running 'pacman -Rns yarn'
[2026-05-11T13:16:39+0530] [ALPM] transaction started
[2026-05-11T13:16:39+0530] [ALPM] removed yarn (1.22.22-2)
[2026-05-11T13:16:39+0530] [ALPM] removed nodejs (26.1.0-1)
[2026-05-11T13:16:39+0530] [ALPM] removed simdjson (1:4.6.3-1)
[2026-05-11T13:16:39+0530] [ALPM] removed c-ares (1.34.6-1)
[2026-05-11T13:16:39+0530] [ALPM] removed ada (3.4.4-1)
[2026-05-11T13:16:39+0530] [ALPM] transaction completed
[2026-05-11T13:16:40+0530] [ALPM] running '35-systemd-update.hook'...
[2026-05-11T14:54:05+0530] [PACMAN] Running 'pacman -S xterm-kitty'
[2026-05-16T18:42:21+0530] [PACMAN] Running 'pacman -S wireshark-cli'
[2026-05-16T18:42:32+0530] [ALPM] transaction started
[2026-05-16T18:42:32+0530] [ALPM] installed bcg729 (1.1.1-2)
[2026-05-16T18:42:32+0530] [ALPM] installed c-ares (1.34.6-1)
[2026-05-16T18:42:32+0530] [ALPM] installed libmaxminddb (1.13.3-1)
[2026-05-16T18:42:32+0530] [ALPM] installed wireshark-cli (4.6.5-1)
[2026-05-16T18:42:32+0530] [ALPM-SCRIPTLET] NOTE: To run wireshark as normal user you have to add yourself into wireshark group
[2026-05-16T18:42:32+0530] [ALPM] transaction completed
[2026-05-16T18:42:32+0530] [ALPM] running '20-systemd-sysusers.hook'...
[2026-05-16T18:42:32+0530] [ALPM-SCRIPTLET] Creating group 'wireshark' with GID 150.
[2026-05-16T18:42:32+0530] [ALPM] running '35-systemd-update.hook'...
[2026-05-16T18:43:13+0530] [PACMAN] Running 'pacman -S wireshark-qt'
[2026-05-16T18:47:19+0530] [PACMAN] Running 'pacman -S wireshark-qt'
[2026-05-16T18:47:35+0530] [PACMAN] Running 'pacman -S wireshark-qt'
[2026-05-16T18:47:48+0530] [PACMAN] Running 'pacman -Syu'
[2026-05-16T18:47:48+0530] [PACMAN] synchronizing package lists
[2026-05-16T18:47:57+0530] [PACMAN] starting full system upgrade
[2026-05-16T18:48:41+0530] [ALPM] running '60-mkinitcpio-remove.hook'...
[2026-05-16T18:48:42+0530] [ALPM] running '71-dkms-remove.hook'...
[2026-05-16T18:48:42+0530] [ALPM-SCRIPTLET] ==> dkms remove --no-depmod nvidia/595.71.05 -k 7.0.5-arch1-1
[2026-05-16T18:48:42+0530] [ALPM-SCRIPTLET] ==> depmod 7.0.5-arch1-1
[2026-05-16T18:48:45+0530] [ALPM] transaction started
[2026-05-16T18:48:45+0530] [ALPM] upgraded alsa-card-profiles (1:1.6.4-1 -> 1:1.6.5-1)
[2026-05-16T18:48:45+0530] [ALPM] upgraded aom (3.13.3-1 -> 3.14.0-1)
[2026-05-16T18:48:45+0530] [ALPM] upgraded expat (2.8.0-1 -> 2.8.1-1)
[2026-05-16T18:48:45+0530] [ALPM] upgraded bluez (5.86-5 -> 5.86-6)
[2026-05-16T18:48:45+0530] [ALPM] upgraded bluez-libs (5.86-5 -> 5.86-6)
[2026-05-16T18:48:45+0530] [ALPM] upgraded bluez-utils (5.86-5 -> 5.86-6)
[2026-05-16T18:48:45+0530] [ALPM] upgraded libnsl (2.0.1-1 -> 2.0.1-2)
[2026-05-16T18:48:45+0530] [ALPM] upgraded ca-certificates-mozilla (3.123.1-1 -> 3.124-1)
[2026-05-16T18:48:45+0530] [ALPM] upgraded libunistring (1.4.1-1 -> 1.4.2-1)
[2026-05-16T18:48:45+0530] [ALPM] upgraded curl (8.20.0-6 -> 8.20.0-7)
[2026-05-16T18:48:45+0530] [ALPM] upgraded dkms (3.4.0-1 -> 3.4.1-1)
[2026-05-16T18:48:46+0530] [ALPM] upgraded dnsmasq (2.92-2 -> 2.92.rel2-1)
[2026-05-16T18:48:46+0530] [ALPM] upgraded fastfetch (2.62.1-1 -> 2.63.1-1)
[2026-05-16T18:48:46+0530] [ALPM] upgraded spirv-tools (1:1.4.341.0-2 -> 1:1.4.350.0-1)
[2026-05-16T18:48:46+0530] [ALPM] upgraded glslang (1:1.4.341.0-2 -> 1:1.4.350.0-1)
[2026-05-16T18:48:46+0530] [ALPM] upgraded libpipewire (1:1.6.4-1 -> 1:1.6.5-1)
[2026-05-16T18:48:46+0530] [ALPM] upgraded pipewire (1:1.6.4-1 -> 1:1.6.5-1)
[2026-05-16T18:48:46+0530] [ALPM] upgraded pipewire-audio (1:1.6.4-1 -> 1:1.6.5-1)
[2026-05-16T18:48:46+0530] [ALPM] upgraded pipewire-jack (1:1.6.4-1 -> 1:1.6.5-1)
[2026-05-16T18:48:46+0530] [ALPM] upgraded vulkan-icd-loader (1.4.341.0-1 -> 1.4.350.0-1)
[2026-05-16T18:48:46+0530] [ALPM] upgraded shaderc (2026.1-2 -> 2026.2-1)
[2026-05-16T18:48:46+0530] [ALPM] upgraded libplacebo (7.360.1-1 -> 7.360.1-2)
[2026-05-16T18:48:46+0530] [ALPM] upgraded librsvg (2:2.62.1-1 -> 2:2.62.2-1)
[2026-05-16T18:48:46+0530] [ALPM] upgraded libmd (1.1.0-2 -> 1.2.0-1)
[2026-05-16T18:48:46+0530] [ALPM] upgraded python (3.14.4-1 -> 3.14.5-1)
[2026-05-16T18:48:46+0530] [ALPM] upgraded ffmpeg (2:8.1.1-1 -> 2:8.1.1-2)
[2026-05-16T18:48:46+0530] [ALPM] upgraded nss (3.123.1-1 -> 3.124-1)
[2026-05-16T18:48:47+0530] [ALPM] upgraded firefox (150.0.2-1 -> 150.0.3-1)
[2026-05-16T18:48:47+0530] [ALPM] upgraded gdb-common (17.1-5 -> 17.2-1)
[2026-05-16T18:48:47+0530] [ALPM] upgraded gdb (17.1-5 -> 17.2-1)
[2026-05-16T18:48:47+0530] [ALPM] upgraded libical (3.0.20-3 -> 4.0.1-1)
[2026-05-16T18:48:47+0530] [ALPM] upgraded libnm (1.56.0-1 -> 1.56.1-1)
[2026-05-16T18:48:47+0530] [ALPM] upgraded gstreamer (1.28.2-2 -> 1.28.3-1)
[2026-05-16T18:48:47+0530] [ALPM] upgraded gst-plugins-base-libs (1.28.2-2 -> 1.28.3-1)
[2026-05-16T18:48:47+0530] [ALPM] upgraded gst-plugins-bad-libs (1.28.2-2 -> 1.28.3-1)
[2026-05-16T18:48:47+0530] [ALPM] upgraded libblockdev (3.5.0-1 -> 3.5.0-2)
[2026-05-16T18:48:47+0530] [ALPM] upgraded libksba (1.6.8-1 -> 1.8.0-1)
[2026-05-16T18:48:47+0530] [ALPM] upgraded libblockdev-crypto (3.5.0-1 -> 3.5.0-2)
[2026-05-16T18:48:47+0530] [ALPM] upgraded libblockdev-fs (3.5.0-1 -> 3.5.0-2)
[2026-05-16T18:48:47+0530] [ALPM] upgraded libblockdev-loop (3.5.0-1 -> 3.5.0-2)
[2026-05-16T18:48:47+0530] [ALPM] upgraded libblockdev-mdraid (3.5.0-1 -> 3.5.0-2)
[2026-05-16T18:48:47+0530] [ALPM] upgraded libblockdev-nvme (3.5.0-1 -> 3.5.0-2)
[2026-05-16T18:48:47+0530] [ALPM] upgraded libblockdev-part (3.5.0-1 -> 3.5.0-2)
[2026-05-16T18:48:47+0530] [ALPM] upgraded libblockdev-smart (3.5.0-1 -> 3.5.0-2)
[2026-05-16T18:48:47+0530] [ALPM] upgraded libblockdev-swap (3.5.0-1 -> 3.5.0-2)
[2026-05-16T18:48:47+0530] [ALPM] upgraded poppler (26.04.0-1 -> 26.05.0-1)
[2026-05-16T18:48:47+0530] [ALPM] upgraded poppler-glib (26.04.0-1 -> 26.05.0-1)
[2026-05-16T18:48:47+0530] [ALPM] upgraded pipewire-pulse (1:1.6.4-1 -> 1:1.6.5-1)
[2026-05-16T18:48:47+0530] [ALPM] upgraded libei (1.5.0-1 -> 1.6.0-1)
[2026-05-16T18:48:47+0530] [ALPM] upgraded libinput (1.31.1-1 -> 1.31.2-1)
[2026-05-16T18:48:47+0530] [ALPM] upgraded gnome-shell (1:50.1-1 -> 1:50.1-2)
[2026-05-16T18:48:47+0530] [ALPM] upgraded go-tools (4:0.44.0-2 -> 4:0.45.0-1)
[2026-05-16T18:48:47+0530] [ALPM] upgraded gst-plugin-pipewire (1:1.6.4-1 -> 1:1.6.5-1)
[2026-05-16T18:48:47+0530] [ALPM] upgraded gst-plugins-base (1.28.2-2 -> 1.28.3-1)
[2026-05-16T18:48:47+0530] [ALPM] upgraded taglib (2.2.1-1 -> 2.3-1)
[2026-05-16T18:48:47+0530] [ALPM] upgraded gst-plugins-good (1.28.2-2 -> 1.28.3-1)
[2026-05-16T18:48:47+0530] [ALPM] upgraded imagemagick (7.1.2.21-1 -> 7.1.2.22-1)
[2026-05-16T18:48:47+0530] [ALPM] upgraded libaio (0.3.113-3 -> 0.3.113-4)
[2026-05-16T18:48:47+0530] [ALPM] upgraded libcurl-gnutls (8.20.0-6 -> 8.20.0-7)
[2026-05-16T18:48:47+0530] [ALPM] upgraded libva-nvidia-driver (0.0.16-1 -> 0.0.17-1)
[2026-05-16T18:48:48+0530] [ALPM] upgraded linux (7.0.5.arch1-1 -> 7.0.8.arch1-1)
[2026-05-16T18:48:50+0530] [ALPM] upgraded linux-headers (7.0.5.arch1-1 -> 7.0.8.arch1-1)
[2026-05-16T18:48:50+0530] [ALPM] upgraded networkmanager (1.56.0-1 -> 1.56.1-1)
[2026-05-16T18:48:50+0530] [ALPM] upgraded openjph (0.27.2-1 -> 0.27.3-1)
[2026-05-16T18:48:50+0530] [ALPM] upgraded pipewire-alsa (1:1.6.4-1 -> 1:1.6.5-1)
[2026-05-16T18:48:50+0530] [ALPM] upgraded python-idna (3.13-1 -> 3.15-1)
[2026-05-16T18:48:50+0530] [ALPM] upgraded python-requests (2.33.1-1 -> 2.34.2-1)
[2026-05-16T18:48:50+0530] [ALPM] upgraded proton-vpn-gtk-app (4.16.1-1 -> 4.16.2-1)
[2026-05-16T18:48:50+0530] [ALPM] upgraded qt6-translations (6.11.0-1 -> 6.11.1-1)
[2026-05-16T18:48:50+0530] [ALPM] upgraded qt6-base (6.11.0-4 -> 6.11.1-1)
[2026-05-16T18:48:50+0530] [ALPM] upgraded qt6-imageformats (6.11.0-1 -> 6.11.1-1)
[2026-05-16T18:48:50+0530] [ALPM] upgraded qt6-networkauth (6.11.0-1 -> 6.11.1-1)
[2026-05-16T18:48:50+0530] [ALPM] upgraded qt6-svg (6.11.0-2 -> 6.11.1-1)
[2026-05-16T18:48:50+0530] [ALPM] upgraded xfsprogs (6.19.0-1 -> 7.0.0-1)
[2026-05-16T18:48:50+0530] [ALPM] upgraded xterm (409-1 -> 410-1)
[2026-05-16T18:48:51+0530] [ALPM] transaction completed
[2026-05-16T18:48:51+0530] [ALPM] running '20-systemd-sysusers.hook'...
[2026-05-16T18:48:51+0530] [ALPM] running '30-systemd-daemon-reload-system.hook'...
[2026-05-16T18:48:52+0530] [ALPM] running '30-systemd-daemon-reload-user.hook'...
[2026-05-16T18:48:52+0530] [ALPM] running '35-systemd-enqueue-marked.hook'...
[2026-05-16T18:48:52+0530] [ALPM] running '35-systemd-udev-reload.hook'...
[2026-05-16T18:48:52+0530] [ALPM] running '35-systemd-update.hook'...
[2026-05-16T18:48:53+0530] [ALPM] running '40-update-ca-trust.hook'...
[2026-05-16T18:48:53+0530] [ALPM] running '60-depmod.hook'...
[2026-05-16T18:48:54+0530] [ALPM] running '70-dkms-install.hook'...
[2026-05-16T18:48:54+0530] [ALPM-SCRIPTLET] ==> dkms install --no-depmod nvidia/595.71.05 -k 7.0.8-arch1-1
[2026-05-16T18:50:01+0530] [ALPM-SCRIPTLET] ==> depmod 7.0.8-arch1-1
[2026-05-16T18:50:04+0530] [ALPM] running '90-mkinitcpio-install.hook'...
[2026-05-16T18:50:04+0530] [ALPM-SCRIPTLET] ==> Building image from preset: /etc/mkinitcpio.d/linux.preset: 'default'
[2026-05-16T18:50:04+0530] [ALPM-SCRIPTLET] ==> Using default configuration file: '/etc/mkinitcpio.conf'
[2026-05-16T18:50:04+0530] [ALPM-SCRIPTLET]   -> -k /boot/vmlinuz-linux -U /boot/EFI/Linux/arch-linux.efi --splash /usr/share/systemd/bootctl/splash-arch.bmp
[2026-05-16T18:50:04+0530] [ALPM-SCRIPTLET] ==> Starting build: '7.0.8-arch1-1'
[2026-05-16T18:50:05+0530] [ALPM-SCRIPTLET]   -> Running build hook: [base]
[2026-05-16T18:50:05+0530] [ALPM-SCRIPTLET]   -> Running build hook: [udev]
[2026-05-16T18:50:05+0530] [ALPM-SCRIPTLET]   -> Running build hook: [autodetect]
[2026-05-16T18:50:05+0530] [ALPM-SCRIPTLET]   -> Running build hook: [microcode]
[2026-05-16T18:50:05+0530] [ALPM-SCRIPTLET]   -> Running build hook: [modconf]
[2026-05-16T18:50:05+0530] [ALPM-SCRIPTLET]   -> Running build hook: [kms]
[2026-05-16T18:50:10+0530] [ALPM-SCRIPTLET]   -> Running build hook: [keyboard]
[2026-05-16T18:50:11+0530] [ALPM-SCRIPTLET]   -> Running build hook: [keymap]
[2026-05-16T18:50:11+0530] [ALPM-SCRIPTLET]   -> Running build hook: [consolefont]
[2026-05-16T18:50:11+0530] [ALPM-SCRIPTLET]   -> Running build hook: [block]
[2026-05-16T18:50:12+0530] [ALPM-SCRIPTLET]   -> Running build hook: [filesystems]
[2026-05-16T18:50:12+0530] [ALPM-SCRIPTLET]   -> Running build hook: [fsck]
[2026-05-16T18:50:12+0530] [ALPM-SCRIPTLET] ==> Generating module dependencies
[2026-05-16T18:50:12+0530] [ALPM-SCRIPTLET] ==> Creating zstd-compressed initcpio image
[2026-05-16T18:50:12+0530] [ALPM-SCRIPTLET]   -> Early uncompressed CPIO image generation successful
[2026-05-16T18:50:12+0530] [ALPM-SCRIPTLET] ==> Initcpio image generation successful
[2026-05-16T18:50:12+0530] [ALPM-SCRIPTLET] ==> Creating unified kernel image: '/boot/EFI/Linux/arch-linux.efi'
[2026-05-16T18:50:13+0530] [ALPM-SCRIPTLET] ==> Unified kernel image generation successful
[2026-05-16T18:50:13+0530] [ALPM] running 'dbus-reload.hook'...
[2026-05-16T18:50:13+0530] [ALPM] running 'detect-old-perl-modules.hook'...
[2026-05-16T18:50:13+0530] [ALPM] running 'glib-compile-schemas.hook'...
[2026-05-16T18:50:13+0530] [ALPM] running 'gtk-update-icon-cache.hook'...
[2026-05-16T18:50:13+0530] [ALPM] running 'texinfo-install.hook'...
[2026-05-16T18:50:13+0530] [ALPM] running 'update-desktop-database.hook'...
[2026-05-16T18:50:17+0530] [PACMAN] Running 'pacman -S wireshark-qt'
[2026-05-16T18:50:25+0530] [ALPM] transaction started
[2026-05-16T18:50:25+0530] [ALPM] installed minizip (1:1.3.2-3)
[2026-05-16T18:50:26+0530] [ALPM] installed qt6-shadertools (6.11.1-1)
[2026-05-16T18:50:26+0530] [ALPM] installed qt6-5compat (6.11.1-1)
[2026-05-16T18:50:26+0530] [ALPM] installed qt6-declarative (6.11.1-1)
[2026-05-16T18:50:26+0530] [ALPM] installed qt6-multimedia-ffmpeg (6.11.1-1)
[2026-05-16T18:50:26+0530] [ALPM] installed qt6-multimedia (6.11.1-1)
[2026-05-16T18:50:26+0530] [ALPM] installed wireshark-qt (4.6.5-1)
[2026-05-16T18:50:26+0530] [ALPM] transaction completed
[2026-05-16T18:50:26+0530] [ALPM] running '30-update-mime-database.hook'...
[2026-05-16T18:50:26+0530] [ALPM] running '35-systemd-update.hook'...
[2026-05-16T18:50:26+0530] [ALPM] running 'gtk-update-icon-cache.hook'...
[2026-05-16T18:50:26+0530] [ALPM] running 'update-desktop-database.hook'...
[2026-05-28T16:11:12+0530] [PACMAN] Running 'pacman -S python-uvicorn'
[2026-06-04T15:36:25+0530] [PACMAN] Running 'pacman -Syu'
[2026-06-04T15:36:25+0530] [PACMAN] synchronizing package lists
[2026-06-04T15:36:29+0530] [PACMAN] starting full system upgrade
[2026-06-04T15:39:26+0530] [ALPM] running '60-mkinitcpio-remove.hook'...
[2026-06-04T15:39:26+0530] [ALPM] running '71-dkms-remove.hook'...
[2026-06-04T15:39:26+0530] [ALPM-SCRIPTLET] ==> dkms remove --no-depmod nvidia/595.71.05 -k 7.0.8-arch1-1
[2026-06-04T15:39:27+0530] [ALPM-SCRIPTLET] ==> depmod 7.0.8-arch1-1
[2026-06-04T15:39:30+0530] [ALPM] transaction started
[2026-06-04T15:39:30+0530] [ALPM] upgraded alsa-card-profiles (1:1.6.5-1 -> 1:1.6.6-1)
[2026-06-04T15:39:30+0530] [ALPM] upgraded alsa-ucm-conf (1.2.15.3-1 -> 1.2.16-1)
[2026-06-04T15:39:30+0530] [ALPM] upgraded linux-api-headers (6.19-1 -> 7.0-1)
[2026-06-04T15:39:30+0530] [ALPM] upgraded iana-etc (20260425-1 -> 20260530-1)
[2026-06-04T15:39:30+0530] [ALPM] upgraded alsa-lib (1.2.15.3-2 -> 1.2.16-1)
[2026-06-04T15:39:30+0530] [ALPM] upgraded amd-ucode (20260410-1 -> 20260519-1)
[2026-06-04T15:39:30+0530] [ALPM] upgraded aom (3.14.0-1 -> 3.14.1-1)
[2026-06-04T15:39:30+0530] [ALPM] upgraded libxi (1.8.2-1 -> 1.8.3-1)
[2026-06-04T15:39:30+0530] [ALPM] upgraded systemd-libs (260.1-2 -> 260.2-2)
[2026-06-04T15:39:30+0530] [ALPM] upgraded util-linux-libs (2.42-1 -> 2.42.1-1)
[2026-06-04T15:39:30+0530] [ALPM] upgraded krb5 (1.21.3-2 -> 1.22.2-1)
[2026-06-04T15:39:30+0530] [ALPM] upgraded at-spi2-core (2.60.3-1 -> 2.60.4-1)
[2026-06-04T15:39:30+0530] [ALPM] upgraded libsigc++-3.0 (3.8.0-1 -> 3.8.1-1)
[2026-06-04T15:39:30+0530] [ALPM] upgraded fontconfig (2:2.17.1-1 -> 2:2.18.1-1)
[2026-06-04T15:39:30+0530] [ALPM-SCRIPTLET] Rebuilding fontconfig cache...
[2026-06-04T15:39:32+0530] [ALPM] upgraded cairomm-1.16 (1.18.0-2 -> 1.18.1-1)
[2026-06-04T15:39:32+0530] [ALPM] upgraded libedit (20251016_3.1-1 -> 20260512_3.1-1)
[2026-06-04T15:39:32+0530] [ALPM] upgraded llvm-libs (22.1.5-1 -> 22.1.6-1)
[2026-06-04T15:39:33+0530] [ALPM] upgraded compiler-rt (22.1.5-1 -> 22.1.6-1)
[2026-06-04T15:39:33+0530] [ALPM] upgraded libnghttp3 (1.15.0-1 -> 1.16.0-1)
[2026-06-04T15:39:33+0530] [ALPM] upgraded libngtcp2 (1.22.1-1 -> 1.23.0-1)
[2026-06-04T15:39:33+0530] [ALPM] upgraded clang (22.1.5-1 -> 22.1.6-1)
[2026-06-04T15:39:34+0530] [ALPM] upgraded cmake (4.3.2-1 -> 4.3.3-1)
[2026-06-04T15:39:34+0530] [ALPM] installed blas (3.12.1-2)
[2026-06-04T15:39:34+0530] [ALPM] installed cblas (3.12.1-2)
[2026-06-04T15:39:34+0530] [ALPM] installed lapack (3.12.1-2)
[2026-06-04T15:39:34+0530] [ALPM] installed python-numpy (2.4.6-1)
[2026-06-04T15:39:34+0530] [ALPM] installed python-pygments (2.20.0-1)
[2026-06-04T15:39:34+0530] [ALPM] upgraded python-more-itertools (11.0.2-1 -> 11.1.0-1)
[2026-06-04T15:39:34+0530] [ALPM] upgraded python-platformdirs (4.9.6-1 -> 4.10.0-1)
[2026-06-04T15:39:34+0530] [ALPM] upgraded cython (3.2.4-4 -> 3.2.5-1)
[2026-06-04T15:39:34+0530] [ALPM] upgraded device-mapper (2.03.40-1 -> 2.03.41-1)
[2026-06-04T15:39:34+0530] [ALPM] upgraded dnsmasq (2.92.rel2-1 -> 2.92.rel2-2)
[2026-06-04T15:39:34+0530] [ALPM] upgraded dtc (1.7.2-5 -> 1:1.7.2-1)
[2026-06-04T15:39:34+0530] [ALPM] upgraded edk2-aarch64 (202602-3 -> 202605-1)
[2026-06-04T15:39:34+0530] [ALPM] upgraded edk2-ovmf (202602-3 -> 202605-1)
[2026-06-04T15:39:34+0530] [ALPM] upgraded edk2-riscv64 (202602-3 -> 202605-1)
[2026-06-04T15:39:34+0530] [ALPM] upgraded util-linux (2.42-1 -> 2.42.1-1)
[2026-06-04T15:39:34+0530] [ALPM] upgraded fakeroot (1.37.2-1 -> 1.38.1-1)
[2026-06-04T15:39:34+0530] [ALPM] upgraded harfbuzz (14.2.0-1 -> 14.2.1-1)
[2026-06-04T15:39:34+0530] [ALPM] upgraded libdrm (2.4.133-1 -> 2.4.134-1)
[2026-06-04T15:39:34+0530] [ALPM] upgraded libpipewire (1:1.6.5-1 -> 1:1.6.6-1)
[2026-06-04T15:39:34+0530] [ALPM] upgraded pipewire (1:1.6.5-1 -> 1:1.6.6-1)
[2026-06-04T15:39:35+0530] [ALPM] upgraded libusb (1.0.29-1 -> 1.0.30-1)
[2026-06-04T15:39:35+0530] [ALPM] upgraded pipewire-audio (1:1.6.5-1 -> 1:1.6.6-1)
[2026-06-04T15:39:35+0530] [ALPM] upgraded pipewire-jack (1:1.6.5-1 -> 1:1.6.6-1)
[2026-06-04T15:39:35+0530] [ALPM] upgraded libopenmpt (0.8.6-1 -> 0.8.7-1)
[2026-06-04T15:39:35+0530] [ALPM] upgraded librsvg (2:2.62.2-1 -> 2:2.62.3-1)
[2026-06-04T15:39:35+0530] [ALPM] upgraded vapoursynth (75-2 -> 75-3)
[2026-06-04T15:39:35+0530] [ALPM] upgraded mesa (1:26.0.6-1 -> 1:26.1.2-1)
[2026-06-04T15:39:36+0530] [ALPM] upgraded nvidia-utils (595.71.05-2 -> 610.43.02-2)
[2026-06-04T15:39:36+0530] [ALPM] upgraded sdl3 (3.4.8-1 -> 3.4.10-1)
[2026-06-04T15:39:36+0530] [ALPM] upgraded libxkbcommon (1.13.1-1 -> 1.13.2-1)
[2026-06-04T15:39:36+0530] [ALPM] upgraded libstemmer (3.0.1-1 -> 3.1.1-1)
[2026-06-04T15:39:36+0530] [ALPM] upgraded firefox (150.0.3-1 -> 151.0.3-1)
[2026-06-04T15:39:36+0530] [ALPM] upgraded libxkbcommon-x11 (1.13.1-1 -> 1.13.2-1)
[2026-06-04T15:39:36+0530] [ALPM] upgraded gssdp (1.6.4-1 -> 1.6.5-1)
[2026-06-04T15:39:36+0530] [ALPM] upgraded gupnp (1:1.6.9-1 -> 1:1.6.10-1)
[2026-06-04T15:39:37+0530] [ALPM] upgraded systemd (260.1-2 -> 260.2-2)
[2026-06-04T15:39:37+0530] [ALPM] upgraded libxmlb (0.3.26-1 -> 0.3.27-1)
[2026-06-04T15:39:37+0530] [ALPM] upgraded libadwaita (1:1.9.0-1 -> 1:1.9.1-1)
[2026-06-04T15:39:37+0530] [ALPM] upgraded libnautilus-extension (50.1-1 -> 50.2.2-1)
[2026-06-04T15:39:37+0530] [ALPM] upgraded gpgme (2.0.1-3 -> 2.1.0-1)
[2026-06-04T15:39:37+0530] [ALPM] upgraded gupnp-dlna (0.12.0-4 -> 0.12.0-5)
[2026-06-04T15:39:37+0530] [ALPM] upgraded gpgmepp (2.0.0-2 -> 2.1.0-1)
[2026-06-04T15:39:37+0530] [ALPM] upgraded nautilus (50.1-1 -> 50.2.2-1)
[2026-06-04T15:39:37+0530] [ALPM] upgraded gnome-session (50.0-1 -> 50.1-1)
[2026-06-04T15:39:37+0530] [ALPM] upgraded libgdm (50.0-2 -> 50.1-1)
[2026-06-04T15:39:38+0530] [ALPM] upgraded libical (4.0.1-1 -> 4.0.2-1)
[2026-06-04T15:39:38+0530] [ALPM] upgraded libwacom (2.18.0-2 -> 2.19.0-1)
[2026-06-04T15:39:38+0530] [ALPM] upgraded libinput (1.31.2-1 -> 1.31.3-1)
[2026-06-04T15:39:38+0530] [ALPM] upgraded xorg-server-common (21.1.22-2 -> 21.1.23-1)
[2026-06-04T15:39:38+0530] [ALPM] upgraded xorg-xwayland (24.1.11-2 -> 24.1.12-1)
[2026-06-04T15:39:38+0530] [ALPM] upgraded pipewire-pulse (1:1.6.5-1 -> 1:1.6.6-1)
[2026-06-04T15:39:38+0530] [ALPM] upgraded protobuf (34.1-1 -> 35.0-1)
[2026-06-04T15:39:38+0530] [ALPM] upgraded protobuf-c (1.5.2-9 -> 1.5.2-10)
[2026-06-04T15:39:38+0530] [ALPM] upgraded libssc (0.4.2-1 -> 0.4.3-1)
[2026-06-04T15:39:38+0530] [ALPM] upgraded mutter (50.1-1 -> 50.2-2)
[2026-06-04T15:39:38+0530] [ALPM] upgraded harfbuzz-icu (14.2.0-1 -> 14.2.1-1)
[2026-06-04T15:39:38+0530] [ALPM] upgraded hyphen (2.8.8-6 -> 2.8.9-1)
[2026-06-04T15:39:38+0530] [ALPM] upgraded libavif (1.4.1-1 -> 1.4.2-1)
[2026-06-04T15:39:38+0530] [ALPM] upgraded webkitgtk-6.0 (2.52.3-1 -> 2.52.4-1)
[2026-06-04T15:39:38+0530] [ALPM] upgraded js140 (140.10.2-1 -> 140.11.0-1)
[2026-06-04T15:39:38+0530] [ALPM] upgraded gnome-shell (1:50.1-2 -> 1:50.2-1)
[2026-06-04T15:39:38+0530] [ALPM] upgraded gdm (50.0-2 -> 50.1-1)
[2026-06-04T15:39:38+0530] [ALPM] upgraded github-cli (2.92.0-1 -> 2.93.0-1)
[2026-06-04T15:39:39+0530] [ALPM] upgraded glibmm-2.68 (2.88.0-1 -> 2.88.0-2)
[2026-06-04T15:39:40+0530] [ALPM] upgraded go (2:1.26.3-1 -> 2:1.26.4-1)
[2026-06-04T15:39:40+0530] [ALPM] upgraded gst-plugin-pipewire (1:1.6.5-1 -> 1:1.6.6-1)
[2026-06-04T15:39:40+0530] [ALPM] upgraded pangomm-2.48 (2.56.1-1 -> 2.56.1-2)
[2026-06-04T15:39:40+0530] [ALPM] upgraded gtkmm-4.0 (4.22.0-1 -> 4.22.0-2)
[2026-06-04T15:39:40+0530] [ALPM] upgraded imagemagick (7.1.2.22-1 -> 7.1.2.24-1)
[2026-06-04T15:39:40+0530] [ALPM] upgraded imath (3.2.2-5 -> 3.2.2-6)
[2026-06-04T15:39:40+0530] [ALPM] upgraded kguiaddons (6.26.0-1 -> 6.26.0-2)
[2026-06-04T15:39:40+0530] [ALPM] upgraded kitty-terminfo (0.46.2-1 -> 0.47.1-1)
[2026-06-04T15:39:40+0530] [ALPM] upgraded kitty-shell-integration (0.46.2-1 -> 0.47.1-1)
[2026-06-04T15:39:40+0530] [ALPM] upgraded kitty (0.46.2-1 -> 0.47.1-1)
[2026-06-04T15:39:40+0530] [ALPM] upgraded less (1:692-1 -> 1:702-1)
[2026-06-04T15:39:40+0530] [ALPM] upgraded libde265 (1.0.18-1 -> 1.1.1-1)
[2026-06-04T15:39:40+0530] [ALPM] upgraded libheif (1.21.2-2 -> 1.23.0-1)
[2026-06-04T15:39:40+0530] [ALPM] upgraded libisofs (1.5.8.1-1 -> 1.5.8.2-1)
[2026-06-04T15:39:40+0530] [ALPM] upgraded libisoburn (1.5.8-1 -> 1.5.8.2-1)
[2026-06-04T15:39:40+0530] [ALPM] upgraded liblouis (3.37.0-1 -> 3.38.0-1)
[2026-06-04T15:39:40+0530] [ALPM] upgraded libnet (2:1.3-1 -> 2:1.3-2)
[2026-06-04T15:39:40+0530] [ALPM] upgraded libslirp (4.9.1-1 -> 4.9.3-1)
[2026-06-04T15:39:40+0530] [ALPM] upgraded libvirt (1:12.3.0-1 -> 1:12.4.0-1)
[2026-06-04T15:39:40+0530] [ALPM] upgraded libvirt-python (1:12.3.0-1 -> 1:12.4.0-1)
[2026-06-04T15:39:40+0530] [ALPM] upgraded libvlc (3.0.22-3 -> 3.0.23_2-6)
[2026-06-04T15:39:40+0530] [ALPM] upgraded mkinitcpio (41-3 -> 41-4)
[2026-06-04T15:39:41+0530] [ALPM] upgraded linux (7.0.8.arch1-1 -> 7.0.11.arch1-1)
[2026-06-04T15:39:41+0530] [ALPM] upgraded linux-firmware-whence (20260410-1 -> 20260519-1)
[2026-06-04T15:39:41+0530] [ALPM] upgraded linux-firmware-amdgpu (20260410-1 -> 20260519-1)
[2026-06-04T15:39:42+0530] [ALPM] upgraded linux-firmware-atheros (20260410-1 -> 20260519-1)
[2026-06-04T15:39:42+0530] [ALPM] upgraded linux-firmware-broadcom (20260410-1 -> 20260519-1)
[2026-06-04T15:39:42+0530] [ALPM] upgraded linux-firmware-cirrus (20260410-1 -> 20260519-1)
[2026-06-04T15:39:42+0530] [ALPM] upgraded linux-firmware-intel (20260410-1 -> 20260519-1)
[2026-06-04T15:39:42+0530] [ALPM] upgraded linux-firmware-mediatek (20260410-1 -> 20260519-1)
[2026-06-04T15:39:42+0530] [ALPM] upgraded linux-firmware-nvidia (20260410-1 -> 20260519-1)
[2026-06-04T15:39:42+0530] [ALPM] upgraded linux-firmware-other (20260410-1 -> 20260519-1)
[2026-06-04T15:39:42+0530] [ALPM] upgraded linux-firmware-radeon (20260410-1 -> 20260519-1)
[2026-06-04T15:39:42+0530] [ALPM] upgraded linux-firmware-realtek (20260410-1 -> 20260519-1)
[2026-06-04T15:39:42+0530] [ALPM] upgraded linux-firmware (20260410-1 -> 20260519-1)
[2026-06-04T15:39:44+0530] [ALPM] upgraded linux-headers (7.0.8.arch1-1 -> 7.0.11.arch1-1)
[2026-06-04T15:39:44+0530] [ALPM] upgraded luajit (2.1.1774896198+18b087c-1 -> 2.1.1780076327+b925b3e-1)
[2026-06-04T15:39:44+0530] [ALPM] upgraded msgpack-c (6.1.0-2 -> 7.0.0-1)
[2026-06-04T15:39:45+0530] [ALPM] upgraded nvidia-open-dkms (595.71.05-2 -> 610.43.02-2)
[2026-06-04T15:39:45+0530] [ALPM] upgraded openexr (3.4.11-1 -> 3.4.12-1)
[2026-06-04T15:39:45+0530] [ALPM] upgraded pcsclite (2.4.1-1 -> 2.5.0-1)
[2026-06-04T15:39:45+0530] [ALPM] upgraded pipewire-alsa (1:1.6.5-1 -> 1:1.6.6-1)
[2026-06-04T15:39:45+0530] [ALPM] upgraded python-proton-vpn-local-agent (1.6.1-1 -> 1.6.2-1)
[2026-06-04T15:39:45+0530] [ALPM] upgraded python-certifi (2026.04.22-1 -> 2026.05.20-1)
[2026-06-04T15:39:45+0530] [ALPM] upgraded python-sentry_sdk (2.59.0-1 -> 2.60.0-1)
[2026-06-04T15:39:45+0530] [ALPM] upgraded python-idna (3.15-1 -> 3.18-1)
[2026-06-04T15:39:45+0530] [ALPM] upgraded python-proton-vpn-api-core (5.1.2-1 -> 5.2.3-1)
[2026-06-04T15:39:45+0530] [ALPM] upgraded python-dbus-fast (4.0.1-1 -> 5.0.17-1)
[2026-06-04T15:39:45+0530] [ALPM] upgraded proton-vpn-gtk-app (4.16.2-1 -> 4.16.4-1)
[2026-06-04T15:39:45+0530] [ALPM] upgraded qemu-common (11.0.0-1 -> 11.0.1-1)
[2026-06-04T15:39:45+0530] [ALPM] upgraded qemu-audio-alsa (11.0.0-1 -> 11.0.1-1)
[2026-06-04T15:39:45+0530] [ALPM] upgraded qemu-audio-dbus (11.0.0-1 -> 11.0.1-1)
[2026-06-04T15:39:45+0530] [ALPM] upgraded qemu-audio-jack (11.0.0-1 -> 11.0.1-1)
[2026-06-04T15:39:45+0530] [ALPM] upgraded qemu-audio-oss (11.0.0-1 -> 11.0.1-1)
[2026-06-04T15:39:45+0530] [ALPM] upgraded qemu-audio-pa (11.0.0-1 -> 11.0.1-1)
[2026-06-04T15:39:45+0530] [ALPM] upgraded qemu-audio-pipewire (11.0.0-1 -> 11.0.1-1)
[2026-06-04T15:39:45+0530] [ALPM] upgraded qemu-audio-sdl (11.0.0-1 -> 11.0.1-1)
[2026-06-04T15:39:45+0530] [ALPM] upgraded qemu-ui-opengl (11.0.0-1 -> 11.0.1-1)
[2026-06-04T15:39:45+0530] [ALPM] upgraded qemu-ui-spice-core (11.0.0-1 -> 11.0.1-1)
[2026-06-04T15:39:45+0530] [ALPM] upgraded qemu-audio-spice (11.0.0-1 -> 11.0.1-1)
[2026-06-04T15:39:45+0530] [ALPM] upgraded qemu-img (11.0.0-1 -> 11.0.1-1)
[2026-06-04T15:39:45+0530] [ALPM] upgraded qemu-system-x86-firmware (11.0.0-1 -> 11.0.1-1)
[2026-06-04T15:39:45+0530] [ALPM] upgraded qemu-system-x86 (11.0.0-1 -> 11.0.1-1)
[2026-06-04T15:39:45+0530] [ALPM] upgraded qemu-base (11.0.0-1 -> 11.0.1-1)
[2026-06-04T15:39:45+0530] [ALPM] upgraded qemu-block-curl (11.0.0-1 -> 11.0.1-1)
[2026-06-04T15:39:45+0530] [ALPM] upgraded qemu-block-dmg (11.0.0-1 -> 11.0.1-1)
[2026-06-04T15:39:45+0530] [ALPM] upgraded rpcbind (1.2.8-1 -> 1.2.9-1)
[2026-06-04T15:39:45+0530] [ALPM] upgraded qemu-block-gluster (11.0.0-1 -> 11.0.1-1)
[2026-06-04T15:39:45+0530] [ALPM] upgraded qemu-block-iscsi (11.0.0-1 -> 11.0.1-1)
[2026-06-04T15:39:46+0530] [ALPM] upgraded qemu-block-nfs (11.0.0-1 -> 11.0.1-1)
[2026-06-04T15:39:46+0530] [ALPM] upgraded qemu-block-ssh (11.0.0-1 -> 11.0.1-1)
[2026-06-04T15:39:46+0530] [ALPM] upgraded qemu-chardev-baum (11.0.0-1 -> 11.0.1-1)
[2026-06-04T15:39:46+0530] [ALPM] upgraded qemu-chardev-spice (11.0.0-1 -> 11.0.1-1)
[2026-06-04T15:39:46+0530] [ALPM] upgraded qemu-hw-display-qxl (11.0.0-1 -> 11.0.1-1)
[2026-06-04T15:39:46+0530] [ALPM] upgraded qemu-hw-display-virtio-gpu (11.0.0-1 -> 11.0.1-1)
[2026-06-04T15:39:46+0530] [ALPM] upgraded qemu-hw-display-virtio-gpu-gl (11.0.0-1 -> 11.0.1-1)
[2026-06-04T15:39:46+0530] [ALPM] upgraded qemu-hw-display-virtio-gpu-rutabaga (11.0.0-1 -> 11.0.1-1)
[2026-06-04T15:39:46+0530] [ALPM] upgraded qemu-hw-display-virtio-gpu-pci (11.0.0-1 -> 11.0.1-1)
[2026-06-04T15:39:46+0530] [ALPM] upgraded qemu-hw-display-virtio-gpu-pci-gl (11.0.0-1 -> 11.0.1-1)
[2026-06-04T15:39:46+0530] [ALPM] upgraded qemu-hw-display-virtio-gpu-pci-rutabaga (11.0.0-1 -> 11.0.1-1)
[2026-06-04T15:39:46+0530] [ALPM] upgraded qemu-hw-display-virtio-vga (11.0.0-1 -> 11.0.1-1)
[2026-06-04T15:39:46+0530] [ALPM] upgraded qemu-hw-display-virtio-vga-gl (11.0.0-1 -> 11.0.1-1)
[2026-06-04T15:39:46+0530] [ALPM] upgraded qemu-hw-display-virtio-vga-rutabaga (11.0.0-1 -> 11.0.1-1)
[2026-06-04T15:39:46+0530] [ALPM] upgraded qemu-hw-uefi-vars (11.0.0-1 -> 11.0.1-1)
[2026-06-04T15:39:46+0530] [ALPM] upgraded qemu-hw-usb-host (11.0.0-1 -> 11.0.1-1)
[2026-06-04T15:39:46+0530] [ALPM] upgraded qemu-hw-usb-redirect (11.0.0-1 -> 11.0.1-1)
[2026-06-04T15:39:46+0530] [ALPM] upgraded qemu-hw-usb-smartcard (11.0.0-1 -> 11.0.1-1)
[2026-06-04T15:39:46+0530] [ALPM] upgraded qemu-ui-curses (11.0.0-1 -> 11.0.1-1)
[2026-06-04T15:39:46+0530] [ALPM] upgraded qemu-ui-dbus (11.0.0-1 -> 11.0.1-1)
[2026-06-04T15:39:46+0530] [ALPM] upgraded qemu-ui-egl-headless (11.0.0-1 -> 11.0.1-1)
[2026-06-04T15:39:46+0530] [ALPM] upgraded qemu-ui-gtk (11.0.0-1 -> 11.0.1-1)
[2026-06-04T15:39:46+0530] [ALPM] upgraded qemu-ui-sdl (11.0.0-1 -> 11.0.1-1)
[2026-06-04T15:39:46+0530] [ALPM] upgraded qemu-ui-spice-app (11.0.0-1 -> 11.0.1-1)
[2026-06-04T15:39:46+0530] [ALPM] upgraded qemu-vhost-user-gpu (11.0.0-1 -> 11.0.1-1)
[2026-06-04T15:39:46+0530] [ALPM] upgraded qemu-desktop (11.0.0-1 -> 11.0.1-1)
[2026-06-04T15:39:46+0530] [ALPM] upgraded qemu-docs (11.0.0-1 -> 11.0.1-1)
[2026-06-04T15:39:46+0530] [ALPM] upgraded qemu-system-aarch64 (11.0.0-1 -> 11.0.1-1)
[2026-06-04T15:39:46+0530] [ALPM] upgraded qemu-system-alpha-firmware (11.0.0-1 -> 11.0.1-1)
[2026-06-04T15:39:46+0530] [ALPM] upgraded qemu-system-alpha (11.0.0-1 -> 11.0.1-1)
[2026-06-04T15:39:46+0530] [ALPM] upgraded qemu-system-arm-firmware (11.0.0-1 -> 11.0.1-1)
[2026-06-04T15:39:46+0530] [ALPM] upgraded qemu-system-arm (11.0.0-1 -> 11.0.1-1)
[2026-06-04T15:39:46+0530] [ALPM] upgraded qemu-system-avr (11.0.0-1 -> 11.0.1-1)
[2026-06-04T15:39:46+0530] [ALPM] upgraded qemu-system-hppa-firmware (11.0.0-1 -> 11.0.1-1)
[2026-06-04T15:39:46+0530] [ALPM] upgraded qemu-system-hppa (11.0.0-1 -> 11.0.1-1)
[2026-06-04T15:39:46+0530] [ALPM] upgraded qemu-system-loongarch64 (11.0.0-1 -> 11.0.1-1)
[2026-06-04T15:39:46+0530] [ALPM] upgraded qemu-system-m68k (11.0.0-1 -> 11.0.1-1)
[2026-06-04T15:39:46+0530] [ALPM] upgraded qemu-system-microblaze-firmware (11.0.0-1 -> 11.0.1-1)
[2026-06-04T15:39:46+0530] [ALPM] upgraded qemu-system-microblaze (11.0.0-1 -> 11.0.1-1)
[2026-06-04T15:39:46+0530] [ALPM] upgraded qemu-system-mips (11.0.0-1 -> 11.0.1-1)
[2026-06-04T15:39:46+0530] [ALPM] upgraded qemu-system-or1k (11.0.0-1 -> 11.0.1-1)
[2026-06-04T15:39:46+0530] [ALPM] upgraded qemu-system-ppc-firmware (11.0.0-1 -> 11.0.1-1)
[2026-06-04T15:39:46+0530] [ALPM] upgraded qemu-system-ppc (11.0.0-1 -> 11.0.1-1)
[2026-06-04T15:39:46+0530] [ALPM] upgraded qemu-system-riscv-firmware (11.0.0-1 -> 11.0.1-1)
[2026-06-04T15:39:46+0530] [ALPM] upgraded qemu-system-riscv (11.0.0-1 -> 11.0.1-1)
[2026-06-04T15:39:46+0530] [ALPM] upgraded qemu-system-rx (11.0.0-1 -> 11.0.1-1)
[2026-06-04T15:39:46+0530] [ALPM] upgraded qemu-system-s390x-firmware (11.0.0-1 -> 11.0.1-1)
[2026-06-04T15:39:47+0530] [ALPM] upgraded qemu-system-s390x (11.0.0-1 -> 11.0.1-1)
[2026-06-04T15:39:47+0530] [ALPM] upgraded qemu-system-sh4 (11.0.0-1 -> 11.0.1-1)
[2026-06-04T15:39:47+0530] [ALPM] upgraded qemu-system-sparc-firmware (11.0.0-1 -> 11.0.1-1)
[2026-06-04T15:39:47+0530] [ALPM] upgraded qemu-system-sparc (11.0.0-1 -> 11.0.1-1)
[2026-06-04T15:39:47+0530] [ALPM] upgraded qemu-system-tricore (11.0.0-1 -> 11.0.1-1)
[2026-06-04T15:39:47+0530] [ALPM] upgraded qemu-system-xtensa (11.0.0-1 -> 11.0.1-1)
[2026-06-04T15:39:47+0530] [ALPM] upgraded qemu-user (11.0.0-1 -> 11.0.1-1)
[2026-06-04T15:39:47+0530] [ALPM] upgraded qemu-emulators-full (11.0.0-1 -> 11.0.1-1)
[2026-06-04T15:39:47+0530] [ALPM] upgraded qemu-hw-s390x-virtio-gpu-ccw (11.0.0-1 -> 11.0.1-1)
[2026-06-04T15:39:47+0530] [ALPM] upgraded qemu-pr-helper (11.0.0-1 -> 11.0.1-1)
[2026-06-04T15:39:47+0530] [ALPM] upgraded qemu-tests (11.0.0-1 -> 11.0.1-1)
[2026-06-04T15:39:47+0530] [ALPM] upgraded qemu-tools (11.0.0-1 -> 11.0.1-1)
[2026-06-04T15:39:47+0530] [ALPM] upgraded qemu-vmsr-helper (11.0.0-1 -> 11.0.1-1)
[2026-06-04T15:39:47+0530] [ALPM] upgraded qemu-full (11.0.0-1 -> 11.0.1-1)
[2026-06-04T15:39:47+0530] [ALPM] upgraded qt5-translations (5.15.18-1 -> 5.15.19-1)
[2026-06-04T15:39:47+0530] [ALPM] upgraded qt5-base (5.15.18+kde+r109-2 -> 5.15.19+kde+r96-1)
[2026-06-04T15:39:47+0530] [ALPM] upgraded qt5-declarative (5.15.18+kde+r23-1 -> 5.15.19+kde+r23-1)
[2026-06-04T15:39:47+0530] [ALPM] upgraded qt5-svg (5.15.18+kde+r5-1 -> 5.15.19+kde+r5-1)
[2026-06-04T15:39:47+0530] [ALPM] upgraded qt5-wayland (5.15.18+kde+r55-1 -> 5.15.19+kde+r55-1)
[2026-06-04T15:39:47+0530] [ALPM] upgraded qt5-x11extras (5.15.18-1 -> 5.15.19-1)
[2026-06-04T15:39:48+0530] [ALPM] upgraded qt6-declarative (6.11.1-1 -> 6.11.1-3)
[2026-06-04T15:39:48+0530] [ALPM] upgraded spotify-launcher (0.6.5-1 -> 0.6.6-1)
[2026-06-04T15:39:48+0530] [ALPM] upgraded systemd-sysvcompat (260.1-2 -> 260.2-2)
[2026-06-04T15:39:48+0530] [ALPM] upgraded tree-sitter (0.26.8-1 -> 0.26.9-1)
[2026-06-04T15:39:48+0530] [ALPM] upgraded vim-runtime (9.2.0450-1 -> 9.2.0573-1)
[2026-06-04T15:39:48+0530] [ALPM] upgraded vim (9.2.0450-1 -> 9.2.0573-1)
[2026-06-04T15:39:48+0530] [ALPM] upgraded vlc-plugin-alsa (3.0.22-3 -> 3.0.23_2-6)
[2026-06-04T15:39:48+0530] [ALPM] upgraded vlc-plugin-a52dec (3.0.22-3 -> 3.0.23_2-6)
[2026-06-04T15:39:48+0530] [ALPM] upgraded vlc-plugin-archive (3.0.22-3 -> 3.0.23_2-6)
[2026-06-04T15:39:48+0530] [ALPM] upgraded vlc-plugin-dav1d (3.0.22-3 -> 3.0.23_2-6)
[2026-06-04T15:39:48+0530] [ALPM] upgraded vlc-plugin-dbus (3.0.22-3 -> 3.0.23_2-6)
[2026-06-04T15:39:48+0530] [ALPM] upgraded vlc-plugin-dbus-screensaver (3.0.22-3 -> 3.0.23_2-6)
[2026-06-04T15:39:48+0530] [ALPM] upgraded vlc-plugin-faad2 (3.0.22-3 -> 3.0.23_2-6)
[2026-06-04T15:39:48+0530] [ALPM] upgraded vlc-plugin-flac (3.0.22-3 -> 3.0.23_2-6)
[2026-06-04T15:39:48+0530] [ALPM] upgraded vlc-plugin-gnutls (3.0.22-3 -> 3.0.23_2-6)
[2026-06-04T15:39:48+0530] [ALPM] upgraded vlc-plugin-inflate (3.0.22-3 -> 3.0.23_2-6)
[2026-06-04T15:39:48+0530] [ALPM] upgraded vlc-plugin-jpeg (3.0.22-3 -> 3.0.23_2-6)
[2026-06-04T15:39:48+0530] [ALPM] upgraded vlc-plugin-journal (3.0.22-3 -> 3.0.23_2-6)
[2026-06-04T15:39:48+0530] [ALPM] installed libebml (1.4.5-2)
[2026-06-04T15:39:48+0530] [ALPM] installed libmatroska (1.7.1-2)
[2026-06-04T15:39:48+0530] [ALPM] installed vlc-plugin-matroska (3.0.23_2-6)
[2026-06-04T15:39:48+0530] [ALPM] upgraded vlc-plugin-mpg123 (3.0.22-3 -> 3.0.23_2-6)
[2026-06-04T15:39:48+0530] [ALPM] upgraded vlc-plugin-ogg (3.0.22-3 -> 3.0.23_2-6)
[2026-06-04T15:39:48+0530] [ALPM] upgraded vlc-plugin-opus (3.0.22-3 -> 3.0.23_2-6)
[2026-06-04T15:39:48+0530] [ALPM] upgraded vlc-plugin-png (3.0.22-3 -> 3.0.23_2-6)
[2026-06-04T15:39:48+0530] [ALPM] upgraded vlc-plugin-shout (3.0.22-3 -> 3.0.23_2-6)
[2026-06-04T15:39:48+0530] [ALPM] upgraded vlc-plugin-speex (3.0.22-3 -> 3.0.23_2-6)
[2026-06-04T15:39:48+0530] [ALPM] upgraded vlc-plugin-tag (3.0.22-3 -> 3.0.23_2-6)
[2026-06-04T15:39:48+0530] [ALPM] upgraded vlc-plugin-theora (3.0.22-3 -> 3.0.23_2-6)
[2026-06-04T15:39:48+0530] [ALPM] upgraded vlc-plugin-twolame (3.0.22-3 -> 3.0.23_2-6)
[2026-06-04T15:39:48+0530] [ALPM] upgraded vlc-plugin-vorbis (3.0.22-3 -> 3.0.23_2-6)
[2026-06-04T15:39:48+0530] [ALPM] upgraded vlc-plugin-vpx (3.0.22-3 -> 3.0.23_2-6)
[2026-06-04T15:39:48+0530] [ALPM] upgraded vlc-plugin-xml (3.0.22-3 -> 3.0.23_2-6)
[2026-06-04T15:39:48+0530] [ALPM] upgraded vlc-plugins-base (3.0.22-3 -> 3.0.23_2-6)
[2026-06-04T15:39:48+0530] [ALPM] upgraded vlc-cli (3.0.22-3 -> 3.0.23_2-6)
[2026-06-04T15:39:48+0530] [ALPM] installed lua51 (5.1.5-13)
[2026-06-04T15:39:48+0530] [ALPM] upgraded vlc-plugin-lua (3.0.22-3 -> 3.0.23_2-6)
[2026-06-04T15:39:48+0530] [ALPM] upgraded vlc-plugin-pulse (3.0.22-3 -> 3.0.23_2-6)
[2026-06-04T15:39:48+0530] [ALPM] upgraded vlc-plugins-video-output (3.0.22-3 -> 3.0.23_2-6)
[2026-06-04T15:39:48+0530] [ALPM] upgraded vlc-gui-qt (3.0.22-3 -> 3.0.23_2-6)
[2026-06-04T15:39:48+0530] [ALPM] upgraded vlc (3.0.22-3 -> 3.0.23_2-6)
[2026-06-04T15:39:48+0530] [ALPM] upgraded vlc-plugin-ffmpeg (3.0.22-3 -> 3.0.23_2-6)
[2026-06-04T15:39:48+0530] [ALPM] upgraded wget (1.25.0-4 -> 1.25.0-5)
[2026-06-04T15:39:48+0530] [ALPM] upgraded which (2.23-1 -> 2.25-1)
[2026-06-04T15:39:49+0530] [ALPM] upgraded wireshark-cli (4.6.5-1 -> 4.7.0-1)
[2026-06-04T15:39:49+0530] [ALPM] upgraded wireshark-qt (4.6.5-1 -> 4.7.0-1)
[2026-06-04T15:39:49+0530] [ALPM] upgraded xfsprogs (7.0.0-1 -> 7.0.1-1)
[2026-06-04T15:39:49+0530] [ALPM] upgraded xorg-server (21.1.22-2 -> 21.1.23-1)
[2026-06-04T15:39:49+0530] [ALPM] upgraded zsh (5.9-6 -> 5.9.1-1)
[2026-06-04T15:39:49+0530] [ALPM] transaction completed
[2026-06-04T15:39:51+0530] [ALPM] running '20-systemd-sysusers.hook'...
[2026-06-04T15:39:51+0530] [ALPM] running '21-systemd-tmpfiles.hook'...
[2026-06-04T15:39:51+0530] [ALPM] running '25-systemd-catalog.hook'...
[2026-06-04T15:39:51+0530] [ALPM] running '25-systemd-hwdb.hook'...
[2026-06-04T15:39:51+0530] [ALPM] running '25-systemd-sysctl.hook'...
[2026-06-04T15:39:51+0530] [ALPM] running '30-systemd-daemon-reload-system.hook'...
[2026-06-04T15:39:52+0530] [ALPM] running '30-systemd-daemon-reload-user.hook'...
[2026-06-04T15:39:52+0530] [ALPM] running '30-update-mime-database.hook'...
[2026-06-04T15:39:52+0530] [ALPM] running '35-systemd-enqueue-marked.hook'...
[2026-06-04T15:39:52+0530] [ALPM] running '35-systemd-udev-reload.hook'...
[2026-06-04T15:39:53+0530] [ALPM] running '35-systemd-update.hook'...
[2026-06-04T15:39:53+0530] [ALPM] running '40-fontconfig-config.hook'...
[2026-06-04T15:39:53+0530] [ALPM] running '60-depmod.hook'...
[2026-06-04T15:39:54+0530] [ALPM] running '70-dkms-install.hook'...
[2026-06-04T15:39:54+0530] [ALPM-SCRIPTLET] ==> dkms install --no-depmod nvidia/610.43.02 -k 7.0.11-arch1-1
[2026-06-04T15:41:06+0530] [ALPM-SCRIPTLET] ==> depmod 7.0.11-arch1-1
[2026-06-04T15:41:09+0530] [ALPM] running '90-mkinitcpio-install.hook'...
[2026-06-04T15:41:10+0530] [ALPM-SCRIPTLET] ==> Building image from preset: /etc/mkinitcpio.d/linux.preset: 'default'
[2026-06-04T15:41:10+0530] [ALPM-SCRIPTLET] ==> Using default configuration file: '/etc/mkinitcpio.conf'
[2026-06-04T15:41:10+0530] [ALPM-SCRIPTLET]   -> -k /boot/vmlinuz-linux -U /boot/EFI/Linux/arch-linux.efi --splash /usr/share/systemd/bootctl/splash-arch.bmp
[2026-06-04T15:41:10+0530] [ALPM-SCRIPTLET] ==> Starting build: '7.0.11-arch1-1'
[2026-06-04T15:41:10+0530] [ALPM-SCRIPTLET]   -> Running build hook: [base]
[2026-06-04T15:41:10+0530] [ALPM-SCRIPTLET]   -> Running build hook: [udev]
[2026-06-04T15:41:10+0530] [ALPM-SCRIPTLET]   -> Running build hook: [autodetect]
[2026-06-04T15:41:10+0530] [ALPM-SCRIPTLET]   -> Running build hook: [microcode]
[2026-06-04T15:41:10+0530] [ALPM-SCRIPTLET]   -> Running build hook: [modconf]
[2026-06-04T15:41:10+0530] [ALPM-SCRIPTLET]   -> Running build hook: [kms]
[2026-06-04T15:41:16+0530] [ALPM-SCRIPTLET]   -> Running build hook: [keyboard]
[2026-06-04T15:41:16+0530] [ALPM-SCRIPTLET]   -> Running build hook: [keymap]
[2026-06-04T15:41:16+0530] [ALPM-SCRIPTLET]   -> Running build hook: [consolefont]
[2026-06-04T15:41:16+0530] [ALPM-SCRIPTLET]   -> Running build hook: [block]
[2026-06-04T15:41:17+0530] [ALPM-SCRIPTLET]   -> Running build hook: [filesystems]
[2026-06-04T15:41:17+0530] [ALPM-SCRIPTLET]   -> Running build hook: [fsck]
[2026-06-04T15:41:17+0530] [ALPM-SCRIPTLET] ==> Generating module dependencies
[2026-06-04T15:41:17+0530] [ALPM-SCRIPTLET] ==> Creating zstd-compressed initcpio image
[2026-06-04T15:41:18+0530] [ALPM-SCRIPTLET]   -> Early uncompressed CPIO image generation successful
[2026-06-04T15:41:18+0530] [ALPM-SCRIPTLET] ==> Initcpio image generation successful
[2026-06-04T15:41:18+0530] [ALPM-SCRIPTLET] ==> Creating unified kernel image: '/boot/EFI/Linux/arch-linux.efi'
[2026-06-04T15:41:18+0530] [ALPM-SCRIPTLET] ==> Unified kernel image generation successful
[2026-06-04T15:41:18+0530] [ALPM] running 'dbus-reload.hook'...
[2026-06-04T15:41:18+0530] [ALPM] running 'detect-old-perl-modules.hook'...
[2026-06-04T15:41:19+0530] [ALPM] running 'fontconfig.hook'...
[2026-06-04T15:41:19+0530] [ALPM] running 'glib-compile-schemas.hook'...
[2026-06-04T15:41:19+0530] [ALPM] running 'gtk-update-icon-cache.hook'...
[2026-06-04T15:41:19+0530] [ALPM] running 'texinfo-install.hook'...
[2026-06-04T15:41:19+0530] [ALPM] running 'update-desktop-database.hook'...
[2026-06-04T15:41:19+0530] [ALPM] running 'update-vlc-plugin-cache.hook'...
[2026-06-04T15:41:40+0530] [PACMAN] Running 'pacman -S docker'
[2026-06-04T15:41:58+0530] [ALPM] transaction started
[2026-06-04T15:41:58+0530] [ALPM] installed runc (1.4.2-1)
[2026-06-04T15:41:58+0530] [ALPM] installed containerd (2.3.1-1)
[2026-06-04T15:41:58+0530] [ALPM] installed docker (1:29.5.2-1)
[2026-06-04T15:41:58+0530] [ALPM] transaction completed
[2026-06-04T15:41:58+0530] [ALPM] running '20-systemd-sysusers.hook'...
[2026-06-04T15:41:58+0530] [ALPM-SCRIPTLET] Creating group 'docker' with GID 950.
[2026-06-04T15:41:58+0530] [ALPM] running '30-systemd-daemon-reload-system.hook'...
[2026-06-04T15:41:58+0530] [ALPM] running '35-systemd-update.hook'...
[2026-06-04T15:46:04+0530] [PACMAN] Running 'pacman -S docker-compose'
[2026-06-04T15:46:11+0530] [ALPM] transaction started
[2026-06-04T15:46:11+0530] [ALPM] installed docker-compose (5.1.4-1)
[2026-06-04T15:46:11+0530] [ALPM] transaction completed
[2026-06-04T15:46:11+0530] [ALPM] running '35-systemd-update.hook'...
[2026-06-04T15:46:14+0530] [PACMAN] Running 'pacman -S lazydocker'
[2026-06-04T15:46:21+0530] [ALPM] transaction started
[2026-06-04T15:46:21+0530] [ALPM] installed lazydocker (0.25.2-1)
[2026-06-04T15:46:21+0530] [ALPM] transaction completed
[2026-06-04T15:46:21+0530] [ALPM] running '35-systemd-update.hook'...
[2026-06-04T15:55:08+0530] [PACMAN] Running 'pacman -S nvidia-container-toolkit 1.19.1-1'
[2026-06-04T15:55:11+0530] [PACMAN] Running 'pacman -S nvidia-container-toolkit'
[2026-06-04T15:56:08+0530] [ALPM] transaction started
[2026-06-04T15:56:08+0530] [ALPM] installed libnvidia-container (1.19.1-1)
[2026-06-04T15:56:08+0530] [ALPM] installed nvidia-container-toolkit (1.19.1-1)
[2026-06-04T15:56:08+0530] [ALPM] transaction completed
[2026-06-04T15:56:08+0530] [ALPM] running '35-systemd-update.hook'...
[2026-06-04T15:56:08+0530] [ALPM] running 'nvidia-ctk-cdi.hook'...
[2026-06-04T16:03:06+0530] [PACMAN] Running 'pacman -S nvidia-container-toolkit'
[2026-06-04T16:03:07+0530] [ALPM] transaction started
[2026-06-04T16:03:07+0530] [ALPM] reinstalled nvidia-container-toolkit (1.19.1-1)
[2026-06-04T16:03:07+0530] [ALPM] transaction completed
[2026-06-04T16:03:07+0530] [ALPM] running '35-systemd-update.hook'...
[2026-06-04T16:03:07+0530] [ALPM] running 'nvidia-ctk-cdi.hook'...
[2026-06-07T13:53:51+0530] [PACMAN] Running 'pacman -U --config /etc/pacman.conf -- /home/soi/.cache/yay/brave-bin/brave-bin-1:1.91.168-1-x86_64.pkg.tar.zst'
[2026-06-07T13:53:52+0530] [ALPM] transaction started
[2026-06-07T13:53:53+0530] [ALPM] installed brave-bin (1:1.91.168-1)
[2026-06-07T13:53:53+0530] [ALPM] transaction completed
[2026-06-07T13:53:53+0530] [ALPM] running '35-systemd-update.hook'...
[2026-06-07T13:53:53+0530] [ALPM] running 'gtk-update-icon-cache.hook'...
[2026-06-07T13:53:53+0530] [ALPM] running 'update-desktop-database.hook'...
[2026-06-07T13:53:53+0530] [PACMAN] Running 'pacman -D -q --asexplicit --config /etc/pacman.conf -- brave-bin'
[2026-06-10T22:32:58+0530] [PACMAN] Running 'pacman -Syu'
[2026-06-10T22:32:58+0530] [PACMAN] synchronizing package lists
[2026-06-10T22:34:36+0530] [PACMAN] starting full system upgrade
[2026-06-10T22:39:22+0530] [ALPM] transaction started
[2026-06-10T22:39:22+0530] [ALPM] upgraded alsa-ucm-conf (1.2.16-1 -> 1.2.16-2)
[2026-06-10T22:39:22+0530] [ALPM] upgraded bash (5.3.9-1 -> 5.3.12-1)
[2026-06-10T22:39:23+0530] [ALPM] upgraded capstone (5.0.7-2 -> 5.0.9-1)
[2026-06-10T22:39:23+0530] [ALPM] warning: directory permissions differ on /etc/ssl/private/, filesystem: 755  package: 700
[2026-06-10T22:39:23+0530] [ALPM] upgraded openssl (3.6.2-2 -> 3.6.3-1)
[2026-06-10T22:39:23+0530] [ALPM] upgraded sqlite (3.53.1-1 -> 3.53.2-1)
[2026-06-10T22:39:23+0530] [ALPM] upgraded dnsmasq (2.92.rel2-2 -> 2.93-1)
[2026-06-10T22:39:23+0530] [ALPM] upgraded file (5.47-3 -> 5.48-1)
[2026-06-10T22:39:23+0530] [ALPM] upgraded fakeroot (1.38.1-1 -> 1:1.37.2-1)
[2026-06-10T22:39:23+0530] [ALPM] upgraded fastfetch (2.63.1-1 -> 2.64.2-2)
[2026-06-10T22:39:23+0530] [ALPM] upgraded sdl2-compat (2.32.68-1 -> 2.32.70-1)
[2026-06-10T22:39:23+0530] [ALPM] upgraded vapoursynth (75-3 -> 76-1)
[2026-06-10T22:39:23+0530] [ALPM] upgraded graphite (1:1.3.14-6 -> 1:1.3.15-1)
[2026-06-10T22:39:23+0530] [ALPM] upgraded serd (0.32.8-1 -> 0.32.10-1)
[2026-06-10T22:39:24+0530] [ALPM] upgraded firefox (151.0.3-1 -> 151.0.4-1)
[2026-06-10T22:39:24+0530] [ALPM] upgraded hwdata (0.407-1 -> 0.408-1)
[2026-06-10T22:39:24+0530] [ALPM] upgraded libtool (2.6.0+r23+gb08cb0a0-1 -> 2.6.1-1)
[2026-06-10T22:39:24+0530] [ALPM] upgraded imagemagick (7.1.2.24-1 -> 7.1.2.25-1)
[2026-06-10T22:39:24+0530] [ALPM] upgraded kbd (2.9.0-1 -> 2.10.0-1)
[2026-06-10T22:39:24+0530] [ALPM] upgraded less (1:702-1 -> 1:704-1)
[2026-06-10T22:39:24+0530] [ALPM] upgraded msgpack-c (7.0.0-1 -> 7.0.1-1)
[2026-06-10T22:39:24+0530] [ALPM] upgraded openjph (0.27.3-1 -> 0.27.4-1)
[2026-06-10T22:39:24+0530] [ALPM] warning: /etc/pacman.d/mirrorlist installed as /etc/pacman.d/mirrorlist.pacnew
[2026-06-10T22:39:24+0530] [ALPM] upgraded pacman-mirrorlist (20260406-1 -> 20260610-1)
[2026-06-10T22:39:24+0530] [ALPM] upgraded python-dbus-fast (5.0.17-1 -> 5.0.22-1)
[2026-06-10T22:39:24+0530] [ALPM] upgraded python-sentry_sdk (2.60.0-1 -> 2.62.0-1)
[2026-06-10T22:39:25+0530] [ALPM] upgraded vim-runtime (9.2.0573-1 -> 9.2.0600-1)
[2026-06-10T22:39:25+0530] [ALPM] upgraded vim (9.2.0573-1 -> 9.2.0600-1)
[2026-06-10T22:39:25+0530] [ALPM] upgraded xdg-desktop-portal (1.20.4-1 -> 1.22.0-1)
[2026-06-10T22:39:25+0530] [ALPM] transaction completed
[2026-06-10T22:39:25+0530] [ALPM] running '20-systemd-sysusers.hook'...
[2026-06-10T22:39:25+0530] [ALPM] running '30-systemd-daemon-reload-system.hook'...
[2026-06-10T22:39:25+0530] [ALPM] running '30-systemd-daemon-reload-user.hook'...
[2026-06-10T22:39:26+0530] [ALPM] running '30-update-mime-database.hook'...
[2026-06-10T22:39:26+0530] [ALPM] running '35-systemd-enqueue-marked.hook'...
[2026-06-10T22:39:26+0530] [ALPM] running '35-systemd-update.hook'...
[2026-06-10T22:39:26+0530] [ALPM] running 'dbus-reload.hook'...
[2026-06-10T22:39:27+0530] [ALPM] running 'detect-old-perl-modules.hook'...
[2026-06-10T22:39:27+0530] [ALPM] running 'gtk-update-icon-cache.hook'...
[2026-06-10T22:39:27+0530] [ALPM] running 'texinfo-install.hook'...
[2026-06-10T22:39:27+0530] [ALPM] running 'update-desktop-database.hook'...
[2026-06-23T14:22:08+0530] [PACMAN] Running 'pacman -S libreoffice-fresh'
[2026-06-23T14:22:30+0530] [ALPM] transaction started
[2026-06-23T14:22:30+0530] [ALPM] installed hunspell (1.7.3-1)
[2026-06-23T14:22:30+0530] [ALPM] installed librevenge (0.0.5-4)
[2026-06-23T14:22:30+0530] [ALPM] installed libwpd (0.10.3-6)
[2026-06-23T14:22:30+0530] [ALPM] installed libwps (0.4.14-4)
[2026-06-23T14:22:30+0530] [ALPM] installed neon (0.37.1-1)
[2026-06-23T14:22:30+0530] [ALPM] installed raptor (2.0.16-9)
[2026-06-23T14:22:30+0530] [ALPM] installed rasqal (1:0.9.33-9)
[2026-06-23T14:22:30+0530] [ALPM] installed redland (1:1.0.17-10)
[2026-06-23T14:22:30+0530] [ALPM] installed lpsolve (5.5.2.14-1)
[2026-06-23T14:22:30+0530] [ALPM] installed libvisio (0.1.11-1)
[2026-06-23T14:22:30+0530] [ALPM] installed liblangtag (0.6.8-1)
[2026-06-23T14:22:30+0530] [ALPM] installed libetonyek (0.1.13-2)
[2026-06-23T14:22:30+0530] [ALPM] installed libodfgen (0.1.8-5)
[2026-06-23T14:22:30+0530] [ALPM] installed libcdr (0.1.9-1)
[2026-06-23T14:22:30+0530] [ALPM] installed libmspub (0.1.5-1)
[2026-06-23T14:22:30+0530] [ALPM] installed clucene (2.3.3.4-17)
[2026-06-23T14:22:30+0530] [ALPM] installed libpagemaker (0.0.4-5)
[2026-06-23T14:22:30+0530] [ALPM] installed libabw (0.1.4-1)
[2026-06-23T14:22:30+0530] [ALPM] installed libmwaw (0.3.22-4)
[2026-06-23T14:22:30+0530] [ALPM] installed libe-book (0.1.3-20)
[2026-06-23T14:22:30+0530] [ALPM] installed libexttextcat (3.4.8-1)
[2026-06-23T14:22:30+0530] [ALPM] installed libixion (0.20.0-7)
[2026-06-23T14:22:30+0530] [ALPM] installed liborcus (0.21.0-6)
[2026-06-23T14:22:30+0530] [ALPM] installed libcmis (0.6.3-1)
[2026-06-23T14:22:30+0530] [ALPM] installed libtommath (1.3.0-2)
[2026-06-23T14:22:30+0530] [ALPM] installed libzmf (0.0.2-20)
[2026-06-23T14:22:30+0530] [ALPM] installed libatomic_ops (7.8.2-2)
[2026-06-23T14:22:30+0530] [ALPM] installed xmlsec (1.3.11-1)
[2026-06-23T14:22:30+0530] [ALPM] installed libnumbertext (1.0.11-3)
[2026-06-23T14:22:31+0530] [ALPM] installed libfreehand (0.1.3-1)
[2026-06-23T14:22:31+0530] [ALPM] installed libstaroffice (0.0.7-5)
[2026-06-23T14:22:31+0530] [ALPM] installed libepubgen (0.1.1-6)
[2026-06-23T14:22:31+0530] [ALPM] installed libqxp (0.0.3-1)
[2026-06-23T14:22:31+0530] [ALPM] installed zint (2.16.0-2)
[2026-06-23T14:22:31+0530] [ALPM] installed zxing-cpp (3.0.2-1)
[2026-06-23T14:22:31+0530] [ALPM] installed argon2 (20190702-6)
[2026-06-23T14:22:32+0530] [ALPM] installed libreoffice-fresh (26.2.4-1)
[2026-06-23T14:22:32+0530] [ALPM] transaction completed
[2026-06-23T14:22:32+0530] [ALPM] running '30-update-mime-database.hook'...
[2026-06-23T14:22:32+0530] [ALPM] running '35-systemd-update.hook'...
[2026-06-23T14:22:32+0530] [ALPM] running 'gtk-update-icon-cache.hook'...
[2026-06-23T14:22:32+0530] [ALPM] running 'update-desktop-database.hook'...
[2026-06-23T14:52:06+0530] [PACMAN] Running 'pacman -Syu'
[2026-06-23T14:52:06+0530] [PACMAN] synchronizing package lists
[2026-06-23T14:52:10+0530] [PACMAN] starting full system upgrade
[2026-06-23T15:02:45+0530] [PACMAN] Running 'pacman -Syu'
[2026-06-23T15:02:45+0530] [PACMAN] synchronizing package lists
[2026-06-23T15:02:46+0530] [PACMAN] starting full system upgrade
[2026-06-23T15:03:59+0530] [PACMAN] Running 'pacman -Syu'
[2026-06-23T15:03:59+0530] [PACMAN] synchronizing package lists
[2026-06-23T15:04:00+0530] [PACMAN] starting full system upgrade
[2026-06-23T15:04:31+0530] [PACMAN] Running 'pacman -Rns vim'
[2026-06-23T15:04:32+0530] [ALPM] transaction started
[2026-06-23T15:04:33+0530] [ALPM] removed vim (9.2.0600-1)
[2026-06-23T15:04:33+0530] [ALPM] removed vim-runtime (9.2.0600-1)
[2026-06-23T15:04:33+0530] [ALPM] transaction completed
[2026-06-23T15:04:33+0530] [ALPM] running '35-systemd-update.hook'...
[2026-06-23T15:04:33+0530] [ALPM] running 'gtk-update-icon-cache.hook'...
[2026-06-23T15:04:33+0530] [ALPM] running 'update-desktop-database.hook'...
[2026-06-23T15:05:43+0530] [PACMAN] Running 'pacman -Syu'
[2026-06-23T15:05:43+0530] [PACMAN] synchronizing package lists
[2026-06-23T15:05:44+0530] [PACMAN] starting full system upgrade
[2026-06-23T15:05:56+0530] [ALPM] running '60-mkinitcpio-remove.hook'...
[2026-06-23T15:05:56+0530] [ALPM] running '71-dkms-remove.hook'...
[2026-06-23T15:05:57+0530] [ALPM-SCRIPTLET] ==> dkms remove --no-depmod nvidia/610.43.02 -k 7.0.11-arch1-1
[2026-06-23T15:05:58+0530] [ALPM-SCRIPTLET] ==> depmod 7.0.11-arch1-1
[2026-06-23T15:06:01+0530] [ALPM] transaction started
[2026-06-23T15:06:01+0530] [ALPM] upgraded linux-api-headers (7.0-1 -> 7.1-1)
[2026-06-23T15:06:01+0530] [ALPM] upgraded abseil-cpp (20260107.1-1 -> 20260526.0-2)
[2026-06-23T15:06:01+0530] [ALPM] upgraded alsa-card-profiles (1:1.6.6-1 -> 1:1.6.7-1)
[2026-06-23T15:06:01+0530] [ALPM] upgraded alsa-ucm-conf (1.2.16-2 -> 1.2.16.1-1)
[2026-06-23T15:06:01+0530] [ALPM] upgraded alsa-lib (1.2.16-1 -> 1.2.16.1-1)
[2026-06-23T15:06:02+0530] [ALPM] upgraded bash (5.3.12-1 -> 5.3.15-1)
[2026-06-23T15:06:02+0530] [ALPM] installed hwloc (2.14.0-1)
[2026-06-23T15:06:02+0530] [ALPM] installed onetbb (2023.0.0-1)
[2026-06-23T15:06:02+0530] [ALPM] installed libblake3 (1.8.4-1)
[2026-06-23T15:06:02+0530] [ALPM] upgraded util-linux-libs (2.42.1-1 -> 2.42.2-1)
[2026-06-23T15:06:02+0530] [ALPM] upgraded pambase (20250719-1 -> 20260616-1)
[2026-06-23T15:06:02+0530] [ALPM] upgraded ca-certificates-mozilla (3.124-1 -> 3.125-1)
[2026-06-23T15:06:02+0530] [ALPM] upgraded appstream (1.1.2-1 -> 1.1.3-1)
[2026-06-23T15:06:02+0530] [ALPM] upgraded shadow (4.18.0-1 -> 4.19.4.arch1-1)
[2026-06-23T15:06:02+0530] [ALPM] upgraded util-linux (2.42.1-1 -> 2.42.2-1)
[2026-06-23T15:06:02+0530] [ALPM] upgraded archlinux-keyring (20260420-1 -> 20260612-1)
[2026-06-23T15:06:02+0530] [ALPM-SCRIPTLET] ==> Appending keys from archlinux.gpg...
[2026-06-23T15:06:04+0530] [ALPM-SCRIPTLET] ==> Updating trust database...
[2026-06-23T15:06:04+0530] [ALPM-SCRIPTLET] gpg: next trustdb check due at 2026-10-21
[2026-06-23T15:06:05+0530] [ALPM] upgraded cmake (4.3.3-1 -> 4.3.4-1)
[2026-06-23T15:06:05+0530] [ALPM] installed libpathrs (0.2.5-2)
[2026-06-23T15:06:05+0530] [ALPM] upgraded runc (1.4.2-1 -> 1.5.0-1)
[2026-06-23T15:06:05+0530] [ALPM] upgraded containerd (2.3.1-1 -> 2.3.2-1)
[2026-06-23T15:06:05+0530] [ALPM] upgraded iproute2 (7.0.0-1 -> 7.1.0-1)
[2026-06-23T15:06:05+0530] [ALPM] upgraded docker (1:29.5.2-1 -> 1:29.6.0-1)
[2026-06-23T15:06:05+0530] [ALPM] upgraded fakeroot (1:1.37.2-1 -> 1:1.37.2-2)
[2026-06-23T15:06:05+0530] [ALPM] upgraded spirv-tools (1:1.4.350.0-1 -> 1:1.4.350.1-1)
[2026-06-23T15:06:05+0530] [ALPM] upgraded glslang (1:1.4.350.0-1 -> 1:1.4.350.1-1)
[2026-06-23T15:06:05+0530] [ALPM] upgraded libpipewire (1:1.6.6-1 -> 1:1.6.7-1)
[2026-06-23T15:06:05+0530] [ALPM] upgraded pipewire (1:1.6.6-1 -> 1:1.6.7-1)
[2026-06-23T15:06:05+0530] [ALPM] upgraded zix (0.8.0-1 -> 0.8.2-1)
[2026-06-23T15:06:05+0530] [ALPM] upgraded lilv (0.26.4-1 -> 0.28.0-1)
[2026-06-23T15:06:05+0530] [ALPM] upgraded pipewire-audio (1:1.6.6-1 -> 1:1.6.7-1)
[2026-06-23T15:06:05+0530] [ALPM] upgraded libwireplumber (0.5.14-1 -> 0.5.15-1)
[2026-06-23T15:06:05+0530] [ALPM] upgraded wireplumber (0.5.14-1 -> 0.5.15-1)
[2026-06-23T15:06:06+0530] [ALPM] upgraded pipewire-jack (1:1.6.6-1 -> 1:1.6.7-1)
[2026-06-23T15:06:06+0530] [ALPM] upgraded vulkan-icd-loader (1.4.350.0-1 -> 1.4.350.1-1)
[2026-06-23T15:06:06+0530] [ALPM] upgraded shaderc (2026.2-1 -> 2026.2-2)
[2026-06-23T15:06:06+0530] [ALPM] upgraded libdovi (3.3.2-1 -> 3.3.2-2)
[2026-06-23T15:06:06+0530] [ALPM] upgraded libplacebo (7.360.1-2 -> 7.360.1-3)
[2026-06-23T15:06:06+0530] [ALPM] upgraded python (3.14.5-1 -> 3.14.6-1)
[2026-06-23T15:06:06+0530] [ALPM] upgraded vapoursynth (76-1 -> 77-2)
[2026-06-23T15:06:06+0530] [ALPM] upgraded vmaf (3.1.0-1 -> 3.2.0-1)
[2026-06-23T15:06:06+0530] [ALPM] upgraded x265 (4.1-1 -> 4.2-2)
[2026-06-23T15:06:06+0530] [ALPM] upgraded mesa (1:26.1.2-1 -> 1:26.1.3-2)
[2026-06-23T15:06:06+0530] [ALPM] upgraded ffmpeg (2:8.1.1-2 -> 2:8.1.2-6)
[2026-06-23T15:06:06+0530] [ALPM] upgraded ffmpeg4.4 (4.4.6-5 -> 4.4.7-1)
[2026-06-23T15:06:06+0530] [ALPM] upgraded nss (3.124-1 -> 3.125-1)
[2026-06-23T15:06:07+0530] [ALPM] upgraded firefox (151.0.4-1 -> 152.0.1-1)
[2026-06-23T15:06:07+0530] [ALPM] upgraded kguiaddons (6.26.0-2 -> 6.27.0-1)
[2026-06-23T15:06:07+0530] [ALPM] upgraded flameshot (13.3.0-2 -> 14.0.0-1)
[2026-06-23T15:06:07+0530] [ALPM] upgraded github-cli (2.93.0-1 -> 2.95.0-1)
[2026-06-23T15:06:07+0530] [ALPM] upgraded go-tools (4:0.45.0-1 -> 4:0.46.0-1)
[2026-06-23T15:06:07+0530] [ALPM] upgraded gstreamer (1.28.3-1 -> 1.28.4-2)
[2026-06-23T15:06:07+0530] [ALPM] upgraded gst-plugins-base-libs (1.28.3-1 -> 1.28.4-2)
[2026-06-23T15:06:07+0530] [ALPM] upgraded gst-plugin-pipewire (1:1.6.6-1 -> 1:1.6.7-1)
[2026-06-23T15:06:07+0530] [ALPM] upgraded gst-plugins-bad-libs (1.28.3-1 -> 1.28.4-2)
[2026-06-23T15:06:07+0530] [ALPM] upgraded gst-plugins-base (1.28.3-1 -> 1.28.4-2)
[2026-06-23T15:06:07+0530] [ALPM] upgraded procps-ng (4.0.6-1 -> 4.0.6-2)
[2026-06-23T15:06:07+0530] [ALPM] upgraded gst-plugins-good (1.28.3-1 -> 1.28.4-2)
[2026-06-23T15:06:07+0530] [ALPM] upgraded js140 (140.11.0-1 -> 140.12.0-1)
[2026-06-23T15:06:07+0530] [ALPM] upgraded libayatana-indicator (0.9.4-2 -> 0.9.5-1)
[2026-06-23T15:06:07+0530] [ALPM] upgraded libayatana-appindicator (0.5.94-1 -> 0.6.0-1)
[2026-06-23T15:06:07+0530] [ALPM] upgraded libheif (1.23.0-1 -> 1.23.0-2)
[2026-06-23T15:06:07+0530] [ALPM] upgraded libical (4.0.2-1 -> 4.0.3-2)
[2026-06-23T15:06:07+0530] [ALPM] upgraded libnvme (1.16.1-3 -> 1.16.2-1)
[2026-06-23T15:06:07+0530] [ALPM] upgraded libportal (0.9.1-3 -> 0.10.0-1)
[2026-06-23T15:06:07+0530] [ALPM] upgraded xdg-desktop-portal (1.22.0-1 -> 1.22.1-2)
[2026-06-23T15:06:07+0530] [ALPM] upgraded libportal-gtk4 (0.9.1-3 -> 0.10.0-1)
[2026-06-23T15:06:07+0530] [ALPM] upgraded poppler (26.05.0-1 -> 26.06.0-1)
[2026-06-23T15:06:09+0530] [ALPM] upgraded libreoffice-fresh (26.2.4-1 -> 26.2.4-2)
[2026-06-23T15:06:09+0530] [ALPM] upgraded libvlc (3.0.23_2-6 -> 3.0.23_2-8)
[2026-06-23T15:06:09+0530] [ALPM] upgraded linux (7.0.11.arch1-1 -> 7.0.12.arch1-1)
[2026-06-23T15:06:11+0530] [ALPM] upgraded linux-headers (7.0.11.arch1-1 -> 7.0.12.arch1-1)
[2026-06-23T15:06:11+0530] [ALPM] upgraded lsof (4.99.6-1 -> 4.99.7-1)
[2026-06-23T15:06:12+0530] [ALPM] upgraded neovim (0.12.2-1 -> 0.12.3-1)
[2026-06-23T15:06:12+0530] [ALPM] upgraded openjph (0.27.4-1 -> 0.30.0-1)
[2026-06-23T15:06:12+0530] [ALPM] upgraded openexr (3.4.12-1 -> 3.4.13-1)
[2026-06-23T15:06:12+0530] [ALPM] upgraded pcsclite (2.5.0-1 -> 2.5.1-1)
[2026-06-23T15:06:12+0530] [ALPM] upgraded pipewire-alsa (1:1.6.6-1 -> 1:1.6.7-1)
[2026-06-23T15:06:12+0530] [ALPM] upgraded pipewire-pulse (1:1.6.6-1 -> 1:1.6.7-1)
[2026-06-23T15:06:12+0530] [ALPM] upgraded poppler-glib (26.05.0-1 -> 26.06.0-1)
[2026-06-23T15:06:12+0530] [ALPM] upgraded protobuf (35.0-1 -> 35.0-2)
[2026-06-23T15:06:12+0530] [ALPM] upgraded protobuf-c (1.5.2-10 -> 1.5.2-11)
[2026-06-23T15:06:12+0530] [ALPM] upgraded python-cryptography (48.0.0-1 -> 49.0.0-1)
[2026-06-23T15:06:12+0530] [ALPM] upgraded python-pyopenssl (26.2.0-1 -> 26.3.0-1)
[2026-06-23T15:06:12+0530] [ALPM] upgraded python-certifi (2026.05.20-1 -> 2026.06.17-1)
[2026-06-23T15:06:12+0530] [ALPM] upgraded python-proton-keyring-linux (0.2.1-4 -> 0.2.2-1)
[2026-06-23T15:06:12+0530] [ALPM] upgraded python-proton-vpn-local-agent (1.6.2-1 -> 1.6.3-1)
[2026-06-23T15:06:12+0530] [ALPM] upgraded python-sentry_sdk (2.62.0-1 -> 2.63.0-1)
[2026-06-23T15:06:12+0530] [ALPM] upgraded python-proton-vpn-api-core (5.2.3-1 -> 5.2.5-1)
[2026-06-23T15:06:12+0530] [ALPM] upgraded proton-vpn-gtk-app (4.16.4-1 -> 4.16.5-1)
[2026-06-23T15:06:12+0530] [ALPM] upgraded python-docutils (1:0.22.4-1 -> 1:0.23-1)
[2026-06-23T15:06:12+0530] [ALPM] upgraded rdma-core (63.0-1 -> 63.0-2)
[2026-06-23T15:06:12+0530] [ALPM] upgraded sudo (1.9.17.p2-2 -> 1.9.17.p2-6)
[2026-06-23T15:06:12+0530] [ALPM] upgraded vlc-plugin-alsa (3.0.23_2-6 -> 3.0.23_2-8)
[2026-06-23T15:06:12+0530] [ALPM] upgraded vlc-plugin-a52dec (3.0.23_2-6 -> 3.0.23_2-8)
[2026-06-23T15:06:12+0530] [ALPM] upgraded vlc-plugin-archive (3.0.23_2-6 -> 3.0.23_2-8)
[2026-06-23T15:06:12+0530] [ALPM] upgraded vlc-plugin-dav1d (3.0.23_2-6 -> 3.0.23_2-8)
[2026-06-23T15:06:12+0530] [ALPM] upgraded vlc-plugin-dbus (3.0.23_2-6 -> 3.0.23_2-8)
[2026-06-23T15:06:12+0530] [ALPM] upgraded vlc-plugin-dbus-screensaver (3.0.23_2-6 -> 3.0.23_2-8)
[2026-06-23T15:06:12+0530] [ALPM] upgraded vlc-plugin-faad2 (3.0.23_2-6 -> 3.0.23_2-8)
[2026-06-23T15:06:12+0530] [ALPM] upgraded vlc-plugin-flac (3.0.23_2-6 -> 3.0.23_2-8)
[2026-06-23T15:06:12+0530] [ALPM] upgraded vlc-plugin-gnutls (3.0.23_2-6 -> 3.0.23_2-8)
[2026-06-23T15:06:12+0530] [ALPM] upgraded vlc-plugin-inflate (3.0.23_2-6 -> 3.0.23_2-8)
[2026-06-23T15:06:12+0530] [ALPM] upgraded vlc-plugin-jpeg (3.0.23_2-6 -> 3.0.23_2-8)
[2026-06-23T15:06:12+0530] [ALPM] upgraded vlc-plugin-journal (3.0.23_2-6 -> 3.0.23_2-8)
[2026-06-23T15:06:12+0530] [ALPM] upgraded vlc-plugin-matroska (3.0.23_2-6 -> 3.0.23_2-8)
[2026-06-23T15:06:12+0530] [ALPM] upgraded vlc-plugin-mpg123 (3.0.23_2-6 -> 3.0.23_2-8)
[2026-06-23T15:06:12+0530] [ALPM] upgraded vlc-plugin-ogg (3.0.23_2-6 -> 3.0.23_2-8)
[2026-06-23T15:06:12+0530] [ALPM] upgraded vlc-plugin-opus (3.0.23_2-6 -> 3.0.23_2-8)
[2026-06-23T15:06:12+0530] [ALPM] upgraded vlc-plugin-png (3.0.23_2-6 -> 3.0.23_2-8)
[2026-06-23T15:06:12+0530] [ALPM] upgraded vlc-plugin-shout (3.0.23_2-6 -> 3.0.23_2-8)
[2026-06-23T15:06:12+0530] [ALPM] upgraded vlc-plugin-speex (3.0.23_2-6 -> 3.0.23_2-8)
[2026-06-23T15:06:12+0530] [ALPM] upgraded vlc-plugin-tag (3.0.23_2-6 -> 3.0.23_2-8)
[2026-06-23T15:06:12+0530] [ALPM] upgraded vlc-plugin-theora (3.0.23_2-6 -> 3.0.23_2-8)
[2026-06-23T15:06:12+0530] [ALPM] upgraded vlc-plugin-twolame (3.0.23_2-6 -> 3.0.23_2-8)
[2026-06-23T15:06:12+0530] [ALPM] upgraded vlc-plugin-vorbis (3.0.23_2-6 -> 3.0.23_2-8)
[2026-06-23T15:06:12+0530] [ALPM] upgraded vlc-plugin-vpx (3.0.23_2-6 -> 3.0.23_2-8)
[2026-06-23T15:06:12+0530] [ALPM] upgraded vlc-plugin-xml (3.0.23_2-6 -> 3.0.23_2-8)
[2026-06-23T15:06:12+0530] [ALPM] upgraded vlc-plugins-base (3.0.23_2-6 -> 3.0.23_2-8)
[2026-06-23T15:06:12+0530] [ALPM] upgraded vlc-cli (3.0.23_2-6 -> 3.0.23_2-8)
[2026-06-23T15:06:12+0530] [ALPM] upgraded vlc-plugin-lua (3.0.23_2-6 -> 3.0.23_2-8)
[2026-06-23T15:06:12+0530] [ALPM] upgraded vlc-plugin-pulse (3.0.23_2-6 -> 3.0.23_2-8)
[2026-06-23T15:06:12+0530] [ALPM] upgraded vlc-plugins-video-output (3.0.23_2-6 -> 3.0.23_2-8)
[2026-06-23T15:06:12+0530] [ALPM] upgraded vlc-gui-qt (3.0.23_2-6 -> 3.0.23_2-8)
[2026-06-23T15:06:12+0530] [ALPM] upgraded vlc (3.0.23_2-6 -> 3.0.23_2-8)
[2026-06-23T15:06:12+0530] [ALPM] upgraded vlc-plugin-ffmpeg (3.0.23_2-6 -> 3.0.23_2-8)
[2026-06-23T15:06:12+0530] [ALPM] upgraded wireshark-cli (4.7.0-1 -> 4.7.1-1)
[2026-06-23T15:06:13+0530] [ALPM] upgraded wireshark-qt (4.7.0-1 -> 4.7.1-1)
[2026-06-23T15:06:13+0530] [ALPM] transaction completed
[2026-06-23T15:06:14+0530] [ALPM] running '20-systemd-sysusers.hook'...
[2026-06-23T15:06:14+0530] [ALPM] running '21-systemd-tmpfiles.hook'...
[2026-06-23T15:06:14+0530] [ALPM] running '30-systemd-daemon-reload-system.hook'...
[2026-06-23T15:06:14+0530] [ALPM] running '30-systemd-daemon-reload-user.hook'...
[2026-06-23T15:06:14+0530] [ALPM] running '30-update-mime-database.hook'...
[2026-06-23T15:06:15+0530] [ALPM] running '35-systemd-enqueue-marked.hook'...
[2026-06-23T15:06:15+0530] [ALPM] running '35-systemd-udev-reload.hook'...
[2026-06-23T15:06:15+0530] [ALPM] running '35-systemd-update.hook'...
[2026-06-23T15:06:15+0530] [ALPM] running '40-update-ca-trust.hook'...
[2026-06-23T15:06:16+0530] [ALPM] running '60-depmod.hook'...
[2026-06-23T15:06:17+0530] [ALPM] running '70-dkms-install.hook'...
[2026-06-23T15:06:17+0530] [ALPM-SCRIPTLET] ==> dkms install --no-depmod nvidia/610.43.02 -k 7.0.12-arch1-1
[2026-06-23T15:07:32+0530] [ALPM-SCRIPTLET] ==> depmod 7.0.12-arch1-1
[2026-06-23T15:07:35+0530] [ALPM] running '90-mkinitcpio-install.hook'...
[2026-06-23T15:07:35+0530] [ALPM-SCRIPTLET] ==> Building image from preset: /etc/mkinitcpio.d/linux.preset: 'default'
[2026-06-23T15:07:35+0530] [ALPM-SCRIPTLET] ==> Using default configuration file: '/etc/mkinitcpio.conf'
[2026-06-23T15:07:35+0530] [ALPM-SCRIPTLET]   -> -k /boot/vmlinuz-linux -U /boot/EFI/Linux/arch-linux.efi --splash /usr/share/systemd/bootctl/splash-arch.bmp
[2026-06-23T15:07:35+0530] [ALPM-SCRIPTLET] ==> Starting build: '7.0.12-arch1-1'
[2026-06-23T15:07:36+0530] [ALPM-SCRIPTLET]   -> Running build hook: [base]
[2026-06-23T15:07:36+0530] [ALPM-SCRIPTLET]   -> Running build hook: [udev]
[2026-06-23T15:07:36+0530] [ALPM-SCRIPTLET]   -> Running build hook: [autodetect]
[2026-06-23T15:07:36+0530] [ALPM-SCRIPTLET]   -> Running build hook: [microcode]
[2026-06-23T15:07:36+0530] [ALPM-SCRIPTLET]   -> Running build hook: [modconf]
[2026-06-23T15:07:36+0530] [ALPM-SCRIPTLET]   -> Running build hook: [kms]
[2026-06-23T15:07:42+0530] [ALPM-SCRIPTLET]   -> Running build hook: [keyboard]
[2026-06-23T15:07:42+0530] [ALPM-SCRIPTLET]   -> Running build hook: [keymap]
[2026-06-23T15:07:42+0530] [ALPM-SCRIPTLET]   -> Running build hook: [consolefont]
[2026-06-23T15:07:42+0530] [ALPM-SCRIPTLET]   -> Running build hook: [block]
[2026-06-23T15:07:43+0530] [ALPM-SCRIPTLET]   -> Running build hook: [filesystems]
[2026-06-23T15:07:43+0530] [ALPM-SCRIPTLET]   -> Running build hook: [fsck]
[2026-06-23T15:07:43+0530] [ALPM-SCRIPTLET] ==> Generating module dependencies
[2026-06-23T15:07:43+0530] [ALPM-SCRIPTLET] ==> Creating zstd-compressed initcpio image
[2026-06-23T15:07:44+0530] [ALPM-SCRIPTLET]   -> Early uncompressed CPIO image generation successful
[2026-06-23T15:07:44+0530] [ALPM-SCRIPTLET] ==> Initcpio image generation successful
[2026-06-23T15:07:44+0530] [ALPM-SCRIPTLET] ==> Creating unified kernel image: '/boot/EFI/Linux/arch-linux.efi'
[2026-06-23T15:07:44+0530] [ALPM-SCRIPTLET] ==> Unified kernel image generation successful
[2026-06-23T15:07:44+0530] [ALPM] running '90-update-appstream-cache.hook'...
[2026-06-23T15:07:44+0530] [ALPM-SCRIPTLET] ✔ Metadata cache was updated successfully.
[2026-06-23T15:07:44+0530] [ALPM] running 'glib-compile-schemas.hook'...
[2026-06-23T15:07:44+0530] [ALPM] running 'gtk-update-icon-cache.hook'...
[2026-06-23T15:07:45+0530] [ALPM] running 'texinfo-install.hook'...
[2026-06-23T15:07:45+0530] [ALPM] running 'update-desktop-database.hook'...
[2026-06-23T15:07:45+0530] [ALPM] running 'update-vlc-plugin-cache.hook'...
[2026-06-24T09:57:07+0530] [PACMAN] Running 'pacman -S --config /etc/pacman.conf -- extra/node-gyp extra/npm extra/nodejs'
[2026-06-24T09:57:17+0530] [ALPM] transaction started
[2026-06-24T09:57:17+0530] [ALPM] installed ada (3.4.4-1)
[2026-06-24T09:57:17+0530] [ALPM] installed simdjson (1:4.6.4-1)
[2026-06-24T09:57:17+0530] [ALPM] installed nodejs (26.3.1-1)
[2026-06-24T09:57:17+0530] [ALPM] installed nodejs-nopt (10.0.1-1)
[2026-06-24T09:57:17+0530] [ALPM] installed semver (7.8.5-1)
[2026-06-24T09:57:17+0530] [ALPM] installed node-gyp (13.0.0-1)
[2026-06-24T09:57:17+0530] [ALPM] installed npm (11.16.0-1)
[2026-06-24T09:57:17+0530] [ALPM] transaction completed
[2026-06-24T09:57:17+0530] [ALPM] running '35-systemd-update.hook'...
[2026-06-24T09:57:17+0530] [PACMAN] Running 'pacman -D -q --asdeps --config /etc/pacman.conf -- npm nodejs node-gyp'
[2026-06-24T09:58:18+0530] [PACMAN] Running 'pacman -U --config /etc/pacman.conf -- /home/soi/.cache/yay/teams-for-linux/teams-for-linux-2.11.1-1-x86_64.pkg.tar.zst /home/soi/.cache/yay/teams-for-linux/teams-for-linux-debug-2.11.1-1-x86_64.pkg.tar.zst'
[2026-06-24T09:58:23+0530] [ALPM] transaction started
[2026-06-24T09:58:23+0530] [ALPM] installed teams-for-linux (2.11.1-1)
[2026-06-24T09:58:23+0530] [ALPM] installed teams-for-linux-debug (2.11.1-1)
[2026-06-24T09:58:23+0530] [ALPM] transaction completed
[2026-06-24T09:58:23+0530] [ALPM] running '35-systemd-update.hook'...
[2026-06-24T09:58:23+0530] [ALPM] running 'gtk-update-icon-cache.hook'...
[2026-06-24T09:58:23+0530] [ALPM] running 'update-desktop-database.hook'...
[2026-06-24T09:58:23+0530] [PACMAN] Running 'pacman -D -q --asdeps --config /etc/pacman.conf -- teams-for-linux-debug'
[2026-06-24T09:58:23+0530] [PACMAN] Running 'pacman -D -q --asexplicit --config /etc/pacman.conf -- teams-for-linux'
[2026-06-24T09:58:23+0530] [PACMAN] Running 'pacman -R -s -u --noconfirm --config /etc/pacman.conf -- npm nodejs node-gyp'
[2026-06-24T09:58:23+0530] [ALPM] transaction started
[2026-06-24T09:58:24+0530] [ALPM] removed npm (11.16.0-1)
[2026-06-24T09:58:24+0530] [ALPM] removed node-gyp (13.0.0-1)
[2026-06-24T09:58:24+0530] [ALPM] removed semver (7.8.5-1)
[2026-06-24T09:58:24+0530] [ALPM] removed nodejs-nopt (10.0.1-1)
[2026-06-24T09:58:24+0530] [ALPM] removed nodejs (26.3.1-1)
[2026-06-24T09:58:24+0530] [ALPM] removed simdjson (1:4.6.4-1)
[2026-06-24T09:58:24+0530] [ALPM] removed ada (3.4.4-1)
[2026-06-24T09:58:24+0530] [ALPM] transaction completed
[2026-06-24T09:58:24+0530] [ALPM] running '35-systemd-update.hook'...
[2026-06-24T15:18:15+0530] [PACMAN] Running 'pacman -Syu'
[2026-06-24T15:18:15+0530] [PACMAN] synchronizing package lists
[2026-06-24T15:18:24+0530] [PACMAN] starting full system upgrade
[2026-06-24T15:20:13+0530] [PACMAN] Running 'pacman -Rns python-numpy'
[2026-06-24T15:23:20+0530] [PACMAN] Running 'pacman -Scc'
[2026-06-24T15:23:36+0530] [PACMAN] Running 'pacman -Scc'
[2026-06-24T15:25:34+0530] [PACMAN] Running 'pacman -S pacman-contrib'
[2026-06-24T15:25:37+0530] [ALPM] transaction started
[2026-06-24T15:25:37+0530] [ALPM] installed pacman-contrib (1.13.1-1)
[2026-06-24T15:25:37+0530] [ALPM] transaction completed
[2026-06-24T15:25:37+0530] [ALPM] running '30-systemd-daemon-reload-system.hook'...
[2026-06-24T15:25:38+0530] [ALPM] running '35-systemd-update.hook'...
[2026-06-24T15:26:04+0530] [PACMAN] Running 'pacman -Scc'
[2026-06-24T15:26:28+0530] [PACMAN] Running 'pacman -Suy'
[2026-06-24T15:26:28+0530] [PACMAN] synchronizing package lists
[2026-06-24T15:26:30+0530] [PACMAN] Running 'pacman -Syu'
[2026-06-24T15:26:30+0530] [PACMAN] synchronizing package lists
[2026-06-24T15:26:37+0530] [PACMAN] starting full system upgrade
[2026-06-24T15:27:39+0530] [PACMAN] Running 'pacman -Sy archlinux-keyring'
[2026-06-24T15:27:39+0530] [PACMAN] synchronizing package lists
[2026-06-24T15:27:44+0530] [ALPM] transaction started
[2026-06-24T15:27:44+0530] [ALPM] reinstalled archlinux-keyring (20260612-1)
[2026-06-24T15:27:44+0530] [ALPM-SCRIPTLET] ==> Appending keys from archlinux.gpg...
[2026-06-24T15:27:46+0530] [ALPM-SCRIPTLET] ==> Updating trust database...
[2026-06-24T15:27:46+0530] [ALPM-SCRIPTLET] gpg: next trustdb check due at 2026-10-21
[2026-06-24T15:27:46+0530] [ALPM] transaction completed
[2026-06-24T15:27:46+0530] [ALPM] running '30-systemd-daemon-reload-system.hook'...
[2026-06-24T15:27:46+0530] [ALPM] running '35-systemd-enqueue-marked.hook'...
[2026-06-24T15:27:46+0530] [ALPM] running '35-systemd-update.hook'...
[2026-06-24T15:28:27+0530] [PACMAN] Running 'pacman -Syu'
[2026-06-24T15:28:27+0530] [PACMAN] synchronizing package lists
[2026-06-24T15:28:27+0530] [PACMAN] starting full system upgrade
[2026-06-24T15:29:19+0530] [PACMAN] Running 'pacman -Sy archlinux-keyring'
[2026-06-24T15:29:19+0530] [PACMAN] synchronizing package lists
[2026-06-24T15:29:21+0530] [ALPM] transaction started
[2026-06-24T15:29:21+0530] [ALPM] reinstalled archlinux-keyring (20260612-1)
[2026-06-24T15:29:21+0530] [ALPM-SCRIPTLET] ==> Appending keys from archlinux.gpg...
[2026-06-24T15:29:23+0530] [ALPM-SCRIPTLET] ==> Updating trust database...
[2026-06-24T15:29:23+0530] [ALPM-SCRIPTLET] gpg: next trustdb check due at 2026-10-21
[2026-06-24T15:29:23+0530] [ALPM] transaction completed
[2026-06-24T15:29:23+0530] [ALPM] running '30-systemd-daemon-reload-system.hook'...
[2026-06-24T15:29:23+0530] [ALPM] running '35-systemd-enqueue-marked.hook'...
[2026-06-24T15:29:23+0530] [ALPM] running '35-systemd-update.hook'...
[2026-06-24T15:29:28+0530] [PACMAN] Running 'pacman -Syu'
[2026-06-24T15:29:28+0530] [PACMAN] synchronizing package lists
[2026-06-24T15:29:29+0530] [PACMAN] starting full system upgrade
[2026-06-24T15:31:01+0530] [PACMAN] Running 'pacman -Sw python-numpy'
[2026-06-24T15:32:13+0530] [PACMAN] Running 'pacman -Sw python-numpy'
[2026-06-24T15:32:45+0530] [PACMAN] Running 'pacman -Sy archlinux-keyring'
[2026-06-24T15:32:45+0530] [PACMAN] synchronizing package lists
[2026-06-24T15:32:47+0530] [ALPM] transaction started
[2026-06-24T15:32:47+0530] [ALPM] reinstalled archlinux-keyring (20260612-1)
[2026-06-24T15:32:47+0530] [ALPM-SCRIPTLET] ==> Appending keys from archlinux.gpg...
[2026-06-24T15:32:49+0530] [ALPM-SCRIPTLET] ==> Updating trust database...
[2026-06-24T15:32:49+0530] [ALPM-SCRIPTLET] gpg: next trustdb check due at 2026-10-21
[2026-06-24T15:32:49+0530] [ALPM] transaction completed
[2026-06-24T15:32:49+0530] [ALPM] running '30-systemd-daemon-reload-system.hook'...
[2026-06-24T15:32:49+0530] [ALPM] running '35-systemd-enqueue-marked.hook'...
[2026-06-24T15:32:49+0530] [ALPM] running '35-systemd-update.hook'...
[2026-06-24T15:32:57+0530] [PACMAN] Running 'pacman -Syu'
[2026-06-24T15:32:57+0530] [PACMAN] synchronizing package lists
[2026-06-24T15:32:58+0530] [PACMAN] starting full system upgrade
[2026-06-24T15:33:43+0530] [PACMAN] Running 'pacman -Sw python-numpy'
[2026-06-24T15:34:29+0530] [PACMAN] Running 'pacman -Syy'
[2026-06-24T15:34:29+0530] [PACMAN] synchronizing package lists
[2026-06-24T15:35:16+0530] [PACMAN] Running 'pacman -Syu'
[2026-06-24T15:35:16+0530] [PACMAN] synchronizing package lists
[2026-06-24T15:35:17+0530] [PACMAN] starting full system upgrade
[2026-06-24T15:35:45+0530] [PACMAN] Running 'pacman -S reflector'
[2026-06-24T15:35:48+0530] [ALPM] transaction started
[2026-06-24T15:35:48+0530] [ALPM] installed reflector (2023-5)
[2026-06-24T15:35:48+0530] [ALPM] transaction completed
[2026-06-24T15:35:48+0530] [ALPM] running '30-systemd-daemon-reload-system.hook'...
[2026-06-24T15:35:48+0530] [ALPM] running '35-systemd-update.hook'...
[2026-06-24T15:37:44+0530] [PACMAN] Running 'pacman -Syy'
[2026-06-24T15:37:44+0530] [PACMAN] synchronizing package lists
[2026-06-24T15:38:42+0530] [PACMAN] Running 'pacman -Sy archlinux-keyring'
[2026-06-24T15:38:42+0530] [PACMAN] synchronizing package lists
[2026-06-24T15:38:46+0530] [ALPM] transaction started
[2026-06-24T15:38:46+0530] [ALPM] reinstalled archlinux-keyring (20260612-1)
[2026-06-24T15:38:46+0530] [ALPM-SCRIPTLET] ==> Appending keys from archlinux.gpg...
[2026-06-24T15:38:47+0530] [ALPM-SCRIPTLET] ==> Updating trust database...
[2026-06-24T15:38:47+0530] [ALPM-SCRIPTLET] gpg: next trustdb check due at 2026-10-21
[2026-06-24T15:38:47+0530] [ALPM] transaction completed
[2026-06-24T15:38:47+0530] [ALPM] running '30-systemd-daemon-reload-system.hook'...
[2026-06-24T15:38:48+0530] [ALPM] running '35-systemd-enqueue-marked.hook'...
[2026-06-24T15:38:48+0530] [ALPM] running '35-systemd-update.hook'...
[2026-06-24T15:38:49+0530] [PACMAN] Running 'pacman -Syu'
[2026-06-24T15:38:49+0530] [PACMAN] synchronizing package lists
[2026-06-24T15:38:49+0530] [PACMAN] starting full system upgrade
[2026-06-24T15:44:22+0530] [PACMAN] Running 'pacman -Syu'
[2026-06-24T15:44:22+0530] [PACMAN] synchronizing package lists
[2026-06-24T15:44:23+0530] [PACMAN] starting full system upgrade
[2026-06-24T15:45:32+0530] [PACMAN] Running 'pacman -Sy archlinux-keyring'
[2026-06-24T15:45:32+0530] [PACMAN] synchronizing package lists
[2026-06-24T15:45:36+0530] [ALPM] transaction started
[2026-06-24T15:45:36+0530] [ALPM] reinstalled archlinux-keyring (20260612-1)
[2026-06-24T15:45:36+0530] [ALPM-SCRIPTLET] ==> Appending keys from archlinux.gpg...
[2026-06-24T15:45:38+0530] [ALPM-SCRIPTLET] ==> Updating trust database...
[2026-06-24T15:45:38+0530] [ALPM-SCRIPTLET] gpg: next trustdb check due at 2026-10-21
[2026-06-24T15:45:38+0530] [ALPM] transaction completed
[2026-06-24T15:45:38+0530] [ALPM] running '30-systemd-daemon-reload-system.hook'...
[2026-06-24T15:45:38+0530] [ALPM] running '35-systemd-enqueue-marked.hook'...
[2026-06-24T15:45:38+0530] [ALPM] running '35-systemd-update.hook'...
[2026-06-24T15:45:40+0530] [PACMAN] Running 'pacman -Su'
[2026-06-24T15:45:40+0530] [PACMAN] starting full system upgrade
[2026-06-24T15:46:47+0530] [PACMAN] Running 'pacman -Su'
[2026-06-24T15:46:47+0530] [PACMAN] starting full system upgrade
[2026-06-24T15:48:04+0530] [PACMAN] Running 'pacman -Su'
[2026-06-24T15:48:04+0530] [PACMAN] starting full system upgrade
[2026-06-24T15:48:19+0530] [PACMAN] Running 'pacman -Scc'
[2026-06-24T15:48:33+0530] [PACMAN] Running 'pacman -Su --noconfirm'
[2026-06-24T15:48:33+0530] [PACMAN] starting full system upgrade
[2026-06-24T15:50:05+0530] [PACMAN] Running 'pacman -Syu --ignore python-numpy'
[2026-06-24T15:50:05+0530] [PACMAN] synchronizing package lists
[2026-06-24T15:50:06+0530] [PACMAN] starting full system upgrade
[2026-06-24T15:50:08+0530] [ALPM] transaction started
[2026-06-24T15:50:08+0530] [ALPM] upgraded systemd-libs (260.2-2 -> 261-1)
[2026-06-24T15:50:08+0530] [ALPM] upgraded systemd (260.2-2 -> 261-1)
[2026-06-24T15:50:08+0530] [ALPM-SCRIPTLET] Creating group 'systemd-imds' with GID 949.
[2026-06-24T15:50:08+0530] [ALPM-SCRIPTLET] Creating user 'systemd-imds' (systemd Instance Metadata) with UID 949 and GID 949.
[2026-06-24T15:50:09+0530] [ALPM-SCRIPTLET] :: This is a systemd feature update. You may want to have a look at
[2026-06-24T15:50:09+0530] [ALPM-SCRIPTLET]    NEWS for what changed, or if you observe unexpected behavior:
[2026-06-24T15:50:09+0530] [ALPM-SCRIPTLET]      /usr/share/doc/systemd/NEWS
[2026-06-24T15:50:09+0530] [ALPM] upgraded brltty (6.9.1-1 -> 6.9.1-3)
[2026-06-24T15:50:09+0530] [ALPM-SCRIPTLET] Please add your user to the brlapi group.
[2026-06-24T15:50:09+0530] [ALPM] upgraded vid.stab (1.1.1-2 -> 1.1.1-3)
[2026-06-24T15:50:09+0530] [ALPM] upgraded xvidcore (1.3.7-3 -> 1.3.7-4)
[2026-06-24T15:50:09+0530] [ALPM] upgraded libldac (2.0.2.3-3 -> 2.0.2.5-1)
[2026-06-24T15:50:09+0530] [ALPM] upgraded ffmpeg4.4 (4.4.7-1 -> 4.4.8-1)
[2026-06-24T15:50:09+0530] [ALPM] upgraded xkeyboard-config (2.47-1 -> 2.48-1)
[2026-06-24T15:50:10+0530] [ALPM] upgraded firefox (152.0.1-1 -> 152.0.2-1)
[2026-06-24T15:50:10+0530] [ALPM] upgraded imagemagick (7.1.2.25-1 -> 7.1.2.26-1)
[2026-06-24T15:50:10+0530] [ALPM] upgraded libnbd (1.24.2-2 -> 1.24.2-3)
[2026-06-24T15:50:10+0530] [ALPM] upgraded openjph (0.30.0-1 -> 0.30.1-1)
[2026-06-24T15:50:10+0530] [ALPM] upgraded openexr (3.4.13-1 -> 3.4.13-2)
[2026-06-24T15:50:10+0530] [ALPM] upgraded systemd-sysvcompat (260.2-2 -> 261-1)
[2026-06-24T15:50:10+0530] [ALPM] transaction completed
[2026-06-24T15:50:10+0530] [ALPM] running '20-systemd-sysusers.hook'...
[2026-06-24T15:50:10+0530] [ALPM] running '21-systemd-tmpfiles.hook'...
[2026-06-24T15:50:10+0530] [ALPM] running '25-systemd-catalog.hook'...
[2026-06-24T15:50:10+0530] [ALPM] running '25-systemd-hwdb.hook'...
[2026-06-24T15:50:10+0530] [ALPM] running '25-systemd-sysctl.hook'...
[2026-06-24T15:50:10+0530] [ALPM] running '30-systemd-daemon-reload-system.hook'...
[2026-06-24T15:50:11+0530] [ALPM] running '30-systemd-daemon-reload-user.hook'...
[2026-06-24T15:50:11+0530] [ALPM] running '30-update-mime-database.hook'...
[2026-06-24T15:50:11+0530] [ALPM] running '35-systemd-enqueue-marked.hook'...
[2026-06-24T15:50:11+0530] [ALPM] running '35-systemd-udev-reload.hook'...
[2026-06-24T15:50:12+0530] [ALPM] running '35-systemd-update.hook'...
[2026-06-24T15:50:12+0530] [ALPM] running '90-mkinitcpio-install.hook'...
[2026-06-24T15:50:12+0530] [ALPM-SCRIPTLET] ==> Building image from preset: /etc/mkinitcpio.d/linux.preset: 'default'
[2026-06-24T15:50:12+0530] [ALPM-SCRIPTLET] ==> Using default configuration file: '/etc/mkinitcpio.conf'
[2026-06-24T15:50:12+0530] [ALPM-SCRIPTLET]   -> -k /boot/vmlinuz-linux -U /boot/EFI/Linux/arch-linux.efi --splash /usr/share/systemd/bootctl/splash-arch.bmp
[2026-06-24T15:50:12+0530] [ALPM-SCRIPTLET] ==> Starting build: '7.0.12-arch1-1'
[2026-06-24T15:50:12+0530] [ALPM-SCRIPTLET]   -> Running build hook: [base]
[2026-06-24T15:50:12+0530] [ALPM-SCRIPTLET]   -> Running build hook: [udev]
[2026-06-24T15:50:12+0530] [ALPM-SCRIPTLET]   -> Running build hook: [autodetect]
[2026-06-24T15:50:12+0530] [ALPM-SCRIPTLET]   -> Running build hook: [microcode]
[2026-06-24T15:50:12+0530] [ALPM-SCRIPTLET]   -> Running build hook: [modconf]
[2026-06-24T15:50:12+0530] [ALPM-SCRIPTLET]   -> Running build hook: [kms]
[2026-06-24T15:50:18+0530] [ALPM-SCRIPTLET]   -> Running build hook: [keyboard]
[2026-06-24T15:50:18+0530] [ALPM-SCRIPTLET]   -> Running build hook: [keymap]
[2026-06-24T15:50:18+0530] [ALPM-SCRIPTLET]   -> Running build hook: [consolefont]
[2026-06-24T15:50:18+0530] [ALPM-SCRIPTLET]   -> Running build hook: [block]
[2026-06-24T15:50:19+0530] [ALPM-SCRIPTLET]   -> Running build hook: [filesystems]
[2026-06-24T15:50:19+0530] [ALPM-SCRIPTLET]   -> Running build hook: [fsck]
[2026-06-24T15:50:19+0530] [ALPM-SCRIPTLET] ==> Generating module dependencies
[2026-06-24T15:50:19+0530] [ALPM-SCRIPTLET] ==> Creating zstd-compressed initcpio image
[2026-06-24T15:50:20+0530] [ALPM-SCRIPTLET]   -> Early uncompressed CPIO image generation successful
[2026-06-24T15:50:20+0530] [ALPM-SCRIPTLET] ==> Initcpio image generation successful
[2026-06-24T15:50:20+0530] [ALPM-SCRIPTLET] ==> Creating unified kernel image: '/boot/EFI/Linux/arch-linux.efi'
[2026-06-24T15:50:20+0530] [ALPM-SCRIPTLET] ==> Unified kernel image generation successful
[2026-06-24T15:50:20+0530] [ALPM] running 'dbus-reload.hook'...
[2026-06-24T15:50:21+0530] [ALPM] running 'detect-old-perl-modules.hook'...
[2026-06-24T15:50:21+0530] [ALPM] running 'gtk-update-icon-cache.hook'...
[2026-06-24T15:50:21+0530] [ALPM] running 'update-desktop-database.hook'...
[2026-06-24T15:50:33+0530] [PACMAN] Running 'pacman -Syu'
[2026-06-24T15:50:33+0530] [PACMAN] synchronizing package lists
[2026-06-24T15:50:34+0530] [PACMAN] starting full system upgrade
[2026-06-24T15:52:35+0530] [PACMAN] Running 'pacman -Rns libvirt virt-manager qemu-full dnsmasq dmidecode'
[2026-06-24T15:52:36+0530] [ALPM] running 'texinfo-remove.hook'...
[2026-06-24T15:52:37+0530] [ALPM] transaction started
[2026-06-24T15:52:37+0530] [ALPM] removed dmidecode (3.7-1)
[2026-06-24T15:52:37+0530] [ALPM] removed dnsmasq (2.93-1)
[2026-06-24T15:52:37+0530] [ALPM] removed qemu-full (11.0.1-1)
[2026-06-24T15:52:37+0530] [ALPM] removed qemu-vmsr-helper (11.0.1-1)
[2026-06-24T15:52:37+0530] [ALPM] removed qemu-tools (11.0.1-1)
[2026-06-24T15:52:37+0530] [ALPM] removed qemu-tests (11.0.1-1)
[2026-06-24T15:52:37+0530] [ALPM] removed qemu-pr-helper (11.0.1-1)
[2026-06-24T15:52:37+0530] [ALPM] removed multipath-tools (0.14.3-1)
[2026-06-24T15:52:37+0530] [ALPM] removed qemu-hw-s390x-virtio-gpu-ccw (11.0.1-1)
[2026-06-24T15:52:37+0530] [ALPM] removed qemu-emulators-full (11.0.1-1)
[2026-06-24T15:52:37+0530] [ALPM] removed qemu-system-xtensa (11.0.1-1)
[2026-06-24T15:52:37+0530] [ALPM] removed qemu-system-tricore (11.0.1-1)
[2026-06-24T15:52:37+0530] [ALPM] removed qemu-system-sparc (11.0.1-1)
[2026-06-24T15:52:37+0530] [ALPM] removed qemu-system-sparc-firmware (11.0.1-1)
[2026-06-24T15:52:37+0530] [ALPM] removed qemu-system-sh4 (11.0.1-1)
[2026-06-24T15:52:37+0530] [ALPM] removed qemu-system-s390x (11.0.1-1)
[2026-06-24T15:52:37+0530] [ALPM] removed qemu-system-s390x-firmware (11.0.1-1)
[2026-06-24T15:52:37+0530] [ALPM] removed qemu-system-rx (11.0.1-1)
[2026-06-24T15:52:37+0530] [ALPM] removed qemu-system-riscv (11.0.1-1)
[2026-06-24T15:52:37+0530] [ALPM] removed qemu-system-riscv-firmware (11.0.1-1)
[2026-06-24T15:52:37+0530] [ALPM] removed edk2-riscv64 (202605-1)
[2026-06-24T15:52:37+0530] [ALPM] removed qemu-system-ppc (11.0.1-1)
[2026-06-24T15:52:37+0530] [ALPM] removed qemu-system-ppc-firmware (11.0.1-1)
[2026-06-24T15:52:37+0530] [ALPM] removed qemu-system-or1k (11.0.1-1)
[2026-06-24T15:52:37+0530] [ALPM] removed qemu-system-mips (11.0.1-1)
[2026-06-24T15:52:37+0530] [ALPM] removed qemu-system-microblaze (11.0.1-1)
[2026-06-24T15:52:37+0530] [ALPM] removed qemu-system-microblaze-firmware (11.0.1-1)
[2026-06-24T15:52:37+0530] [ALPM] removed qemu-system-m68k (11.0.1-1)
[2026-06-24T15:52:37+0530] [ALPM] removed qemu-system-loongarch64 (11.0.1-1)
[2026-06-24T15:52:37+0530] [ALPM] removed qemu-system-hppa (11.0.1-1)
[2026-06-24T15:52:37+0530] [ALPM] removed qemu-system-hppa-firmware (11.0.1-1)
[2026-06-24T15:52:37+0530] [ALPM] removed qemu-system-avr (11.0.1-1)
[2026-06-24T15:52:37+0530] [ALPM] removed qemu-system-arm (11.0.1-1)
[2026-06-24T15:52:37+0530] [ALPM] removed qemu-system-arm-firmware (11.0.1-1)
[2026-06-24T15:52:37+0530] [ALPM] removed qemu-system-alpha (11.0.1-1)
[2026-06-24T15:52:37+0530] [ALPM] removed qemu-system-alpha-firmware (11.0.1-1)
[2026-06-24T15:52:37+0530] [ALPM] removed qemu-system-aarch64 (11.0.1-1)
[2026-06-24T15:52:37+0530] [ALPM] removed edk2-aarch64 (202605-1)
[2026-06-24T15:52:37+0530] [ALPM] removed qemu-user (11.0.1-1)
[2026-06-24T15:52:37+0530] [ALPM] removed qemu-docs (11.0.1-1)
[2026-06-24T15:52:37+0530] [ALPM] removed qemu-desktop (11.0.1-1)
[2026-06-24T15:52:37+0530] [ALPM] removed qemu-vhost-user-gpu (11.0.1-1)
[2026-06-24T15:52:37+0530] [ALPM] removed qemu-ui-spice-app (11.0.1-1)
[2026-06-24T15:52:37+0530] [ALPM] removed qemu-ui-sdl (11.0.1-1)
[2026-06-24T15:52:37+0530] [ALPM] removed sdl2_image (2.8.12-1)
[2026-06-24T15:52:37+0530] [ALPM] removed qemu-ui-gtk (11.0.1-1)
[2026-06-24T15:52:37+0530] [ALPM] removed qemu-ui-egl-headless (11.0.1-1)
[2026-06-24T15:52:37+0530] [ALPM] removed qemu-ui-dbus (11.0.1-1)
[2026-06-24T15:52:37+0530] [ALPM] removed qemu-ui-curses (11.0.1-1)
[2026-06-24T15:52:37+0530] [ALPM] removed qemu-hw-usb-smartcard (11.0.1-1)
[2026-06-24T15:52:37+0530] [ALPM] removed qemu-hw-usb-redirect (11.0.1-1)
[2026-06-24T15:52:37+0530] [ALPM] removed qemu-hw-usb-host (11.0.1-1)
[2026-06-24T15:52:37+0530] [ALPM] removed qemu-hw-uefi-vars (11.0.1-1)
[2026-06-24T15:52:37+0530] [ALPM] removed qemu-hw-display-virtio-vga-rutabaga (11.0.1-1)
[2026-06-24T15:52:37+0530] [ALPM] removed qemu-hw-display-virtio-vga-gl (11.0.1-1)
[2026-06-24T15:52:37+0530] [ALPM] removed qemu-hw-display-virtio-vga (11.0.1-1)
[2026-06-24T15:52:37+0530] [ALPM] removed qemu-hw-display-virtio-gpu-rutabaga (11.0.1-1)
[2026-06-24T15:52:37+0530] [ALPM] removed rutabaga-ffi (0.1.75-1)
[2026-06-24T15:52:37+0530] [ALPM] removed gfxstream (0.1.2-2)
[2026-06-24T15:52:37+0530] [ALPM] removed libaemu (0.1.2-5)
[2026-06-24T15:52:37+0530] [ALPM] removed glm (1.0.3-1)
[2026-06-24T15:52:37+0530] [ALPM] removed qemu-hw-display-virtio-gpu-pci-rutabaga (11.0.1-1)
[2026-06-24T15:52:37+0530] [ALPM] removed qemu-hw-display-virtio-gpu-pci-gl (11.0.1-1)
[2026-06-24T15:52:37+0530] [ALPM] removed qemu-hw-display-virtio-gpu-pci (11.0.1-1)
[2026-06-24T15:52:37+0530] [ALPM] removed qemu-hw-display-virtio-gpu-gl (11.0.1-1)
[2026-06-24T15:52:37+0530] [ALPM] removed virglrenderer (1.3.0-2)
[2026-06-24T15:52:37+0530] [ALPM] removed qemu-hw-display-virtio-gpu (11.0.1-1)
[2026-06-24T15:52:37+0530] [ALPM] removed qemu-hw-display-qxl (11.0.1-1)
[2026-06-24T15:52:37+0530] [ALPM] removed qemu-chardev-spice (11.0.1-1)
[2026-06-24T15:52:37+0530] [ALPM] removed qemu-block-ssh (11.0.1-1)
[2026-06-24T15:52:37+0530] [ALPM] removed qemu-block-nfs (11.0.1-1)
[2026-06-24T15:52:37+0530] [ALPM] removed libnfs (6.0.2-5)
[2026-06-24T15:52:37+0530] [ALPM] removed qemu-block-dmg (11.0.1-1)
[2026-06-24T15:52:37+0530] [ALPM] removed qemu-block-curl (11.0.1-1)
[2026-06-24T15:52:37+0530] [ALPM] removed qemu-base (11.0.1-1)
[2026-06-24T15:52:37+0530] [ALPM] removed virtiofsd (1.13.3-1)
[2026-06-24T15:52:37+0530] [ALPM] removed qemu-img (11.0.1-1)
[2026-06-24T15:52:37+0530] [ALPM] removed qemu-system-x86 (11.0.1-1)
[2026-06-24T15:52:37+0530] [ALPM] removed seabios (1.17.0-2)
[2026-06-24T15:52:37+0530] [ALPM] removed qemu-system-x86-firmware (11.0.1-1)
[2026-06-24T15:52:37+0530] [ALPM] removed libcbor (0.14.0-1)
[2026-06-24T15:52:37+0530] [ALPM] removed edk2-ovmf (202605-1)
[2026-06-24T15:52:37+0530] [ALPM] removed vde2 (2.3.3-8)
[2026-06-24T15:52:37+0530] [ALPM] removed wolfssl (5.9.1-1)
[2026-06-24T15:52:37+0530] [ALPM] removed rdma-core (63.0-2)
[2026-06-24T15:52:37+0530] [ALPM] removed ndctl (84-1)
[2026-06-24T15:52:37+0530] [ALPM] removed libtracefs (1.8.3-1)
[2026-06-24T15:52:37+0530] [ALPM] removed libtraceevent (1:1.9.0-1)
[2026-06-24T15:52:37+0530] [ALPM] removed iniparser (4.2.6-2)
[2026-06-24T15:52:37+0530] [ALPM] removed libxdp (1.6.3-1)
[2026-06-24T15:52:37+0530] [ALPM] removed libslirp (4.9.3-1)
[2026-06-24T15:52:37+0530] [ALPM] removed dtc (1:1.7.2-1)
[2026-06-24T15:52:37+0530] [ALPM] removed capstone (5.0.9-1)
[2026-06-24T15:52:37+0530] [ALPM] removed qemu-audio-pipewire (11.0.1-1)
[2026-06-24T15:52:37+0530] [ALPM] removed qemu-chardev-baum (11.0.1-1)
[2026-06-24T15:52:37+0530] [ALPM] removed brltty (6.9.1-3)
[2026-06-24T15:52:37+0530] [ALPM-SCRIPTLET] removed '/etc/brlapi.key'
[2026-06-24T15:52:37+0530] [ALPM] removed libspeechd (0.12.1-3)
[2026-06-24T15:52:37+0530] [ALPM] removed liblouis (3.38.0-1)
[2026-06-24T15:52:37+0530] [ALPM] removed libyaml (0.2.5-3)
[2026-06-24T15:52:37+0530] [ALPM] removed espeak-ng (1.52.0-1)
[2026-06-24T15:52:37+0530] [ALPM] removed pcaudiolib (1.3-1)
[2026-06-24T15:52:37+0530] [ALPM] removed libsonic (0.2.0-2)
[2026-06-24T15:52:37+0530] [ALPM] removed qemu-block-iscsi (11.0.1-1)
[2026-06-24T15:52:37+0530] [ALPM] removed libiscsi (1.20.3-1)
[2026-06-24T15:52:37+0530] [ALPM] removed qemu-block-gluster (11.0.1-1)
[2026-06-24T15:52:37+0530] [ALPM] removed glusterfs (1:11.2-2)
[2026-06-24T15:52:37+0530] [ALPM] removed rpcbind (1.2.9-1)
[2026-06-24T15:52:37+0530] [ALPM] removed libaio (0.3.113-4)
[2026-06-24T15:52:37+0530] [ALPM] removed qemu-audio-spice (11.0.1-1)
[2026-06-24T15:52:37+0530] [ALPM] removed qemu-ui-spice-core (11.0.1-1)
[2026-06-24T15:52:37+0530] [ALPM] removed qemu-ui-opengl (11.0.1-1)
[2026-06-24T15:52:37+0530] [ALPM] removed spice (0.16.0-2)
[2026-06-24T15:52:37+0530] [ALPM] removed qemu-audio-sdl (11.0.1-1)
[2026-06-24T15:52:37+0530] [ALPM] removed qemu-audio-pa (11.0.1-1)
[2026-06-24T15:52:37+0530] [ALPM] removed qemu-audio-oss (11.0.1-1)
[2026-06-24T15:52:37+0530] [ALPM] removed qemu-audio-jack (11.0.1-1)
[2026-06-24T15:52:37+0530] [ALPM] removed qemu-audio-dbus (11.0.1-1)
[2026-06-24T15:52:37+0530] [ALPM] removed qemu-audio-alsa (11.0.1-1)
[2026-06-24T15:52:37+0530] [ALPM] removed qemu-common (11.0.1-1)
[2026-06-24T15:52:37+0530] [ALPM] removed virt-manager (5.1.0-3)
[2026-06-24T15:52:37+0530] [ALPM] removed vte3 (0.84.0-1)
[2026-06-24T15:52:37+0530] [ALPM] removed vte-common (0.84.0-1)
[2026-06-24T15:52:37+0530] [ALPM] removed virt-install (5.1.0-3)
[2026-06-24T15:52:37+0530] [ALPM] removed libvirt-python (1:12.4.0-1)
[2026-06-24T15:52:37+0530] [ALPM] removed libisoburn (1.5.8.2-1)
[2026-06-24T15:52:37+0530] [ALPM] removed libisofs (1.5.8.2-1)
[2026-06-24T15:52:37+0530] [ALPM] removed libburn (1.5.8-1)
[2026-06-24T15:52:37+0530] [ALPM] removed spice-gtk (0.42-5)
[2026-06-24T15:52:37+0530] [ALPM] removed usbredir (0.15.0-1)
[2026-06-24T15:52:37+0530] [ALPM] removed spice-protocol (0.14.5-1)
[2026-06-24T15:52:37+0530] [ALPM] removed phodav (3.0-4)
[2026-06-24T15:52:37+0530] [ALPM] removed libcacard (2.8.1-1)
[2026-06-24T15:52:37+0530] [ALPM] removed gst-plugins-good (1.28.4-2)
[2026-06-24T15:52:37+0530] [ALPM] removed wavpack (5.9.0-1)
[2026-06-24T15:52:37+0530] [ALPM] removed libdv (1.0.0-12)
[2026-06-24T15:52:37+0530] [ALPM] removed libcaca (0.99.beta20-7)
[2026-06-24T15:52:37+0530] [ALPM] removed aalib (1.4rc5-19)
[2026-06-24T15:52:37+0530] [ALPM] removed gst-plugins-base (1.28.4-2)
[2026-06-24T15:52:37+0530] [ALPM] removed cdparanoia (10.2-9)
[2026-06-24T15:52:37+0530] [ALPM] removed libvirt-glib (5.0.0-3)
[2026-06-24T15:52:37+0530] [ALPM] removed gtksourceview4 (4.8.4-2)
[2026-06-24T15:52:37+0530] [ALPM] removed gtk-vnc (1.5.0-1)
[2026-06-24T15:52:37+0530] [ALPM] removed libvirt (1:12.4.0-1)
[2026-06-24T15:52:37+0530] [ALPM] removed numactl (2.0.19-1)
[2026-06-24T15:52:37+0530] [ALPM] removed libnbd (1.24.2-3)
[2026-06-24T15:52:37+0530] [ALPM] transaction completed
[2026-06-24T15:52:37+0530] [ALPM] running '30-systemd-daemon-reload-system.hook'...
[2026-06-24T15:52:38+0530] [ALPM] running '30-systemd-daemon-reload-user.hook'...
[2026-06-24T15:52:38+0530] [ALPM] running '35-systemd-udev-reload.hook'...
[2026-06-24T15:52:38+0530] [ALPM] running '35-systemd-update.hook'...
[2026-06-24T15:52:38+0530] [ALPM] running 'dbus-reload.hook'...
[2026-06-24T15:52:38+0530] [ALPM] running 'glib-compile-schemas.hook'...
[2026-06-24T15:52:38+0530] [ALPM] running 'gtk-update-icon-cache.hook'...
[2026-06-24T15:52:38+0530] [ALPM] running 'update-desktop-database.hook'...
[2026-06-24T15:52:45+0530] [PACMAN] Running 'pacman -S libvirt virt-manager qemu-full dnsmasq dmidecode'
[2026-06-24T15:53:17+0530] [ALPM] transaction started
[2026-06-24T15:53:17+0530] [ALPM] installed libnbd (1.24.2-3)
[2026-06-24T15:53:17+0530] [ALPM] installed numactl (2.0.19-1)
[2026-06-24T15:53:18+0530] [ALPM] installed libvirt (1:12.4.0-1)
[2026-06-24T15:53:18+0530] [ALPM] installed libburn (1.5.8-1)
[2026-06-24T15:53:18+0530] [ALPM] installed libisofs (1.5.8.2-1)
[2026-06-24T15:53:18+0530] [ALPM] installed libisoburn (1.5.8.2-1)
[2026-06-24T15:53:18+0530] [ALPM] installed libvirt-python (1:12.4.0-1)
[2026-06-24T15:53:18+0530] [ALPM] installed virt-install (5.1.0-3)
[2026-06-24T15:53:18+0530] [ALPM] installed gtk-vnc (1.5.0-1)
[2026-06-24T15:53:18+0530] [ALPM] installed libvirt-glib (5.0.0-3)
[2026-06-24T15:53:18+0530] [ALPM] installed cdparanoia (10.2-9)
[2026-06-24T15:53:18+0530] [ALPM] installed gst-plugins-base (1.28.4-2)
[2026-06-24T15:53:18+0530] [ALPM] installed aalib (1.4rc5-19)
[2026-06-24T15:53:18+0530] [ALPM] installed libcaca (0.99.beta20-7)
[2026-06-24T15:53:18+0530] [ALPM] installed libdv (1.0.0-12)
[2026-06-24T15:53:18+0530] [ALPM] installed wavpack (5.9.0-1)
[2026-06-24T15:53:18+0530] [ALPM] installed gst-plugins-good (1.28.4-2)
[2026-06-24T15:53:18+0530] [ALPM] installed libcacard (2.8.1-1)
[2026-06-24T15:53:18+0530] [ALPM] installed phodav (3.0-4)
[2026-06-24T15:53:18+0530] [ALPM] installed spice-protocol (0.14.5-1)
[2026-06-24T15:53:18+0530] [ALPM] installed usbredir (0.15.0-1)
[2026-06-24T15:53:18+0530] [ALPM] installed spice-gtk (0.42-5)
[2026-06-24T15:53:18+0530] [ALPM] installed vte-common (0.84.0-1)
[2026-06-24T15:53:18+0530] [ALPM] installed vte3 (0.84.0-1)
[2026-06-24T15:53:18+0530] [ALPM] installed gtksourceview4 (4.8.4-2)
[2026-06-24T15:53:18+0530] [ALPM] installed virt-manager (5.1.0-3)
[2026-06-24T15:53:18+0530] [ALPM] installed qemu-common (11.0.1-1)
[2026-06-24T15:53:18+0530] [ALPM] installed qemu-audio-alsa (11.0.1-1)
[2026-06-24T15:53:18+0530] [ALPM] installed qemu-audio-dbus (11.0.1-1)
[2026-06-24T15:53:18+0530] [ALPM] installed qemu-audio-jack (11.0.1-1)
[2026-06-24T15:53:18+0530] [ALPM] installed qemu-audio-oss (11.0.1-1)
[2026-06-24T15:53:18+0530] [ALPM] installed qemu-audio-pa (11.0.1-1)
[2026-06-24T15:53:18+0530] [ALPM] installed qemu-audio-sdl (11.0.1-1)
[2026-06-24T15:53:18+0530] [ALPM] installed qemu-ui-opengl (11.0.1-1)
[2026-06-24T15:53:18+0530] [ALPM] installed spice (0.16.0-2)
[2026-06-24T15:53:18+0530] [ALPM] installed qemu-ui-spice-core (11.0.1-1)
[2026-06-24T15:53:18+0530] [ALPM] installed qemu-audio-spice (11.0.1-1)
[2026-06-24T15:53:18+0530] [ALPM] installed libaio (0.3.113-4)
[2026-06-24T15:53:18+0530] [ALPM] installed rpcbind (1.2.9-1)
[2026-06-24T15:53:18+0530] [ALPM] installed glusterfs (1:11.2-2)
[2026-06-24T15:53:18+0530] [ALPM] installed qemu-block-gluster (11.0.1-1)
[2026-06-24T15:53:18+0530] [ALPM] installed libiscsi (1.20.3-1)
[2026-06-24T15:53:18+0530] [ALPM] installed qemu-block-iscsi (11.0.1-1)
[2026-06-24T15:53:18+0530] [ALPM] installed pcaudiolib (1.3-1)
[2026-06-24T15:53:18+0530] [ALPM] installed libsonic (0.2.0-2)
[2026-06-24T15:53:18+0530] [ALPM] installed espeak-ng (1.52.0-1)
[2026-06-24T15:53:18+0530] [ALPM] installed libyaml (0.2.5-3)
[2026-06-24T15:53:18+0530] [ALPM] installed liblouis (3.38.0-1)
[2026-06-24T15:53:18+0530] [ALPM] installed libspeechd (0.12.1-3)
[2026-06-24T15:53:18+0530] [ALPM] installed brltty (6.9.1-3)
[2026-06-24T15:53:18+0530] [ALPM-SCRIPTLET] brltty-genkey: key generated
[2026-06-24T15:53:18+0530] [ALPM-SCRIPTLET] Please add your user to the brlapi group.
[2026-06-24T15:53:18+0530] [ALPM] installed qemu-chardev-baum (11.0.1-1)
[2026-06-24T15:53:18+0530] [ALPM] installed qemu-img (11.0.1-1)
[2026-06-24T15:53:18+0530] [ALPM] installed capstone (5.0.9-1)
[2026-06-24T15:53:18+0530] [ALPM] installed libslirp (4.9.3-1)
[2026-06-24T15:53:18+0530] [ALPM] installed libxdp (1.6.3-1)
[2026-06-24T15:53:18+0530] [ALPM] installed iniparser (4.2.6-2)
[2026-06-24T15:53:18+0530] [ALPM] installed libtraceevent (1:1.9.0-1)
[2026-06-24T15:53:18+0530] [ALPM] installed libtracefs (1.8.3-1)
[2026-06-24T15:53:18+0530] [ALPM] installed ndctl (84-1)
[2026-06-24T15:53:18+0530] [ALPM] installed rdma-core (63.0-2)
[2026-06-24T15:53:18+0530] [ALPM] installed wolfssl (5.9.1-1)
[2026-06-24T15:53:18+0530] [ALPM] installed vde2 (2.3.3-8)
[2026-06-24T15:53:18+0530] [ALPM] installed dtc (1:1.7.2-1)
[2026-06-24T15:53:18+0530] [ALPM] installed edk2-ovmf (202605-1)
[2026-06-24T15:53:18+0530] [ALPM] installed libcbor (0.14.0-1)
[2026-06-24T15:53:18+0530] [ALPM] installed qemu-system-x86-firmware (11.0.1-1)
[2026-06-24T15:53:18+0530] [ALPM] installed seabios (1.17.0-2)
[2026-06-24T15:53:18+0530] [ALPM] installed qemu-system-x86 (11.0.1-1)
[2026-06-24T15:53:18+0530] [ALPM] installed virtiofsd (1.13.3-1)
[2026-06-24T15:53:18+0530] [ALPM] installed qemu-base (11.0.1-1)
[2026-06-24T15:53:18+0530] [ALPM] installed qemu-audio-pipewire (11.0.1-1)
[2026-06-24T15:53:18+0530] [ALPM] installed qemu-block-curl (11.0.1-1)
[2026-06-24T15:53:18+0530] [ALPM] installed qemu-block-dmg (11.0.1-1)
[2026-06-24T15:53:18+0530] [ALPM] installed libnfs (6.0.2-5)
[2026-06-24T15:53:18+0530] [ALPM] installed qemu-block-nfs (11.0.1-1)
[2026-06-24T15:53:18+0530] [ALPM] installed qemu-block-ssh (11.0.1-1)
[2026-06-24T15:53:18+0530] [ALPM] installed qemu-chardev-spice (11.0.1-1)
[2026-06-24T15:53:18+0530] [ALPM] installed qemu-hw-display-qxl (11.0.1-1)
[2026-06-24T15:53:18+0530] [ALPM] installed qemu-hw-display-virtio-gpu (11.0.1-1)
[2026-06-24T15:53:18+0530] [ALPM] installed virglrenderer (1.3.0-2)
[2026-06-24T15:53:18+0530] [ALPM] installed qemu-hw-display-virtio-gpu-gl (11.0.1-1)
[2026-06-24T15:53:18+0530] [ALPM] installed libaemu (0.1.2-5)
[2026-06-24T15:53:18+0530] [ALPM] installed glm (1.0.3-1)
[2026-06-24T15:53:18+0530] [ALPM] installed gfxstream (0.1.2-2)
[2026-06-24T15:53:18+0530] [ALPM] installed rutabaga-ffi (0.1.75-1)
[2026-06-24T15:53:18+0530] [ALPM] installed qemu-hw-display-virtio-gpu-rutabaga (11.0.1-1)
[2026-06-24T15:53:18+0530] [ALPM] installed qemu-hw-display-virtio-gpu-pci (11.0.1-1)
[2026-06-24T15:53:18+0530] [ALPM] installed qemu-hw-display-virtio-gpu-pci-gl (11.0.1-1)
[2026-06-24T15:53:18+0530] [ALPM] installed qemu-hw-display-virtio-gpu-pci-rutabaga (11.0.1-1)
[2026-06-24T15:53:18+0530] [ALPM] installed qemu-hw-display-virtio-vga (11.0.1-1)
[2026-06-24T15:53:18+0530] [ALPM] installed qemu-hw-display-virtio-vga-gl (11.0.1-1)
[2026-06-24T15:53:18+0530] [ALPM] installed qemu-hw-display-virtio-vga-rutabaga (11.0.1-1)
[2026-06-24T15:53:18+0530] [ALPM] installed qemu-hw-uefi-vars (11.0.1-1)
[2026-06-24T15:53:18+0530] [ALPM] installed qemu-hw-usb-host (11.0.1-1)
[2026-06-24T15:53:18+0530] [ALPM] installed qemu-hw-usb-redirect (11.0.1-1)
[2026-06-24T15:53:18+0530] [ALPM] installed qemu-hw-usb-smartcard (11.0.1-1)
[2026-06-24T15:53:18+0530] [ALPM] installed qemu-ui-curses (11.0.1-1)
[2026-06-24T15:53:18+0530] [ALPM] installed qemu-ui-dbus (11.0.1-1)
[2026-06-24T15:53:18+0530] [ALPM] installed qemu-ui-egl-headless (11.0.1-1)
[2026-06-24T15:53:18+0530] [ALPM] installed qemu-ui-gtk (11.0.1-1)
[2026-06-24T15:53:18+0530] [ALPM] installed sdl2_image (2.8.12-1)
[2026-06-24T15:53:18+0530] [ALPM] installed qemu-ui-sdl (11.0.1-1)
[2026-06-24T15:53:18+0530] [ALPM] installed qemu-ui-spice-app (11.0.1-1)
[2026-06-24T15:53:18+0530] [ALPM] installed qemu-vhost-user-gpu (11.0.1-1)
[2026-06-24T15:53:18+0530] [ALPM] installed qemu-desktop (11.0.1-1)
[2026-06-24T15:53:18+0530] [ALPM] installed qemu-docs (11.0.1-1)
[2026-06-24T15:53:19+0530] [ALPM] installed edk2-aarch64 (202605-1)
[2026-06-24T15:53:19+0530] [ALPM] installed qemu-system-aarch64 (11.0.1-1)
[2026-06-24T15:53:19+0530] [ALPM] installed qemu-system-alpha-firmware (11.0.1-1)
[2026-06-24T15:53:19+0530] [ALPM] installed qemu-system-alpha (11.0.1-1)
[2026-06-24T15:53:19+0530] [ALPM] installed qemu-system-arm-firmware (11.0.1-1)
[2026-06-24T15:53:19+0530] [ALPM] installed qemu-system-arm (11.0.1-1)
[2026-06-24T15:53:19+0530] [ALPM] installed qemu-system-avr (11.0.1-1)
[2026-06-24T15:53:19+0530] [ALPM] installed qemu-system-hppa-firmware (11.0.1-1)
[2026-06-24T15:53:19+0530] [ALPM] installed qemu-system-hppa (11.0.1-1)
[2026-06-24T15:53:19+0530] [ALPM] installed qemu-system-loongarch64 (11.0.1-1)
[2026-06-24T15:53:19+0530] [ALPM] installed qemu-system-m68k (11.0.1-1)
[2026-06-24T15:53:19+0530] [ALPM] installed qemu-system-microblaze-firmware (11.0.1-1)
[2026-06-24T15:53:19+0530] [ALPM] installed qemu-system-microblaze (11.0.1-1)
[2026-06-24T15:53:19+0530] [ALPM] installed qemu-system-mips (11.0.1-1)
[2026-06-24T15:53:19+0530] [ALPM] installed qemu-system-or1k (11.0.1-1)
[2026-06-24T15:53:19+0530] [ALPM] installed qemu-system-ppc-firmware (11.0.1-1)
[2026-06-24T15:53:19+0530] [ALPM] installed qemu-system-ppc (11.0.1-1)
[2026-06-24T15:53:19+0530] [ALPM] installed edk2-riscv64 (202605-1)
[2026-06-24T15:53:19+0530] [ALPM] installed qemu-system-riscv-firmware (11.0.1-1)
[2026-06-24T15:53:19+0530] [ALPM] installed qemu-system-riscv (11.0.1-1)
[2026-06-24T15:53:19+0530] [ALPM] installed qemu-system-rx (11.0.1-1)
[2026-06-24T15:53:19+0530] [ALPM] installed qemu-system-s390x-firmware (11.0.1-1)
[2026-06-24T15:53:19+0530] [ALPM] installed qemu-system-s390x (11.0.1-1)
[2026-06-24T15:53:19+0530] [ALPM] installed qemu-system-sh4 (11.0.1-1)
[2026-06-24T15:53:19+0530] [ALPM] installed qemu-system-sparc-firmware (11.0.1-1)
[2026-06-24T15:53:19+0530] [ALPM] installed qemu-system-sparc (11.0.1-1)
[2026-06-24T15:53:19+0530] [ALPM] installed qemu-system-tricore (11.0.1-1)
[2026-06-24T15:53:19+0530] [ALPM] installed qemu-system-xtensa (11.0.1-1)
[2026-06-24T15:53:19+0530] [ALPM] installed qemu-user (11.0.1-1)
[2026-06-24T15:53:19+0530] [ALPM] installed qemu-emulators-full (11.0.1-1)
[2026-06-24T15:53:19+0530] [ALPM] installed qemu-hw-s390x-virtio-gpu-ccw (11.0.1-1)
[2026-06-24T15:53:19+0530] [ALPM] installed multipath-tools (0.14.3-1)
[2026-06-24T15:53:19+0530] [ALPM] installed qemu-pr-helper (11.0.1-1)
[2026-06-24T15:53:19+0530] [ALPM] installed qemu-tests (11.0.1-1)
[2026-06-24T15:53:19+0530] [ALPM] installed qemu-tools (11.0.1-1)
[2026-06-24T15:53:19+0530] [ALPM] installed qemu-vmsr-helper (11.0.1-1)
[2026-06-24T15:53:19+0530] [ALPM] installed qemu-full (11.0.1-1)
[2026-06-24T15:53:19+0530] [ALPM] installed dnsmasq (2.93-1)
[2026-06-24T15:53:19+0530] [ALPM] installed dmidecode (3.7-1)
[2026-06-24T15:53:19+0530] [ALPM] transaction completed
[2026-06-24T15:53:19+0530] [ALPM] running '20-systemd-sysusers.hook'...
[2026-06-24T15:53:19+0530] [ALPM] running '21-systemd-tmpfiles.hook'...
[2026-06-24T15:53:19+0530] [ALPM] running '25-systemd-sysctl.hook'...
[2026-06-24T15:53:20+0530] [ALPM] running '30-systemd-daemon-reload-system.hook'...
[2026-06-24T15:53:20+0530] [ALPM] running '30-systemd-daemon-reload-user.hook'...
[2026-06-24T15:53:20+0530] [ALPM] running '35-systemd-udev-reload.hook'...
[2026-06-24T15:53:21+0530] [ALPM] running '35-systemd-update.hook'...
[2026-06-24T15:53:21+0530] [ALPM] running 'dbus-reload.hook'...
[2026-06-24T15:53:21+0530] [ALPM] running 'glib-compile-schemas.hook'...
[2026-06-24T15:53:21+0530] [ALPM] running 'gtk-update-icon-cache.hook'...
[2026-06-24T15:53:21+0530] [ALPM] running 'texinfo-install.hook'...
[2026-06-24T15:53:21+0530] [ALPM] running 'update-desktop-database.hook'...
[2026-06-24T16:40:50+0530] [PACMAN] Running 'pacman -Rns flameshot'
[2026-06-24T16:40:51+0530] [ALPM] transaction started
[2026-06-24T16:40:51+0530] [ALPM] removed flameshot (14.0.0-1)
[2026-06-24T16:40:51+0530] [ALPM] removed kguiaddons (6.27.0-1)
[2026-06-24T16:40:51+0530] [ALPM] transaction completed
[2026-06-24T16:40:51+0530] [ALPM] running '35-systemd-update.hook'...
[2026-06-24T16:40:51+0530] [ALPM] running 'gtk-update-icon-cache.hook'...
[2026-06-24T16:40:52+0530] [ALPM] running 'update-desktop-database.hook'...
[2026-06-24T16:40:55+0530] [PACMAN] Running 'pacman -S flameshot'
[2026-06-24T16:41:00+0530] [ALPM] transaction started
[2026-06-24T16:41:00+0530] [ALPM] installed kguiaddons (6.27.0-1)
[2026-06-24T16:41:00+0530] [ALPM] installed flameshot (14.0.0-1)
[2026-06-24T16:41:00+0530] [ALPM] transaction completed
[2026-06-24T16:41:00+0530] [ALPM] running '35-systemd-update.hook'...
[2026-06-24T16:41:00+0530] [ALPM] running 'gtk-update-icon-cache.hook'...
[2026-06-24T16:41:00+0530] [ALPM] running 'update-desktop-database.hook'...
[2026-06-24T16:46:38+0530] [PACMAN] Running 'pacman -S xorg-xev'
[2026-06-24T16:46:40+0530] [ALPM] transaction started
[2026-06-24T16:46:40+0530] [ALPM] installed xorg-xev (1.2.7-1)
[2026-06-24T16:46:41+0530] [ALPM] transaction completed
[2026-06-24T16:46:41+0530] [ALPM] running '35-systemd-update.hook'...
[2026-06-24T16:51:54+0530] [PACMAN] Running 'pacman -S strace'
[2026-06-24T16:51:57+0530] [ALPM] transaction started
[2026-06-24T16:51:57+0530] [ALPM] installed strace (7.0-1)
[2026-06-24T16:51:58+0530] [ALPM] transaction completed
[2026-06-24T16:51:58+0530] [ALPM] running '35-systemd-update.hook'...
[2026-06-24T16:51:59+0530] [PACMAN] Running 'pacman -S strace'
[2026-06-24T16:55:07+0530] [PACMAN] Running 'pacman -S xorg-xwd'
[2026-06-24T16:55:09+0530] [ALPM] transaction started
[2026-06-24T16:55:09+0530] [ALPM] installed xorg-xwd (1.0.9-2)
[2026-06-24T16:55:09+0530] [ALPM] transaction completed
[2026-06-24T16:55:09+0530] [ALPM] running '35-systemd-update.hook'...
[2026-06-24T17:05:26+0530] [PACMAN] Running 'pacman -S qemu-full libvirt virt-manager dnsmasq bridge-utils iptables-nft'
[2026-06-24T17:05:41+0530] [PACMAN] Running 'pacman -S libvirt'
[2026-06-24T17:05:43+0530] [ALPM] transaction started
[2026-06-24T17:05:44+0530] [ALPM] reinstalled libvirt (1:12.4.0-1)
[2026-06-24T17:05:44+0530] [ALPM] transaction completed
[2026-06-24T17:05:44+0530] [ALPM] running '20-systemd-sysusers.hook'...
[2026-06-24T17:05:44+0530] [ALPM] running '21-systemd-tmpfiles.hook'...
[2026-06-24T17:05:44+0530] [ALPM] running '25-systemd-sysctl.hook'...
[2026-06-24T17:05:44+0530] [ALPM] running '30-systemd-daemon-reload-system.hook'...
[2026-06-24T17:05:45+0530] [ALPM] running '35-systemd-enqueue-marked.hook'...
[2026-06-24T17:05:45+0530] [ALPM] running '35-systemd-update.hook'...
[2026-06-24T22:22:30+0530] [PACMAN] Running 'pacman -Rns libvirt virt-manager qemu-full dnsmasq dmidecode'
[2026-06-24T22:22:32+0530] [ALPM] running 'texinfo-remove.hook'...
[2026-06-24T22:22:32+0530] [ALPM] transaction started
[2026-06-24T22:22:33+0530] [ALPM] removed dmidecode (3.7-1)
[2026-06-24T22:22:33+0530] [ALPM] removed dnsmasq (2.93-1)
[2026-06-24T22:22:33+0530] [ALPM] removed qemu-full (11.0.1-1)
[2026-06-24T22:22:33+0530] [ALPM] removed qemu-vmsr-helper (11.0.1-1)
[2026-06-24T22:22:33+0530] [ALPM] removed qemu-tools (11.0.1-1)
[2026-06-24T22:22:33+0530] [ALPM] removed qemu-tests (11.0.1-1)
[2026-06-24T22:22:33+0530] [ALPM] removed qemu-pr-helper (11.0.1-1)
[2026-06-24T22:22:33+0530] [ALPM] removed multipath-tools (0.14.3-1)
[2026-06-24T22:22:33+0530] [ALPM] removed qemu-hw-s390x-virtio-gpu-ccw (11.0.1-1)
[2026-06-24T22:22:33+0530] [ALPM] removed qemu-emulators-full (11.0.1-1)
[2026-06-24T22:22:33+0530] [ALPM] removed qemu-system-xtensa (11.0.1-1)
[2026-06-24T22:22:33+0530] [ALPM] removed qemu-system-tricore (11.0.1-1)
[2026-06-24T22:22:33+0530] [ALPM] removed qemu-system-sparc (11.0.1-1)
[2026-06-24T22:22:33+0530] [ALPM] removed qemu-system-sparc-firmware (11.0.1-1)
[2026-06-24T22:22:33+0530] [ALPM] removed qemu-system-sh4 (11.0.1-1)
[2026-06-24T22:22:33+0530] [ALPM] removed qemu-system-s390x (11.0.1-1)
[2026-06-24T22:22:33+0530] [ALPM] removed qemu-system-s390x-firmware (11.0.1-1)
[2026-06-24T22:22:33+0530] [ALPM] removed qemu-system-rx (11.0.1-1)
[2026-06-24T22:22:33+0530] [ALPM] removed qemu-system-riscv (11.0.1-1)
[2026-06-24T22:22:33+0530] [ALPM] removed qemu-system-riscv-firmware (11.0.1-1)
[2026-06-24T22:22:33+0530] [ALPM] removed edk2-riscv64 (202605-1)
[2026-06-24T22:22:33+0530] [ALPM] removed qemu-system-ppc (11.0.1-1)
[2026-06-24T22:22:33+0530] [ALPM] removed qemu-system-ppc-firmware (11.0.1-1)
[2026-06-24T22:22:33+0530] [ALPM] removed qemu-system-or1k (11.0.1-1)
[2026-06-24T22:22:33+0530] [ALPM] removed qemu-system-mips (11.0.1-1)
[2026-06-24T22:22:33+0530] [ALPM] removed qemu-system-microblaze (11.0.1-1)
[2026-06-24T22:22:33+0530] [ALPM] removed qemu-system-microblaze-firmware (11.0.1-1)
[2026-06-24T22:22:33+0530] [ALPM] removed qemu-system-m68k (11.0.1-1)
[2026-06-24T22:22:33+0530] [ALPM] removed qemu-system-loongarch64 (11.0.1-1)
[2026-06-24T22:22:33+0530] [ALPM] removed qemu-system-hppa (11.0.1-1)
[2026-06-24T22:22:33+0530] [ALPM] removed qemu-system-hppa-firmware (11.0.1-1)
[2026-06-24T22:22:33+0530] [ALPM] removed qemu-system-avr (11.0.1-1)
[2026-06-24T22:22:33+0530] [ALPM] removed qemu-system-arm (11.0.1-1)
[2026-06-24T22:22:33+0530] [ALPM] removed qemu-system-arm-firmware (11.0.1-1)
[2026-06-24T22:22:33+0530] [ALPM] removed qemu-system-alpha (11.0.1-1)
[2026-06-24T22:22:33+0530] [ALPM] removed qemu-system-alpha-firmware (11.0.1-1)
[2026-06-24T22:22:33+0530] [ALPM] removed qemu-system-aarch64 (11.0.1-1)
[2026-06-24T22:22:33+0530] [ALPM] removed edk2-aarch64 (202605-1)
[2026-06-24T22:22:33+0530] [ALPM] removed qemu-user (11.0.1-1)
[2026-06-24T22:22:33+0530] [ALPM] removed qemu-docs (11.0.1-1)
[2026-06-24T22:22:33+0530] [ALPM] removed qemu-desktop (11.0.1-1)
[2026-06-24T22:22:33+0530] [ALPM] removed qemu-vhost-user-gpu (11.0.1-1)
[2026-06-24T22:22:33+0530] [ALPM] removed qemu-ui-spice-app (11.0.1-1)
[2026-06-24T22:22:33+0530] [ALPM] removed qemu-ui-sdl (11.0.1-1)
[2026-06-24T22:22:33+0530] [ALPM] removed sdl2_image (2.8.12-1)
[2026-06-24T22:22:33+0530] [ALPM] removed qemu-ui-gtk (11.0.1-1)
[2026-06-24T22:22:33+0530] [ALPM] removed qemu-ui-egl-headless (11.0.1-1)
[2026-06-24T22:22:33+0530] [ALPM] removed qemu-ui-dbus (11.0.1-1)
[2026-06-24T22:22:33+0530] [ALPM] removed qemu-ui-curses (11.0.1-1)
[2026-06-24T22:22:33+0530] [ALPM] removed qemu-hw-usb-smartcard (11.0.1-1)
[2026-06-24T22:22:33+0530] [ALPM] removed qemu-hw-usb-redirect (11.0.1-1)
[2026-06-24T22:22:33+0530] [ALPM] removed qemu-hw-usb-host (11.0.1-1)
[2026-06-24T22:22:33+0530] [ALPM] removed qemu-hw-uefi-vars (11.0.1-1)
[2026-06-24T22:22:33+0530] [ALPM] removed qemu-hw-display-virtio-vga-rutabaga (11.0.1-1)
[2026-06-24T22:22:33+0530] [ALPM] removed qemu-hw-display-virtio-vga-gl (11.0.1-1)
[2026-06-24T22:22:33+0530] [ALPM] removed qemu-hw-display-virtio-vga (11.0.1-1)
[2026-06-24T22:22:33+0530] [ALPM] removed qemu-hw-display-virtio-gpu-rutabaga (11.0.1-1)
[2026-06-24T22:22:33+0530] [ALPM] removed rutabaga-ffi (0.1.75-1)
[2026-06-24T22:22:33+0530] [ALPM] removed gfxstream (0.1.2-2)
[2026-06-24T22:22:33+0530] [ALPM] removed libaemu (0.1.2-5)
[2026-06-24T22:22:33+0530] [ALPM] removed glm (1.0.3-1)
[2026-06-24T22:22:33+0530] [ALPM] removed qemu-hw-display-virtio-gpu-pci-rutabaga (11.0.1-1)
[2026-06-24T22:22:33+0530] [ALPM] removed qemu-hw-display-virtio-gpu-pci-gl (11.0.1-1)
[2026-06-24T22:22:33+0530] [ALPM] removed qemu-hw-display-virtio-gpu-pci (11.0.1-1)
[2026-06-24T22:22:33+0530] [ALPM] removed qemu-hw-display-virtio-gpu-gl (11.0.1-1)
[2026-06-24T22:22:33+0530] [ALPM] removed virglrenderer (1.3.0-2)
[2026-06-24T22:22:33+0530] [ALPM] removed qemu-hw-display-virtio-gpu (11.0.1-1)
[2026-06-24T22:22:33+0530] [ALPM] removed qemu-hw-display-qxl (11.0.1-1)
[2026-06-24T22:22:33+0530] [ALPM] removed qemu-chardev-spice (11.0.1-1)
[2026-06-24T22:22:33+0530] [ALPM] removed qemu-block-ssh (11.0.1-1)
[2026-06-24T22:22:33+0530] [ALPM] removed qemu-block-nfs (11.0.1-1)
[2026-06-24T22:22:33+0530] [ALPM] removed libnfs (6.0.2-5)
[2026-06-24T22:22:33+0530] [ALPM] removed qemu-block-dmg (11.0.1-1)
[2026-06-24T22:22:33+0530] [ALPM] removed qemu-block-curl (11.0.1-1)
[2026-06-24T22:22:33+0530] [ALPM] removed qemu-base (11.0.1-1)
[2026-06-24T22:22:33+0530] [ALPM] removed virtiofsd (1.13.3-1)
[2026-06-24T22:22:33+0530] [ALPM] removed qemu-img (11.0.1-1)
[2026-06-24T22:22:33+0530] [ALPM] removed qemu-system-x86 (11.0.1-1)
[2026-06-24T22:22:33+0530] [ALPM] removed seabios (1.17.0-2)
[2026-06-24T22:22:33+0530] [ALPM] removed qemu-system-x86-firmware (11.0.1-1)
[2026-06-24T22:22:33+0530] [ALPM] removed libcbor (0.14.0-1)
[2026-06-24T22:22:33+0530] [ALPM] removed edk2-ovmf (202605-1)
[2026-06-24T22:22:33+0530] [ALPM] removed vde2 (2.3.3-8)
[2026-06-24T22:22:33+0530] [ALPM] removed wolfssl (5.9.1-1)
[2026-06-24T22:22:33+0530] [ALPM] removed rdma-core (63.0-2)
[2026-06-24T22:22:33+0530] [ALPM] removed ndctl (84-1)
[2026-06-24T22:22:33+0530] [ALPM] removed libtracefs (1.8.3-1)
[2026-06-24T22:22:33+0530] [ALPM] removed libtraceevent (1:1.9.0-1)
[2026-06-24T22:22:33+0530] [ALPM] removed iniparser (4.2.6-2)
[2026-06-24T22:22:33+0530] [ALPM] removed libxdp (1.6.3-1)
[2026-06-24T22:22:33+0530] [ALPM] removed libslirp (4.9.3-1)
[2026-06-24T22:22:33+0530] [ALPM] removed dtc (1:1.7.2-1)
[2026-06-24T22:22:33+0530] [ALPM] removed capstone (5.0.9-1)
[2026-06-24T22:22:33+0530] [ALPM] removed qemu-audio-pipewire (11.0.1-1)
[2026-06-24T22:22:33+0530] [ALPM] removed qemu-chardev-baum (11.0.1-1)
[2026-06-24T22:22:34+0530] [ALPM] removed brltty (6.9.1-3)
[2026-06-24T22:22:34+0530] [ALPM-SCRIPTLET] removed '/etc/brlapi.key'
[2026-06-24T22:22:34+0530] [ALPM] removed libspeechd (0.12.1-3)
[2026-06-24T22:22:34+0530] [ALPM] removed liblouis (3.38.0-1)
[2026-06-24T22:22:34+0530] [ALPM] removed libyaml (0.2.5-3)
[2026-06-24T22:22:34+0530] [ALPM] removed espeak-ng (1.52.0-1)
[2026-06-24T22:22:34+0530] [ALPM] removed pcaudiolib (1.3-1)
[2026-06-24T22:22:34+0530] [ALPM] removed libsonic (0.2.0-2)
[2026-06-24T22:22:34+0530] [ALPM] removed qemu-block-iscsi (11.0.1-1)
[2026-06-24T22:22:34+0530] [ALPM] removed libiscsi (1.20.3-1)
[2026-06-24T22:22:34+0530] [ALPM] removed qemu-block-gluster (11.0.1-1)
[2026-06-24T22:22:34+0530] [ALPM] removed glusterfs (1:11.2-2)
[2026-06-24T22:22:34+0530] [ALPM] removed rpcbind (1.2.9-1)
[2026-06-24T22:22:34+0530] [ALPM] removed libaio (0.3.113-4)
[2026-06-24T22:22:34+0530] [ALPM] removed qemu-audio-spice (11.0.1-1)
[2026-06-24T22:22:34+0530] [ALPM] removed qemu-ui-spice-core (11.0.1-1)
[2026-06-24T22:22:34+0530] [ALPM] removed qemu-ui-opengl (11.0.1-1)
[2026-06-24T22:22:34+0530] [ALPM] removed spice (0.16.0-2)
[2026-06-24T22:22:34+0530] [ALPM] removed qemu-audio-sdl (11.0.1-1)
[2026-06-24T22:22:34+0530] [ALPM] removed qemu-audio-pa (11.0.1-1)
[2026-06-24T22:22:34+0530] [ALPM] removed qemu-audio-oss (11.0.1-1)
[2026-06-24T22:22:34+0530] [ALPM] removed qemu-audio-jack (11.0.1-1)
[2026-06-24T22:22:34+0530] [ALPM] removed qemu-audio-dbus (11.0.1-1)
[2026-06-24T22:22:34+0530] [ALPM] removed qemu-audio-alsa (11.0.1-1)
[2026-06-24T22:22:34+0530] [ALPM] removed qemu-common (11.0.1-1)
[2026-06-24T22:22:34+0530] [ALPM] removed virt-manager (5.1.0-3)
[2026-06-24T22:22:34+0530] [ALPM] removed vte3 (0.84.0-1)
[2026-06-24T22:22:34+0530] [ALPM] removed vte-common (0.84.0-1)
[2026-06-24T22:22:34+0530] [ALPM] removed virt-install (5.1.0-3)
[2026-06-24T22:22:34+0530] [ALPM] removed libvirt-python (1:12.4.0-1)
[2026-06-24T22:22:34+0530] [ALPM] removed libisoburn (1.5.8.2-1)
[2026-06-24T22:22:34+0530] [ALPM] removed libisofs (1.5.8.2-1)
[2026-06-24T22:22:34+0530] [ALPM] removed libburn (1.5.8-1)
[2026-06-24T22:22:34+0530] [ALPM] removed spice-gtk (0.42-5)
[2026-06-24T22:22:34+0530] [ALPM] removed usbredir (0.15.0-1)
[2026-06-24T22:22:34+0530] [ALPM] removed spice-protocol (0.14.5-1)
[2026-06-24T22:22:34+0530] [ALPM] removed phodav (3.0-4)
[2026-06-24T22:22:34+0530] [ALPM] removed libcacard (2.8.1-1)
[2026-06-24T22:22:34+0530] [ALPM] removed gst-plugins-good (1.28.4-2)
[2026-06-24T22:22:34+0530] [ALPM] removed wavpack (5.9.0-1)
[2026-06-24T22:22:34+0530] [ALPM] removed libdv (1.0.0-12)
[2026-06-24T22:22:34+0530] [ALPM] removed libcaca (0.99.beta20-7)
[2026-06-24T22:22:34+0530] [ALPM] removed aalib (1.4rc5-19)
[2026-06-24T22:22:34+0530] [ALPM] removed gst-plugins-base (1.28.4-2)
[2026-06-24T22:22:34+0530] [ALPM] removed cdparanoia (10.2-9)
[2026-06-24T22:22:34+0530] [ALPM] removed libvirt-glib (5.0.0-3)
[2026-06-24T22:22:34+0530] [ALPM] removed gtksourceview4 (4.8.4-2)
[2026-06-24T22:22:34+0530] [ALPM] removed gtk-vnc (1.5.0-1)
[2026-06-24T22:22:34+0530] [ALPM] removed libvirt (1:12.4.0-1)
[2026-06-24T22:22:34+0530] [ALPM] removed numactl (2.0.19-1)
[2026-06-24T22:22:34+0530] [ALPM] removed libnbd (1.24.2-3)
[2026-06-24T22:22:34+0530] [ALPM] transaction completed
[2026-06-24T22:22:35+0530] [ALPM] running '30-systemd-daemon-reload-system.hook'...
[2026-06-24T22:22:35+0530] [ALPM] running '30-systemd-daemon-reload-user.hook'...
[2026-06-24T22:22:36+0530] [ALPM] running '35-systemd-udev-reload.hook'...
[2026-06-24T22:22:37+0530] [ALPM] running '35-systemd-update.hook'...
[2026-06-24T22:22:37+0530] [ALPM] running 'dbus-reload.hook'...
[2026-06-24T22:22:37+0530] [ALPM] running 'glib-compile-schemas.hook'...
[2026-06-24T22:22:37+0530] [ALPM] running 'gtk-update-icon-cache.hook'...
[2026-06-24T22:22:38+0530] [ALPM] running 'update-desktop-database.hook'...
[2026-06-24T22:23:39+0530] [PACMAN] Running 'pacman -S virtalbox'
[2026-06-24T22:23:44+0530] [PACMAN] Running 'pacman -S virtualbox'
[2026-06-24T22:24:20+0530] [ALPM] transaction started
[2026-06-24T22:24:20+0530] [ALPM] installed liblzf (3.6-5)
[2026-06-24T22:24:20+0530] [ALPM] installed libtpms (0.10.2-1)
[2026-06-24T22:24:20+0530] [ALPM] installed qt6-scxml (6.11.1-1)
[2026-06-24T22:24:20+0530] [ALPM] installed gumbo-parser (0.13.2-1)
[2026-06-24T22:24:20+0530] [ALPM] installed litehtml0.9 (0.9-2)
[2026-06-24T22:24:20+0530] [ALPM] installed qt6-tools (6.11.1-3)
[2026-06-24T22:24:20+0530] [ALPM] installed sdl12-compat (1.2.68-2)
[2026-06-24T22:24:20+0530] [ALPM] installed virtualbox-host-modules-arch (7.2.10-1)
[2026-06-24T22:24:21+0530] [ALPM] installed virtualbox (7.2.10-3)
[2026-06-24T22:24:21+0530] [ALPM] transaction completed
[2026-06-24T22:24:21+0530] [ALPM] running '20-systemd-sysusers.hook'...
[2026-06-24T22:24:21+0530] [ALPM-SCRIPTLET] Creating group 'vboxusers' with GID 108.
[2026-06-24T22:24:21+0530] [ALPM] running '30-systemd-daemon-reload-system.hook'...
[2026-06-24T22:24:22+0530] [ALPM] running '30-update-mime-database.hook'...
[2026-06-24T22:24:23+0530] [ALPM] running '35-systemd-udev-reload.hook'...
[2026-06-24T22:24:24+0530] [ALPM] running '35-systemd-update.hook'...
[2026-06-24T22:24:24+0530] [ALPM] running '60-depmod.hook'...
[2026-06-24T22:24:27+0530] [ALPM] running '90-mkinitcpio-install.hook'...
[2026-06-24T22:24:28+0530] [ALPM-SCRIPTLET] ==> Building image from preset: /etc/mkinitcpio.d/linux.preset: 'default'
[2026-06-24T22:24:28+0530] [ALPM-SCRIPTLET] ==> Using default configuration file: '/etc/mkinitcpio.conf'
[2026-06-24T22:24:28+0530] [ALPM-SCRIPTLET]   -> -k /boot/vmlinuz-linux -U /boot/EFI/Linux/arch-linux.efi --splash /usr/share/systemd/bootctl/splash-arch.bmp
[2026-06-24T22:24:28+0530] [ALPM-SCRIPTLET] ==> Starting build: '7.0.12-arch1-1'
[2026-06-24T22:24:28+0530] [ALPM-SCRIPTLET]   -> Running build hook: [base]
[2026-06-24T22:24:28+0530] [ALPM-SCRIPTLET]   -> Running build hook: [udev]
[2026-06-24T22:24:29+0530] [ALPM-SCRIPTLET]   -> Running build hook: [autodetect]
[2026-06-24T22:24:29+0530] [ALPM-SCRIPTLET]   -> Running build hook: [microcode]
[2026-06-24T22:24:29+0530] [ALPM-SCRIPTLET]   -> Running build hook: [modconf]
[2026-06-24T22:24:29+0530] [ALPM-SCRIPTLET]   -> Running build hook: [kms]
[2026-06-24T22:24:43+0530] [ALPM-SCRIPTLET]   -> Running build hook: [keyboard]
[2026-06-24T22:24:43+0530] [ALPM-SCRIPTLET]   -> Running build hook: [keymap]
[2026-06-24T22:24:43+0530] [ALPM-SCRIPTLET]   -> Running build hook: [consolefont]
[2026-06-24T22:24:44+0530] [ALPM-SCRIPTLET]   -> Running build hook: [block]
[2026-06-24T22:24:46+0530] [ALPM-SCRIPTLET]   -> Running build hook: [filesystems]
[2026-06-24T22:24:46+0530] [ALPM-SCRIPTLET]   -> Running build hook: [fsck]
[2026-06-24T22:24:46+0530] [ALPM-SCRIPTLET] ==> Generating module dependencies
[2026-06-24T22:24:47+0530] [ALPM-SCRIPTLET] ==> Creating zstd-compressed initcpio image
[2026-06-24T22:24:47+0530] [ALPM-SCRIPTLET]   -> Early uncompressed CPIO image generation successful
[2026-06-24T22:24:48+0530] [ALPM-SCRIPTLET] ==> Initcpio image generation successful
[2026-06-24T22:24:48+0530] [ALPM-SCRIPTLET] ==> Creating unified kernel image: '/boot/EFI/Linux/arch-linux.efi'
[2026-06-24T22:24:49+0530] [ALPM-SCRIPTLET] ==> Unified kernel image generation successful
[2026-06-24T22:24:49+0530] [ALPM] running 'gtk-update-icon-cache.hook'...
[2026-06-24T22:24:50+0530] [ALPM] running 'update-desktop-database.hook'...
[2026-06-24T22:29:00+0530] [PACMAN] Running 'pacman -S virtualbox-host-modules-arch'
[2026-06-24T22:29:01+0530] [ALPM] transaction started
[2026-06-24T22:29:01+0530] [ALPM] reinstalled virtualbox-host-modules-arch (7.2.10-1)
[2026-06-24T22:29:02+0530] [ALPM] transaction completed
[2026-06-24T22:29:02+0530] [ALPM] running '35-systemd-update.hook'...
[2026-06-24T22:29:02+0530] [ALPM] running '60-depmod.hook'...
[2026-06-24T22:29:05+0530] [ALPM] running '90-mkinitcpio-install.hook'...
[2026-06-24T22:29:05+0530] [ALPM-SCRIPTLET] ==> Building image from preset: /etc/mkinitcpio.d/linux.preset: 'default'
[2026-06-24T22:29:05+0530] [ALPM-SCRIPTLET] ==> Using default configuration file: '/etc/mkinitcpio.conf'
[2026-06-24T22:29:05+0530] [ALPM-SCRIPTLET]   -> -k /boot/vmlinuz-linux -U /boot/EFI/Linux/arch-linux.efi --splash /usr/share/systemd/bootctl/splash-arch.bmp
[2026-06-24T22:29:05+0530] [ALPM-SCRIPTLET] ==> Starting build: '7.0.12-arch1-1'
[2026-06-24T22:29:05+0530] [ALPM-SCRIPTLET]   -> Running build hook: [base]
[2026-06-24T22:29:06+0530] [ALPM-SCRIPTLET]   -> Running build hook: [udev]
[2026-06-24T22:29:06+0530] [ALPM-SCRIPTLET]   -> Running build hook: [autodetect]
[2026-06-24T22:29:06+0530] [ALPM-SCRIPTLET]   -> Running build hook: [microcode]
[2026-06-24T22:29:06+0530] [ALPM-SCRIPTLET]   -> Running build hook: [modconf]
[2026-06-24T22:29:06+0530] [ALPM-SCRIPTLET]   -> Running build hook: [kms]
[2026-06-24T22:29:20+0530] [ALPM-SCRIPTLET]   -> Running build hook: [keyboard]
[2026-06-24T22:29:20+0530] [ALPM-SCRIPTLET]   -> Running build hook: [keymap]
[2026-06-24T22:29:20+0530] [ALPM-SCRIPTLET]   -> Running build hook: [consolefont]
[2026-06-24T22:29:20+0530] [ALPM-SCRIPTLET]   -> Running build hook: [block]
[2026-06-24T22:29:23+0530] [ALPM-SCRIPTLET]   -> Running build hook: [filesystems]
[2026-06-24T22:29:23+0530] [ALPM-SCRIPTLET]   -> Running build hook: [fsck]
[2026-06-24T22:29:23+0530] [ALPM-SCRIPTLET] ==> Generating module dependencies
[2026-06-24T22:29:23+0530] [ALPM-SCRIPTLET] ==> Creating zstd-compressed initcpio image
[2026-06-24T22:29:24+0530] [ALPM-SCRIPTLET]   -> Early uncompressed CPIO image generation successful
[2026-06-24T22:29:25+0530] [ALPM-SCRIPTLET] ==> Initcpio image generation successful
[2026-06-24T22:29:25+0530] [ALPM-SCRIPTLET] ==> Creating unified kernel image: '/boot/EFI/Linux/arch-linux.efi'
[2026-06-24T22:29:26+0530] [ALPM-SCRIPTLET] ==> Unified kernel image generation successful
[2026-06-24T23:10:04+0530] [PACMAN] Running 'pacman -S nc'
[2026-06-24T23:10:20+0530] [PACMAN] Running 'pacman -S openbsd-netcat'
[2026-06-24T23:10:22+0530] [ALPM] transaction started
[2026-06-24T23:10:22+0530] [ALPM] installed openbsd-netcat (1.238_1-1)
[2026-06-24T23:10:22+0530] [ALPM] transaction completed
[2026-06-24T23:10:22+0530] [ALPM] running '35-systemd-update.hook'...
